{
  "action": {
    "hacking": {
      "cve": "",
      "notes": "",
      "variety": [
        "Unknown"
      ],
      "vector": [
        "Web application"
      ]
    }
  },
  "actor": {
    "external": {
      "country": [
        "Unknown"
      ],
      "motive": [
        "Unknown"
      ],
      "notes": "",
      "variety": [
        "Unknown"
      ]
    }
  },
  "asset": {
    "assets": [
      {
        "variety": "S - Mail"
      }
    ],
    "hosting": "External",
    "management": "External",
    "notes": ""
  },
  "attribute": {
    "confidentiality": {
      "data": [
        {
          "variety": "Medical"
        },
        {
          "variety": "Personal"
        }
      ],
      "data_disclosure": "Yes",
      "notes": "",
      "state": [
        "Stored unencrypted"
      ]
    },
    "integrity": {
      "notes": "Hackers sent email to patients asking for banking information after compromising the email service.",
      "variety": [
        "Alter behavior",
        "Misrepresentation"
      ]
    }
  },
  "discovery_method": "Unknown",
  "impact": {
    "overall_rating": "Unknown"
  },
  "incident_id": "00CC39F6-D2E0-4FF4-9383-AE3E28922015",
  "notes": "",
  "plus": {
    "analysis_status": "First pass",
    "analyst": "swidup",
    "asset": {
      "total": "No"
    },
    "attribute": {
      "confidentiality": {
        "credit_monitoring": "U",
        "data_abuse": "Y",
        "data_subject": "Patient"
      }
    },
    "created": "2013-04-29T22:13:27Z",
    "f500": "N",
    "master_id": "00CC39F6-D2E0-4FF4-9383-AE3E28922015",
    "timeline": {
      "notification": {
        "day": 26,
        "month": 4,
        "year": 2013
      }
    }
  },
  "reference": "http://www.ico.org.uk/news/latest_news/2013/gp-practice-in-county-armagh-warned-after-email-attack-26042013",
  "schema_version": "1.2.1",
  "security_incident": "Confirmed",
  "source_id": "vcdb",
  "summary": "A GP practice in County Armagh is taking action to improve the way it looks after patients\u2019 information following a breach of the Data Protection Act investigated by the Information Commissioner\u2019s Office (ICO).  The breach was caused when a free web-based email account, used by the Burnett Practice to inform patients of upcoming smear tests appointments, was hacked. The Portadown practice only became aware of the problem in October last year when patients reported receiving strange emails claiming to be from a doctor at the surgery asking them to provide their bank account details. ",
  "timeline": {
    "incident": {
      "year": 2012
    }
  },
  "victim": {
    "country": "GB",
    "employee_count": "Unknown",
    "industry": "6211",
    "notes": "",
    "victim_id": "Unnamed Burnette Medical Practice"
  }
}