{
  "action": {
    "error": {
      "notes": " [through ]",
      "variety": [
        "Disposal error"
      ],
      "vector": [
        "Unknown"
      ]
    }
  },
  "actor": {
    "internal": {
      "motive": [
        "Unknown"
      ],
      "variety": [
        "Unknown"
      ]
    }
  },
  "asset": {
    "assets": [
      {
        "variety": "M - Documents"
      }
    ]
  },
  "attribute": {
    "confidentiality": {
      "data": [
        {
          "variety": "Medical"
        }
      ],
      "data_disclosure": "Yes",
      "notes": "",
      "state": [
        "Stored"
      ]
    }
  },
  "discovery_method": "Ext - unrelated party",
  "impact": {
    "overall_rating": "Unknown"
  },
  "incident_id": "0143B312-F58E-4BA0-B20D-4D048F4AC9A4",
  "notes": "",
  "plus": {
    "analysis_status": "First pass",
    "analyst": "swidup",
    "asset": {
      "total": "No"
    },
    "attribute": {
      "confidentiality": {
        "credit_monitoring": "U",
        "data_abuse": "U",
        "data_subject": "Patient"
      }
    },
    "created": "2013-02-19T23:30:00Z",
    "f500": "N",
    "master_id": "0143B312-F58E-4BA0-B20D-4D048F4AC9A4",
    "timeline": {
      "notification": {
        "day": 12,
        "month": 12,
        "year": 2012
      }
    }
  },
  "reference": "http://www.beckershospitalreview.com/healthcare-information-technology/patient-medical-records-found-in-dumpster-in-florida.html, http://www.fox4now.com/news/local/183093551.html ",
  "schema_version": "1.2.1",
  "security_incident": "Confirmed",
  "source_id": "vcdb",
  "summary": "Hundreds of patient medical records were found in a dumpster in a Fort Myers, Fla., strip mall Dec. 11, according to a Fox 4 News report.  An individual was looking through a dumpster for cardboard boxes to help him move when he stumbled upon what appeared to be patient medical records. He called the local Fox television station, and a reporter called the police.  According to the report, the medical records allegedly belong to Luxor Industries, a physician group in Fort Myers. The medical records had names, addresses, phone numbers and Social Security numbers. Luxor Industries was raided by state agents in July. According to the report, state agents released few details on that raid. ",
  "timeline": {
    "incident": {
      "year": 2012
    }
  },
  "victim": {
    "country": "US",
    "employee_count": "Unknown",
    "industry": "622110",
    "notes": "",
    "state": "FL",
    "victim_id": "Luxor Industries"
  }
}