{
  "action": {
    "physical": {
      "location": [
        "Unknown"
      ],
      "variety": [
        "Theft"
      ],
      "vector": [
        "Unknown"
      ]
    }
  },
  "actor": {
    "external": {
      "country": [
        "Unknown"
      ],
      "motive": [
        "Unknown"
      ],
      "variety": [
        "Unknown"
      ]
    }
  },
  "asset": {
    "assets": [
      {
        "variety": "U - Desktop"
      },
      {
        "variety": "M - Flash drive"
      }
    ]
  },
  "attribute": {
    "availability": {
      "variety": [
        "Loss"
      ]
    },
    "confidentiality": {
      "data": [
        {
          "amount": 756,
          "variety": "Medical"
        }
      ],
      "data_disclosure": "Potentially",
      "data_total": 756
    }
  },
  "discovery_method": "Unknown",
  "impact": {
    "overall_rating": "Unknown"
  },
  "incident_id": "03A640FC-2988-4224-863F-857BC412E624",
  "plus": {
    "analysis_status": "First pass",
    "created": "2013-04-12T22:29:56Z",
    "master_id": "03A640FC-2988-4224-863F-857BC412E624",
    "timeline": {
      "notification": {}
    }
  },
  "schema_version": "1.2.1",
  "security_incident": "Confirmed",
  "source_id": "vcdb",
  "timeline": {
    "discovery": {
      "unit": "Months",
      "value": 4
    },
    "incident": {
      "day": 3,
      "month": 7,
      "year": 2012
    }
  },
  "victim": {
    "country": "US",
    "employee_count": "101 to 1000",
    "industry": "624110",
    "state": "Wa",
    "victim_id": "Lutheran Community Services Northwest"
  }
}