{
  "action": {
    "physical": {
      "location": [
        "Unknown"
      ],
      "variety": [
        "Theft"
      ],
      "vector": [
        "Unknown"
      ]
    }
  },
  "actor": {
    "external": {
      "country": [
        "Unknown"
      ],
      "motive": [
        "Unknown"
      ],
      "variety": [
        "Unknown"
      ]
    }
  },
  "asset": {
    "assets": [
      {
        "variety": "U - Desktop"
      }
    ]
  },
  "attribute": {
    "availability": {
      "variety": [
        "Loss"
      ]
    },
    "confidentiality": {
      "data": [
        {
          "amount": 1749,
          "variety": "Medical"
        }
      ],
      "data_disclosure": "Potentially",
      "data_total": 1749
    }
  },
  "discovery_method": "Unknown",
  "impact": {
    "overall_rating": "Unknown"
  },
  "incident_id": "03ED87DE-E1D8-48E3-9C4E-7FD575E58295",
  "plus": {
    "analysis_status": "First pass",
    "created": "2013-04-12T22:29:56Z",
    "master_id": "03ED87DE-E1D8-48E3-9C4E-7FD575E58295",
    "timeline": {
      "notification": {}
    }
  },
  "schema_version": "1.2.1",
  "security_incident": "Confirmed",
  "source_id": "vcdb",
  "timeline": {
    "discovery": {
      "unit": "Months",
      "value": 2
    },
    "incident": {
      "day": 3,
      "month": 12,
      "year": 2012
    }
  },
  "victim": {
    "country": "US",
    "employee_count": "11 to 100",
    "industry": "621111",
    "state": "Ct",
    "victim_id": "Robbins Eye Center"
  }
}