{
  "action": {
    "error": {
      "notes": "",
      "variety": [
        "Disposal error"
      ],
      "vector": [
        "Unknown"
      ]
    }
  },
  "actor": {
    "partner": {
      "country": [
        "GB"
      ],
      "industry": "000000",
      "motive": [
        "Unknown"
      ],
      "notes": "Partner failed to properly wipe drives"
    }
  },
  "asset": {
    "assets": [
      {
        "variety": "U - Desktop"
      }
    ],
    "notes": ""
  },
  "attribute": {
    "confidentiality": {
      "data": [
        {
          "variety": "Medical"
        }
      ],
      "data_disclosure": "Yes",
      "notes": "",
      "state": [
        "Stored unencrypted"
      ]
    }
  },
  "discovery_method": "Unknown",
  "impact": {
    "loss": [
      {
        "rating": "Unknown",
        "variety": "Asset and fraud"
      },
      {
        "rating": "Unknown",
        "variety": "Brand damage"
      },
      {
        "rating": "Unknown",
        "variety": "Business disruption"
      },
      {
        "rating": "Unknown",
        "variety": "Operating costs"
      },
      {
        "rating": "Unknown",
        "variety": "Legal and regulatory"
      },
      {
        "rating": "Unknown",
        "variety": "Competitive advantage"
      },
      {
        "rating": "Unknown",
        "variety": "Response and recovery"
      }
    ],
    "overall_rating": "Unknown"
  },
  "incident_id": "044D3092-668E-40F5-A923-92F9BD928332",
  "notes": "Contractor hired to dispose of HDD sold them without doing a secure wipe.",
  "plus": {
    "analysis_status": "First pass",
    "analyst": "blackfist",
    "asset": {
      "total": "No"
    },
    "attribute": {
      "confidentiality": {
        "credit_monitoring": "U",
        "data_abuse": "U",
        "data_subject": "Patient"
      }
    },
    "created": "2013-07-17T16:50:52Z",
    "f500": "N",
    "master_id": "044D3092-668E-40F5-A923-92F9BD928332",
    "timeline": {
      "notification": {
        "month": 5,
        "year": 2012
      }
    }
  },
  "reference": "http://news.techworld.com/security/3457470/hospital-fined-200000-after-hard-drive-full-of-patient-data-bought-on-ebay/ (20130717)",
  "schema_version": "1.2.1",
  "security_incident": "Confirmed",
  "source_id": "vcdb",
  "summary": "Hospital fined \u00a3200,000 after hard drive full of patient data bought on eBay",
  "timeline": {
    "compromise": {
      "unit": "NA"
    },
    "containment": {
      "unit": "Unknown"
    },
    "discovery": {
      "unit": "Years"
    },
    "exfiltration": {
      "unit": "NA"
    },
    "incident": {
      "month": 2,
      "year": 2011
    }
  },
  "victim": {
    "country": "GB",
    "employee_count": "Over 100000",
    "industry": "524114",
    "notes": "",
    "victim_id": "UK National Health Service"
  }
}