{
  "action": {
    "misuse": {
      "notes": "",
      "variety": [
        "Privilege abuse"
      ],
      "vector": [
        "LAN access"
      ]
    },
    "social": {
      "notes": "",
      "target": [
        "End-user"
      ],
      "variety": [
        "Bribery"
      ],
      "vector": [
        "In-person"
      ]
    }
  },
  "actor": {
    "external": {
      "country": [
        "US"
      ],
      "motive": [
        "Financial"
      ],
      "notes": "",
      "variety": [
        "Unaffiliated"
      ]
    },
    "internal": {
      "motive": [
        "Financial"
      ],
      "notes": "",
      "variety": [
        "End-user"
      ]
    }
  },
  "asset": {
    "assets": [
      {
        "variety": "S - Database"
      },
      {
        "variety": "P - End-user"
      }
    ],
    "notes": ""
  },
  "attribute": {
    "confidentiality": {
      "data": [
        {
          "amount": 2,
          "variety": "Personal"
        }
      ],
      "data_disclosure": "Yes",
      "data_total": 2,
      "notes": "",
      "state": [
        "Stored"
      ]
    },
    "integrity": {
      "notes": "Fiancee solicitation of hospital clerk constitutes the Integrity loss.",
      "variety": [
        "Alter behavior"
      ]
    }
  },
  "discovery_method": "Unknown",
  "impact": {
    "loss": [
      {
        "rating": "Minor",
        "variety": "Response and recovery"
      }
    ],
    "overall_rating": "Unknown"
  },
  "incident_id": "04F872FE-BAB1-4D31-84DA-BBCCA50FFF78",
  "notes": "",
  "plus": {
    "analysis_status": "First pass",
    "analyst": "Splitler",
    "asset": {
      "total": "No"
    },
    "attribute": {
      "confidentiality": {
        "credit_monitoring": "Y",
        "data_abuse": "Y",
        "data_subject": "Patient"
      }
    },
    "created": "2013-06-04T18:05:31Z",
    "f500": "N",
    "master_id": "04F872FE-BAB1-4D31-84DA-BBCCA50FFF78",
    "timeline": {
      "notification": {
        "day": 16,
        "month": 9,
        "year": 2008
      }
    }
  },
  "reference": "http://hamptonroads.com/2008/09/emergency-room-clerk-pleads-guilty-identity-theft-patient",
  "schema_version": "1.2.1",
  "security_incident": "Confirmed",
  "source_id": "vcdb",
  "summary": "Hospital employee accessed at least 2 patients personal information and provided to external actor in order to commit identity theft and apply for car loans.",
  "timeline": {
    "compromise": {
      "unit": "NA"
    },
    "containment": {
      "unit": "Unknown"
    },
    "discovery": {
      "unit": "Months"
    },
    "exfiltration": {
      "unit": "NA"
    },
    "incident": {
      "month": 10,
      "year": 2007
    }
  },
  "victim": {
    "country": "US",
    "employee_count": "101 to 1000",
    "industry": "622",
    "notes": "",
    "state": "VA",
    "victim_id": "Bon Secours DePaul Medical Center"
  }
}