{
  "action": {
    "error": {
      "variety": [
        "Loss"
      ],
      "vector": [
        "Carelessness"
      ]
    }
  },
  "actor": {
    "partner": {
      "country": [
        "Unknown"
      ],
      "motive": [
        "NA"
      ]
    }
  },
  "asset": {
    "assets": [
      {
        "variety": "M - Disk media"
      }
    ]
  },
  "attribute": {
    "availability": {
      "variety": [
        "Loss"
      ]
    },
    "confidentiality": {
      "data": [
        {
          "amount": 130495,
          "variety": "Medical"
        }
      ],
      "data_disclosure": "Potentially",
      "data_total": 130495
    }
  },
  "discovery_method": "Unknown",
  "impact": {
    "overall_rating": "Unknown"
  },
  "incident_id": "05A40554-4D38-4C88-8F7F-BEF62E0375C6",
  "plus": {
    "analysis_status": "First pass",
    "created": "2013-04-12T22:29:56Z",
    "master_id": "05A40554-4D38-4C88-8F7F-BEF62E0375C6",
    "timeline": {
      "notification": {}
    }
  },
  "schema_version": "1.2.1",
  "security_incident": "Confirmed",
  "source_id": "vcdb",
  "timeline": {
    "discovery": {
      "unit": "Months",
      "value": 4
    },
    "incident": {
      "day": 29,
      "month": 6,
      "year": 2010
    }
  },
  "victim": {
    "country": "US",
    "employee_count": "25001 to 50000",
    "industry": "622110",
    "state": "Ny",
    "victim_id": "Lincoln Medical and Mental Health Center"
  }
}