{
  "action": {
    "hacking": {
      "variety": [
        "Unknown"
      ],
      "vector": [
        "Web application"
      ]
    }
  },
  "actor": {
    "external": {
      "country": [
        "Unknown"
      ],
      "motive": [
        "Financial"
      ],
      "variety": [
        "Unknown"
      ]
    }
  },
  "asset": {
    "assets": [
      {
        "variety": "S - Web application"
      }
    ]
  },
  "attribute": {
    "confidentiality": {
      "data": [
        {
          "variety": "Payment"
        }
      ],
      "data_disclosure": "Yes"
    }
  },
  "discovery_method": "Unknown",
  "incident_id": "05E5ADC8-5CB2-4B74-A895-48EDB2A3C864",
  "plus": {
    "analysis_status": "First pass",
    "created": "2013-09-10T20:13:32Z",
    "master_id": "05E5ADC8-5CB2-4B74-A895-48EDB2A3C864",
    "timeline": {
      "notification": {
        "day": 29,
        "month": 1,
        "year": 2013
      }
    }
  },
  "reference": "http://www.oag.state.md.us/idtheft/Breach%20Notices/itu-227123.pdf",
  "schema_version": "1.2.1",
  "security_incident": "Confirmed",
  "source_id": "vcdb",
  "summary": "A hacker accessed the webserver used to host stethoscope.com on December 3.  The breach was discovered in mid-December during routine server maintenance.  Customer names, addresses, email addresses, and credit card information such as numbers, expiration dates, and security codes may have been exposed.",
  "timeline": {
    "incident": {
      "day": 27,
      "month": 11,
      "year": 2012
    }
  },
  "victim": {
    "country": "US",
    "employee_count": "Unknown",
    "industry": "423450",
    "state": "MA",
    "victim_id": "Stethescope.com"
  }
}