{
  "action": {
    "hacking": {
      "notes": "",
      "variety": [
        "Unknown"
      ],
      "vector": [
        "Web application"
      ]
    }
  },
  "actor": {
    "external": {
      "country": [
        "BZ"
      ],
      "motive": [
        "Ideology"
      ],
      "notes": "Black Angels",
      "variety": [
        "Activist"
      ]
    }
  },
  "asset": {
    "assets": [
      {
        "variety": "S - Web application"
      }
    ]
  },
  "attribute": {
    "integrity": {
      "notes": "",
      "variety": [
        "Modify data",
        "Misappropriation"
      ]
    }
  },
  "discovery_method": "Ext - actor disclosure",
  "impact": {
    "overall_rating": "Unknown"
  },
  "incident_id": "0736F42D-1973-4484-9690-0B454B42907E",
  "notes": "",
  "plus": {
    "analysis_status": "First pass",
    "analyst": "blackfist",
    "created": "2013-09-11T00:28:00Z",
    "f500": "N",
    "issue_id": "164",
    "master_id": "0736F42D-1973-4484-9690-0B454B42907E",
    "timeline": {
      "notification": {
        "day": 9,
        "month": 9,
        "year": 2013
      }
    }
  },
  "reference": "http://news.softpedia.com/news/Two-Websites-of-Turkey-s-Ministry-of-Food-Agriculture-and-Livestock-Hacked-381525.shtml (20130912)",
  "schema_version": "1.2.1",
  "security_incident": "Confirmed",
  "source_id": "vcdb",
  "summary": "A couple of websites of Turkeys Ministry of Food, Agriculture and Livestock have been breached and defaced by a hacker group called Black Angels. ",
  "timeline": {
    "incident": {
      "day": 9,
      "month": 9,
      "year": 2013
    }
  },
  "victim": {
    "country": "TR",
    "employee_count": "Unknown",
    "industry": "9211120",
    "notes": "",
    "victim_id": "Turkey Ministry of Food, Agriculture and Livestock"
  }
}