{
  "action": {
    "physical": {
      "location": [
        "Personal vehicle"
      ],
      "variety": [
        "Theft"
      ],
      "vector": [
        "Unknown"
      ]
    }
  },
  "actor": {
    "external": {
      "country": [
        "Unknown"
      ],
      "motive": [
        "Financial"
      ],
      "variety": [
        "Unaffiliated"
      ]
    }
  },
  "asset": {
    "assets": [
      {
        "variety": "U - Laptop"
      }
    ]
  },
  "attribute": {
    "availability": {
      "variety": [
        "Loss"
      ]
    },
    "confidentiality": {
      "data": [
        {
          "variety": "Credentials"
        },
        {
          "variety": "Personal"
        }
      ],
      "data_disclosure": "Potentially",
      "data_total": 3000,
      "notes": "Name, Address, Social Security Numbers, date of birth, employer",
      "state": [
        "Stored unencrypted"
      ]
    }
  },
  "discovery_method": "Int - reported by user",
  "impact": {
    "overall_rating": "Unknown"
  },
  "incident_id": "09659208-0DB3-40A4-B53A-4DEC15DA2B9B",
  "notes": "",
  "plus": {
    "analysis_status": "First pass",
    "analyst": "abooker",
    "asset": {
      "total": "No"
    },
    "attribute": {
      "confidentiality": {
        "credit_monitoring": "Y",
        "data_abuse": "U",
        "data_subject": "Customer"
      }
    },
    "created": "2013-02-05T05:17:53Z",
    "f500": "N",
    "master_id": "09659208-0DB3-40A4-B53A-4DEC15DA2B9B",
    "timeline": {
      "notification": {
        "day": 8,
        "month": 6,
        "year": 2012
      }
    }
  },
  "reference": "http://oag.ca.gov/ecrime/databreach/reports/sb24-32411 February 4, 2012",
  "schema_version": "1.2.1",
  "security_incident": "Confirmed",
  "source_id": "vcdb",
  "summary": "Employee's personal vehicle was broken into and a company laptop computer, along with other business and personal items were stolen from the employee's car.   ",
  "timeline": {
    "compromise": {
      "unit": "Unknown"
    },
    "containment": {
      "unit": "Unknown"
    },
    "discovery": {
      "unit": "Months"
    },
    "exfiltration": {
      "unit": "Unknown"
    },
    "incident": {
      "year": 2012
    }
  },
  "victim": {
    "country": "US",
    "employee_count": "1001 to 10000",
    "industry": "524113",
    "notes": "Patient information and personal belongins of the employe",
    "revenue": {
      "amount": 1950000000,
      "iso_currency_code": "USD"
    },
    "state": "NE",
    "victim_id": "Ameritas Life Insurance Corp."
  }
}