{
  "action": {
    "physical": {
      "location": [
        "Victim work area"
      ],
      "variety": [
        "Theft"
      ],
      "vector": [
        "Unknown"
      ]
    }
  },
  "actor": {
    "external": {
      "country": [
        "Unknown"
      ],
      "motive": [
        "Financial"
      ],
      "variety": [
        "Unknown"
      ]
    }
  },
  "asset": {
    "assets": [
      {
        "variety": "U - Desktop"
      }
    ]
  },
  "attribute": {
    "availability": {
      "variety": [
        "Loss"
      ]
    },
    "confidentiality": {
      "data": [
        {
          "amount": 8400,
          "variety": "Medical"
        },
        {
          "amount": 5000,
          "variety": "Personal"
        }
      ],
      "data_disclosure": "Potentially",
      "data_total": 8400,
      "notes": "",
      "state": [
        "Stored"
      ]
    }
  },
  "discovery_method": "Int - reported by user",
  "impact": {
    "overall_rating": "Unknown"
  },
  "incident_id": "0A043544-A409-4AF4-B523-A01058883661",
  "notes": "",
  "plus": {
    "analysis_status": "First pass",
    "analyst": "swidup",
    "asset": {
      "total": "No"
    },
    "attribute": {
      "confidentiality": {
        "credit_monitoring": "U",
        "data_abuse": "U",
        "data_subject": "Patient"
      }
    },
    "created": "2013-02-18T23:45:56Z",
    "f500": "U",
    "master_id": "0A043544-A409-4AF4-B523-A01058883661",
    "timeline": {
      "notification": {
        "day": 1,
        "month": 8,
        "year": 2012
      }
    }
  },
  "reference": "http://www.beckershospitalreview.com/healthcare-information-technology/8400-patient-records-are-vulnerable-following-theft-at-nyu-langone-medical-center.html, http://www.scmagazine.com/computer-with-patient-data-stolen-from-nyc-hosptial/article/252618/ ",
  "schema_version": "1.2.1",
  "security_incident": "Confirmed",
  "source_id": "vcdb",
  "summary": "A desktop computer storing personal health information for approximately 8,400 patients was stolen from NYU Langone Medical Center in New York City, according to an SC Magazine report.  The computer was stolen from the faculty group practice office of John Golfinos, MD, the chairman of the department of neurosurgery. According to the report, the patient information includes names, addresses, dates of birth, telephone numbers and insurance and clinical information. About 5,000 of the lost records contained Social Security numbers.  According to the report, the computer was password protected but unencrypted. ",
  "timeline": {
    "incident": {
      "year": 2012
    }
  },
  "victim": {
    "country": "US",
    "employee_count": "1001 to 10000",
    "industry": "622110",
    "notes": "",
    "revenue": {
      "amount": 74200000,
      "iso_currency_code": "USD"
    },
    "state": "NY",
    "victim_id": "NYU Langone Medical Center"
  }
}