{
  "action": {
    "hacking": {
      "notes": "",
      "variety": [
        "Unknown"
      ],
      "vector": [
        "Unknown"
      ]
    }
  },
  "actor": {
    "external": {
      "country": [
        "Unknown"
      ],
      "motive": [
        "Unknown"
      ],
      "variety": [
        "Unaffiliated"
      ]
    }
  },
  "asset": {
    "assets": [
      {
        "variety": "Unknown"
      }
    ]
  },
  "attribute": {
    "confidentiality": {
      "data": [],
      "data_disclosure": "Yes",
      "notes": "The leaked data contains basic server information and some accounts to the sites that have been hacked.",
      "state": [
        "Unknown"
      ]
    }
  },
  "discovery_method": "Unknown",
  "impact": {
    "overall_rating": "Unknown"
  },
  "incident_id": "0A23FCDE-049D-4C34-BA43-2C1F3E0001F1",
  "notes": "Mundo.com provides access to online content and services for all users, facilitating further through its various applications, integrated search solutions for a more comfortable browsing experience and complete. ",
  "plus": {
    "analysis_status": "First pass",
    "analyst": "abooker",
    "asset": {
      "total": "Yes"
    },
    "attribute": {
      "confidentiality": {
        "credit_monitoring": "U",
        "data_abuse": "Y",
        "data_subject": "Customer"
      }
    },
    "created": "2013-02-19T15:29:15Z",
    "f500": "N",
    "master_id": "0A23FCDE-049D-4C34-BA43-2C1F3E0001F1",
    "timeline": {
      "notification": {
        "day": 24,
        "month": 2,
        "year": 2012
      }
    }
  },
  "reference": "http://www.cyberwarnews.info/2012/02/24/venezuelan-public-defender-and-two-other-sites-hacked-by-hacker-claus/ ",
  "schema_version": "1.2.1",
  "security_incident": "Confirmed",
  "source_id": "vcdb",
  "summary": "A person or a group called Hacker Claus has dumped information from three separate websites.  ",
  "timeline": {
    "incident": {
      "year": 2012
    }
  },
  "victim": {
    "country": "PY",
    "employee_count": "Unknown",
    "industry": "519130",
    "notes": "",
    "secondary": {
      "amount": 2,
      "victim_id": [
        "Public Defender of Venezula",
        "Caroni Seguros SA"
      ]
    },
    "victim_id": "Mundo.com"
  }
}