{
  "action": {},
  "actor": {
    "unknown": {}
  },
  "asset": {
    "assets": [
      {
        "variety": "U - POS terminal"
      }
    ],
    "notes": ""
  },
  "attribute": {
    "confidentiality": {
      "data": [
        {
          "variety": "Payment"
        }
      ],
      "data_disclosure": "Yes",
      "notes": "",
      "state": [
        "Unknown"
      ]
    }
  },
  "discovery_method": "Unknown",
  "impact": {
    "overall_rating": "Unknown"
  },
  "incident_id": "0A2DBA6B-6926-47B1-9FBE-A48E154DB67D",
  "notes": "",
  "plus": {
    "analysis_status": "First pass",
    "analyst": "swidup",
    "asset": {
      "total": "No"
    },
    "attribute": {
      "confidentiality": {
        "credit_monitoring": "U",
        "data_abuse": "Y",
        "data_subject": "Customer"
      }
    },
    "created": "2013-08-22T21:48:06Z",
    "f500": "U",
    "master_id": "0A2DBA6B-6926-47B1-9FBE-A48E154DB67D",
    "timeline": {
      "notification": {
        "day": 1,
        "month": 2,
        "year": 2013
      }
    }
  },
  "reference": "http://www.todaysgardencenter.com/article/24985/tips-to-protect-your-computers-from-hackers, http://www.berkshireeagle.com/ci_19784608",
  "schema_version": "1.2.1",
  "security_incident": "Confirmed",
  "source_id": "vcdb",
  "summary": "Ward's Nursery & Garden Center may be one of the businesses at the center of a security breach resulting in fraudulent purchases this month made with dozens of locals' credit and debit cards.  Gregory Ward, co-owner of the South Main Street store, said his company was contacted by a bank regarding the possible security breach, after which Ward's immediately reached out to law enforcement officials.  The exact number of cardholders who've been affected is unknown at this time. But it's believed dozens of customers from various local and national banks had their credit or debit card information stolen and used to make fraudulent purchases around the world. It's possible that hundreds of customers' information was stolen over a two-month period concluding last week. ",
  "timeline": {
    "incident": {
      "year": 2013
    }
  },
  "victim": {
    "country": "US",
    "employee_count": "Unknown",
    "industry": "0000",
    "notes": "",
    "state": "MA",
    "victim_id": "Ward\u2019s Nursery & Garden Center"
  }
}