{
  "action": {
    "physical": {
      "location": [
        "Victim work area"
      ],
      "variety": [
        "Theft"
      ],
      "vector": [
        "Unknown"
      ]
    }
  },
  "actor": {
    "internal": {
      "motive": [
        "Espionage"
      ],
      "variety": [
        "Other"
      ]
    }
  },
  "asset": {
    "assets": [
      {
        "variety": "U - Laptop"
      }
    ]
  },
  "attribute": {
    "availability": {
      "variety": [
        "Loss"
      ]
    },
    "confidentiality": {
      "data": [
        {
          "variety": "Secrets"
        }
      ],
      "data_disclosure": "Yes",
      "notes": "",
      "state": [
        "Stored"
      ]
    }
  },
  "discovery_method": "Unknown",
  "impact": {
    "overall_rating": "Unknown"
  },
  "incident_id": "0A3651A5-BA02-48C3-8E5B-13CA97AC8C9E",
  "notes": "",
  "plus": {
    "analysis_status": "First pass",
    "analyst": "swidup",
    "asset": {
      "total": "No"
    },
    "attribute": {
      "confidentiality": {
        "credit_monitoring": "U",
        "data_abuse": "U",
        "data_subject": "Other"
      }
    },
    "created": "2013-08-22T00:03:46Z",
    "f500": "Y",
    "master_id": "0A3651A5-BA02-48C3-8E5B-13CA97AC8C9E",
    "timeline": {
      "notification": {
        "day": 15,
        "month": 3,
        "year": 2013
      }
    }
  },
  "reference": "http://articles.washingtonpost.com/2013-03-25/world/38006926_1_development-of-military-technologies-information-and-technologies-chinese-citizen",
  "schema_version": "1.2.1",
  "security_incident": "Confirmed",
  "source_id": "vcdb",
  "summary": "Measured in millimeters, the tiny device was designed to allow drones, missiles and rockets to hit targets without satellite guidance. An advanced version was being developed secretly for the U.S. military by a small company and L-3 Communications, a major defense contractor.  On Monday, Sixing Liu, a Chinese citizen who worked at L-3\u2019s space and navigation division, was sentenced in federal court here to five years and 10 months for taking thousands of files about the device, called a disk resonator gyroscope, and other defense systems to China in violation of a U.S. arms embargo.",
  "timeline": {
    "incident": {
      "year": 2013
    }
  },
  "victim": {
    "country": "US",
    "employee_count": "50001 to 100000",
    "industry": "334511",
    "notes": "",
    "state": "NY",
    "victim_id": "L-3 Communications Holdings, Inc."
  }
}