{
  "action": {
    "error": {
      "notes": " [through Email]",
      "variety": [
        "Publishing error"
      ],
      "vector": [
        "Unknown"
      ]
    }
  },
  "actor": {
    "internal": {
      "motive": [
        "NA"
      ],
      "variety": [
        "End-user"
      ]
    }
  },
  "asset": {
    "assets": [
      {
        "variety": "S - File"
      }
    ]
  },
  "attribute": {
    "confidentiality": {
      "data": [
        {
          "variety": "Personal"
        }
      ],
      "data_disclosure": "Yes",
      "data_total": 2500,
      "notes": "",
      "state": [
        "Stored unencrypted"
      ]
    }
  },
  "discovery_method": "Unknown",
  "impact": {
    "overall_rating": "Unknown"
  },
  "incident_id": "0A92A7DA-5C2B-47EC-9253-1D31C71E0044",
  "notes": "They found out about the error a month ago, but no word on when they shared the data.",
  "plus": {
    "analysis_status": "First pass",
    "analyst": "swidup",
    "asset": {
      "total": "No"
    },
    "attribute": {
      "confidentiality": {
        "credit_monitoring": "Y",
        "data_abuse": "U",
        "data_subject": "Customer"
      }
    },
    "created": "2013-02-12T05:15:50Z",
    "f500": "N",
    "master_id": "0A92A7DA-5C2B-47EC-9253-1D31C71E0044",
    "timeline": {
      "notification": {
        "day": 20,
        "month": 1,
        "year": 2012
      }
    }
  },
  "reference": "http://www.stripes.com/veterans-personal-information-accidentally-posted-on-ancestry-com-1.166409",
  "schema_version": "1.2.1",
  "security_incident": "Confirmed",
  "source_id": "vcdb",
  "summary": "More than 2,200 veterans had their personal information accidentally posted on the genealogy website Ancestry.com last year, a move that could potentially expose them to identify theft crimes.  Officials from the Department of Veterans Affairs said all of the veterans affected by the mistake will receive free credit monitoring services to help mitigate any damage. The information posted online included veterans\u2019 names and Social Security numbers, but not any health information.  VA officials supplied the information to Ancestry.com in March 2011 as part of a Freedom of Information Act request by the genealogy site. The records were supposed to only contain information on deceased veterans, but also included more than 2,200 living veterans due to a department error.  Department officials found out about the error just last month.",
  "timeline": {
    "incident": {
      "year": 2011
    }
  },
  "victim": {
    "country": "US",
    "employee_count": "Over 100000",
    "industry": "92314",
    "notes": "",
    "state": "DC",
    "victim_id": "U.S. Department of Veterans Affairs"
  }
}