{
  "action": {
    "hacking": {
      "notes": "",
      "variety": [
        "Unknown"
      ],
      "vector": [
        "Web application"
      ]
    }
  },
  "actor": {
    "external": {
      "country": [
        "Unknown"
      ],
      "motive": [
        "Fun"
      ],
      "variety": [
        "Unaffiliated"
      ]
    }
  },
  "asset": {
    "assets": [
      {
        "variety": "S - Web application"
      }
    ]
  },
  "attribute": {
    "confidentiality": {
      "data": [
        {
          "amount": 26,
          "variety": "Credentials"
        }
      ],
      "data_disclosure": "Yes",
      "data_total": 26,
      "notes": "",
      "state": [
        "Unknown"
      ]
    }
  },
  "discovery_method": "Unknown",
  "impact": {
    "overall_rating": "Unknown"
  },
  "incident_id": "0BB1A8C5-9115-46D9-9138-A28EDEA1150E",
  "notes": "",
  "plus": {
    "analysis_status": "First pass",
    "analyst": "Splitler",
    "asset": {
      "total": "No"
    },
    "attribute": {
      "confidentiality": {
        "credit_monitoring": "U",
        "data_abuse": "Y",
        "data_subject": ""
      }
    },
    "created": "2013-07-02T20:34:03Z",
    "f500": "N",
    "master_id": "0BB1A8C5-9115-46D9-9138-A28EDEA1150E",
    "timeline": {
      "notification": {
        "day": 28,
        "month": 6,
        "year": 2013
      }
    }
  },
  "reference": "http://www.cyberwarnews.info/2013/05/28/interactive-data-hacked-data-leaked-by-teamberserk/",
  "schema_version": "1.2.1",
  "security_incident": "Confirmed",
  "source_id": "vcdb",
  "summary": "Website breach leads to 32 user accounts posted on public site.",
  "timeline": {
    "compromise": {
      "unit": "Unknown"
    },
    "containment": {
      "unit": "Unknown"
    },
    "discovery": {
      "unit": "Unknown"
    },
    "exfiltration": {
      "unit": "Unknown"
    },
    "incident": {
      "month": 6,
      "year": 2013
    }
  },
  "victim": {
    "country": "US",
    "employee_count": "1001 to 10000",
    "industry": "51919",
    "notes": "",
    "revenue": {
      "amount": 880000000,
      "iso_currency_code": "USD"
    },
    "state": "MA",
    "victim_id": "Interactive Data"
  }
}