{
  "action": {
    "error": {
      "notes": "Unknown",
      "variety": [
        "Loss"
      ],
      "vector": [
        "Carelessness"
      ]
    }
  },
  "actor": {
    "internal": {
      "motive": [
        "NA"
      ],
      "variety": [
        "Unknown"
      ]
    }
  },
  "asset": {
    "assets": [
      {
        "variety": "Unknown"
      }
    ]
  },
  "attribute": {
    "availability": {
      "variety": [
        "Loss"
      ]
    },
    "confidentiality": {
      "data": [
        {
          "variety": "Medical"
        }
      ],
      "data_disclosure": "Yes",
      "data_total": 9565,
      "notes": "",
      "state": [
        "Stored"
      ]
    }
  },
  "discovery_method": "Int - reported by user",
  "impact": {
    "overall_rating": "Unknown"
  },
  "incident_id": "0BC9393D-B583-4F5D-BB1D-D3B686415716",
  "notes": "",
  "plus": {
    "analysis_status": "First pass",
    "analyst": "abooker",
    "asset": {
      "total": "No"
    },
    "attribute": {
      "confidentiality": {
        "credit_monitoring": "U",
        "data_abuse": "U",
        "data_subject": "Patient"
      }
    },
    "created": "2013-03-26T13:37:50Z",
    "f500": "N",
    "master_id": "0BC9393D-B583-4F5D-BB1D-D3B686415716",
    "timeline": {
      "notification": {
        "day": 10,
        "month": 5,
        "year": 2012
      }
    }
  },
  "reference": "http://www.efortresses.com/2012-Breaches-Matrix.htm ",
  "schema_version": "1.2.1",
  "security_incident": "Confirmed",
  "source_id": "vcdb",
  "summary": "Lost device contained data on patients. ",
  "timeline": {
    "incident": {
      "year": 2012
    }
  },
  "victim": {
    "country": "US",
    "employee_count": "1 to 10",
    "industry": "621999",
    "notes": "",
    "revenue": {
      "amount": 1000000,
      "iso_currency_code": "USD"
    },
    "state": "AZ",
    "victim_id": "Neighborhood Christian Clinic"
  }
}