{
  "action": {
    "hacking": {
      "variety": [
        "Brute force"
      ],
      "vector": [
        "Unknown"
      ]
    }
  },
  "actor": {
    "external": {
      "country": [
        "Unknown"
      ],
      "motive": [
        "Financial"
      ],
      "variety": [
        "Unknown"
      ]
    }
  },
  "asset": {
    "assets": [
      {
        "variety": "S - Other"
      }
    ]
  },
  "attribute": {
    "confidentiality": {
      "data": [
        {
          "variety": "Personal"
        }
      ],
      "data_disclosure": "Yes"
    }
  },
  "discovery_method": "Unknown",
  "incident_id": "0C10BBB7-8D71-4CA9-BCF2-64EAA4F6E035",
  "plus": {
    "analysis_status": "First pass",
    "created": "2013-09-10T20:13:32Z",
    "master_id": "0C10BBB7-8D71-4CA9-BCF2-64EAA4F6E035",
    "timeline": {
      "notification": {
        "day": 23,
        "month": 4,
        "year": 2013
      }
    }
  },
  "reference": "https://www.privacyrights.org/node/56546",
  "schema_version": "1.2.1",
  "security_incident": "Confirmed",
  "source_id": "vcdb",
  "summary": "A man guessed or accessed the Social Security numbers of Macy's customers in order to exploit a Macy's policy for the purpose of making fraudulent purchases.  He then created ID cards that paired his picture with the customer information.  A Macy's policy allowed him to charge purchases to the accounts of other Macy's customers by using their Social Security numbers and showing his falsified IDs.  ",
  "timeline": {
    "incident": {
      "year": 2013
    }
  },
  "victim": {
    "country": "US",
    "employee_count": "101 to 1000",
    "industry": "45211",
    "state": "IN",
    "victim_id": "Macy's"
  }
}