{
  "action": {
    "error": {
      "notes": "Other",
      "variety": [
        "Loss"
      ],
      "vector": [
        "Carelessness"
      ]
    }
  },
  "actor": {
    "internal": {
      "motive": [
        "NA"
      ],
      "variety": [
        "End-user"
      ]
    }
  },
  "asset": {
    "assets": [
      {
        "variety": "U - Media"
      }
    ]
  },
  "attribute": {
    "availability": {
      "variety": [
        "Loss"
      ]
    },
    "confidentiality": {
      "data": [
        {
          "amount": 370000,
          "variety": "Personal"
        }
      ],
      "data_disclosure": "Potentially",
      "data_total": 370000,
      "notes": "",
      "state": [
        "Stored unencrypted"
      ]
    }
  },
  "discovery_method": "Unknown",
  "impact": {
    "overall_rating": "Unknown"
  },
  "incident_id": "0C61E63E-E02E-4A58-BC86-19E8F3577A18",
  "notes": "",
  "plus": {
    "analysis_status": "First pass",
    "analyst": "swidup",
    "asset": {
      "total": "No"
    },
    "attribute": {
      "confidentiality": {
        "credit_monitoring": "U",
        "data_abuse": "U",
        "data_subject": "Customer"
      }
    },
    "created": "2013-07-01T23:51:37Z",
    "f500": "N",
    "master_id": "0C61E63E-E02E-4A58-BC86-19E8F3577A18",
    "timeline": {
      "notification": {
        "year": 2008
      }
    }
  },
  "reference": "http://blog.annualcreditreport.co.uk/tagged/data-loss",
  "schema_version": "1.2.1",
  "security_incident": "Confirmed",
  "source_id": "vcdb",
  "summary": "A computer disc containing the personal and financial details of 370,000 HSBC Life Insurance customers has been lost  The data breach included dates of birth and value of the cover and policy numbers of HSBC Life Insurance customers.  The unencrypted computer disc was sent by normal post from HSBC Life Insurance\u2019s premises in Southampton.  The data on the disc was only password protected and was only sent via courier due to HSBC Life Insurance\u2019s electronic link to its reinsurance firm in Folkestone not working.",
  "timeline": {
    "incident": {
      "year": 2008
    }
  },
  "victim": {
    "country": "GB",
    "employee_count": "101 to 1000",
    "industry": "63110000",
    "notes": "",
    "revenue": {
      "amount": 1690000000,
      "iso_currency_code": "USD"
    },
    "victim_id": "HSBC Life Insurance"
  }
}