{
  "action": {
    "misuse": {
      "variety": [
        "Privilege abuse"
      ],
      "vector": [
        "LAN access"
      ]
    }
  },
  "actor": {
    "internal": {
      "motive": [
        "Financial"
      ],
      "variety": [
        "End-user"
      ]
    }
  },
  "asset": {
    "assets": [
      {
        "variety": "S - Database"
      }
    ]
  },
  "attribute": {
    "confidentiality": {
      "data": [
        {
          "variety": "Personal"
        }
      ],
      "data_disclosure": "Yes"
    }
  },
  "discovery_method": "Unknown",
  "incident_id": "0CAB3086-4F4A-408F-B2C5-B71035FA0EE9",
  "plus": {
    "analysis_status": "First pass",
    "created": "2013-09-10T20:13:32Z",
    "master_id": "0CAB3086-4F4A-408F-B2C5-B71035FA0EE9",
    "timeline": {
      "notification": {
        "day": 8,
        "month": 1,
        "year": 2013
      }
    }
  },
  "reference": "https://www.privacyrights.org/data-breach-asc?title=Texas+Department+of+Health",
  "schema_version": "1.2.1",
  "security_incident": "Confirmed",
  "source_id": "vcdb",
  "summary": "A dishonest employee was arrested on suspicion of misusing client information to apply for credit cards.  The dishonest employee was able to pose as different clients seeking immunizations and other services.  She was charged with fraudulent use or possession of identifying information and credit card abuse.  UPDATE (01/31/2013): The employee was working for the Northeast Texas Public Health district when she was arrested for stealing the identities of patients at a clinic in Mount Pleasant.  She began working in the Texas Department of State Health Services clinic in 2008.",
  "timeline": {
    "incident": {
      "day": 8,
      "month": 1,
      "year": 2013
    }
  },
  "victim": {
    "country": "US",
    "employee_count": "10001 to 25000",
    "industry": "923130",
    "state": "TX",
    "victim_id": "Texas Department of Health and Human Services"
  }
}