{
  "action": {
    "hacking": {
      "notes": "",
      "variety": [
        "Unknown"
      ],
      "vector": [
        "Web application"
      ]
    }
  },
  "actor": {
    "external": {
      "country": [
        "Unknown"
      ],
      "motive": [
        "Financial"
      ],
      "variety": [
        "Unknown"
      ]
    }
  },
  "asset": {
    "assets": [
      {
        "variety": "S - Web application"
      }
    ]
  },
  "attribute": {
    "confidentiality": {
      "data": [
        {
          "amount": 12456,
          "variety": "Payment"
        },
        {
          "amount": 12456,
          "variety": "Personal"
        }
      ],
      "data_disclosure": "Yes",
      "data_total": 12456,
      "notes": "",
      "state": [
        "Stored"
      ]
    }
  },
  "discovery_method": "Unknown",
  "impact": {
    "overall_rating": "Unknown"
  },
  "incident_id": "0D17DCFC-5501-4755-A817-20E977C2309F",
  "notes": "",
  "plus": {
    "analysis_status": "First pass",
    "analyst": "swidup",
    "asset": {
      "total": "No"
    },
    "attribute": {
      "confidentiality": {
        "credit_monitoring": "Y",
        "data_abuse": "U",
        "data_subject": "Customer"
      }
    },
    "created": "2013-02-13T03:36:40Z",
    "f500": "N",
    "master_id": "0D17DCFC-5501-4755-A817-20E977C2309F",
    "timeline": {
      "notification": {
        "day": 13,
        "month": 1,
        "year": 2012
      }
    }
  },
  "reference": "http://doj.nh.gov/consumer/security-breaches/documents/tm-acquisition-trymedia-20120113.pdf ",
  "schema_version": "1.2.1",
  "security_incident": "Confirmed",
  "source_id": "vcdb",
  "summary": "we recently became aware of the criminal intrusion into our ActiveStore web based storefront application that processes purchases of digital games made by customers on our partners websites. We believe the intruders may have been able to intercept and obtain cardholder names, credit card account numbers, expiration dates, security codes, postal addresses, e-mail addresses and passwords to optional user accounts on ActiveStore storefronts from a portion of transactions flowing through ActiveStore application between November 4, 2011 and December 2 20. We plan to notify approximately 12,456 of our users about the intrusion.",
  "timeline": {
    "incident": {
      "year": 2012
    }
  },
  "victim": {
    "country": "US",
    "employee_count": "1 to 10",
    "industry": "561499",
    "notes": "The victim company in this case is listed as TM Acquisition LLC, doing business as Trymedia, and a subsidiary of RealNetworks, Inc.",
    "revenue": {
      "amount": 100000,
      "iso_currency_code": "USD"
    },
    "state": "CA",
    "victim_id": "Trymedia/RealNetworks"
  }
}