{
  "action": {
    "malware": {
      "variety": [
        "Unknown"
      ],
      "vector": [
        "Unknown"
      ]
    }
  },
  "actor": {
    "external": {
      "country": [
        "Unknown"
      ],
      "motive": [
        "Unknown"
      ],
      "variety": [
        "Unknown"
      ]
    }
  },
  "asset": {
    "assets": [
      {
        "variety": "U - Desktop"
      }
    ]
  },
  "attribute": {
    "confidentiality": {
      "data": [
        {
          "variety": "Personal"
        },
        {
          "variety": "Medical"
        }
      ],
      "data_disclosure": "Potentially",
      "data_total": 43000
    },
    "integrity": {
      "variety": [
        "Unknown",
        "Software installation"
      ]
    }
  },
  "discovery_method": "Unknown",
  "incident_id": "0D5E384A-4547-4E1B-BB77-37BC7FE33395",
  "plus": {
    "analysis_status": "First pass",
    "created": "2013-09-10T20:13:32Z",
    "master_id": "0D5E384A-4547-4E1B-BB77-37BC7FE33395",
    "timeline": {
      "notification": {
        "day": 14,
        "month": 2,
        "year": 2013
      }
    }
  },
  "reference": "http://www.spamfighter.com/News-18210-Froedtert-Hospital-Declares-Computer-Security-Hack.htm, http://www.databreachwatch.org/devil-in-the-details-data-breach-notification-letter/, http://www.todaystmj4.com/news/local/191609761.html, http://www.froedterthealth.org/computer-security-incident, http://www.todaystmj4.com/news/local/191181111.html",
  "schema_version": "1.2.1",
  "security_incident": "Confirmed",
  "source_id": "vcdb",
  "summary": "A computer virus was discovered on an employee's work computer account on December 14, 2012.  One of the files on the employee's computer contained patient names, addresses, telephone numbers, dates of birth, medical record numbers, names of health insurers, diagnoses, and other clinical information.  A limited number of Social Security numbers were also exposed.",
  "timeline": {
    "incident": {
      "day": 14,
      "month": 2,
      "year": 2013
    }
  },
  "victim": {
    "country": "US",
    "employee_count": "Unknown",
    "industry": "622110",
    "state": "WI",
    "victim_id": "Froedtert Health"
  }
}