{
  "action": {
    "error": {
      "notes": "",
      "variety": [
        "Loss"
      ],
      "vector": [
        "Unknown"
      ]
    }
  },
  "actor": {
    "internal": {
      "motive": [
        "NA"
      ],
      "notes": "",
      "variety": [
        "Unknown"
      ]
    }
  },
  "asset": {
    "assets": [
      {
        "variety": "M - Tapes"
      }
    ],
    "notes": ""
  },
  "attribute": {
    "availability": {
      "duration": {
        "unit": "Never"
      },
      "notes": "",
      "variety": [
        "Loss"
      ]
    },
    "confidentiality": {
      "data": [
        {
          "amount": 315000,
          "variety": "Medical"
        },
        {
          "amount": 315000,
          "variety": "Personal"
        }
      ],
      "data_disclosure": "Yes",
      "data_total": 315000,
      "notes": "",
      "state": [
        "Stored unencrypted"
      ]
    }
  },
  "discovery_method": "Other",
  "impact": {
    "loss": [
      {
        "rating": "Unknown",
        "variety": "Legal and regulatory"
      },
      {
        "rating": "Minor",
        "variety": "Response and recovery"
      }
    ],
    "overall_rating": "Unknown"
  },
  "incident_id": "0D83B7CE-01C6-4EED-96F8-49AE12532696",
  "notes": "",
  "plus": {
    "analysis_status": "First pass",
    "analyst": "Splitler",
    "asset": {
      "total": "No"
    },
    "attribute": {
      "confidentiality": {
        "credit_monitoring": "Y",
        "data_abuse": "N",
        "data_subject": "Patient"
      }
    },
    "created": "2013-03-25T13:45:19Z",
    "f500": "N",
    "master_id": "0D83B7CE-01C6-4EED-96F8-49AE12532696",
    "timeline": {
      "notification": {
        "day": 20,
        "month": 4,
        "year": 2012
      }
    }
  },
  "reference": "http://www.nbcnews.com/id/47120697/#.UVBP0oVLGws http://news.emory.edu/stories/2012/04/ehc_missing_data/campus.html",
  "schema_version": "1.2.1",
  "security_incident": "Confirmed",
  "source_id": "vcdb",
  "summary": "Backup tapes discovered missing from storage location. Data resident on tapes included SSN and medical information on 315K patients. ",
  "timeline": {
    "compromise": {
      "unit": "NA"
    },
    "containment": {
      "unit": "Unknown"
    },
    "discovery": {
      "unit": "Months"
    },
    "exfiltration": {
      "unit": "NA"
    },
    "incident": {
      "month": 2,
      "year": 2012
    }
  },
  "victim": {
    "country": "US",
    "employee_count": "1001 to 10000",
    "industry": "622",
    "notes": "",
    "revenue": {
      "amount": 770500000,
      "iso_currency_code": "USD"
    },
    "state": "GA",
    "victim_id": "Emory HealthCare"
  }
}