{
  "action": {
    "hacking": {
      "notes": "",
      "variety": [
        "Unknown"
      ],
      "vector": [
        "Web application"
      ]
    }
  },
  "actor": {
    "external": {
      "country": [
        "Unknown"
      ],
      "motive": [
        "Financial"
      ],
      "variety": [
        "Unknown"
      ]
    }
  },
  "asset": {
    "assets": [
      {
        "variety": "S - Web application"
      }
    ]
  },
  "attribute": {
    "confidentiality": {
      "data": [
        {
          "variety": "Personal"
        }
      ],
      "data_disclosure": "Yes",
      "notes": "",
      "state": [
        "Stored"
      ]
    }
  },
  "discovery_method": "Unknown",
  "impact": {
    "overall_rating": "Unknown"
  },
  "incident_id": "0D9FD8EC-52DE-4A41-9495-D1CB42964D41",
  "notes": "",
  "plus": {
    "analysis_status": "First pass",
    "analyst": "swidup",
    "asset": {
      "total": "No"
    },
    "attribute": {
      "confidentiality": {
        "credit_monitoring": "Y",
        "data_abuse": "U",
        "data_subject": "Partner"
      }
    },
    "created": "2013-02-11T05:08:40Z",
    "f500": "N",
    "master_id": "0D9FD8EC-52DE-4A41-9495-D1CB42964D41",
    "timeline": {
      "notification": {
        "day": 13,
        "month": 12,
        "year": 2012
      }
    }
  },
  "reference": "http://www.atg.state.vt.us/issues/consumer-protection/privacy-and-Data-Security/documents-and-resources5/delaval-inc-security-breach-notice-ltr-to-consumer.php ",
  "schema_version": "1.2.1",
  "security_incident": "Confirmed",
  "source_id": "vcdb",
  "summary": "Fidelity, our retirement program administrator, detected some unusual activity related to a small number of company employees retirement accounts. Based upon that unusual activity, we were able to conclude that unauthorized access to the personal information of all company employees with Fidelity accounts may have occurred. The personal information that may have been obtained includes name, phone and e-mail addresses, social security numbers and account balances, employment status and employee number.",
  "timeline": {
    "incident": {
      "year": 2012
    }
  },
  "victim": {
    "country": "US",
    "employee_count": "101 to 1000",
    "industry": "423820",
    "notes": "",
    "revenue": {
      "amount": 48900000,
      "iso_currency_code": "USD"
    },
    "state": "MO",
    "victim_id": "DeLaval, Inc."
  }
}