{
  "action": {
    "misuse": {
      "notes": "",
      "variety": [
        "Knowledge abuse",
        "Privilege abuse",
        "Data mishandling"
      ],
      "vector": [
        "Physical access",
        "LAN access"
      ]
    }
  },
  "actor": {
    "internal": {
      "motive": [
        "Financial"
      ],
      "notes": "",
      "variety": [
        "End-user"
      ]
    }
  },
  "asset": {
    "assets": [
      {
        "variety": "S - Database"
      }
    ],
    "notes": ""
  },
  "attribute": {
    "confidentiality": {
      "data": [
        {
          "amount": 86,
          "variety": "Personal"
        }
      ],
      "data_disclosure": "Yes",
      "data_total": 86,
      "notes": "",
      "state": [
        "Stored"
      ]
    }
  },
  "discovery_method": "Unknown",
  "impact": {
    "overall_rating": "Unknown"
  },
  "incident_id": "0E8BD2DA-233B-435F-AF46-14281EB04F74",
  "notes": "",
  "plus": {
    "analysis_status": "First pass",
    "analyst": "swidup",
    "asset": {
      "total": "No"
    },
    "attribute": {
      "confidentiality": {
        "credit_monitoring": "U",
        "data_abuse": "Y",
        "data_subject": "Patient"
      }
    },
    "created": "2013-02-19T18:51:13Z",
    "f500": "N",
    "master_id": "0E8BD2DA-233B-435F-AF46-14281EB04F74",
    "timeline": {
      "notification": {
        "day": 6,
        "month": 8,
        "year": 2012
      }
    }
  },
  "reference": "http://www.beckershospitalreview.com/healthcare-information-technology/palm-beach-health-department-employee-steals-patient-names-social-security-numbers.html ",
  "schema_version": "1.2.1",
  "security_incident": "Confirmed",
  "source_id": "vcdb",
  "summary": "The Palm Beach County (Fla.) Health Department issued a public notice that at least 86 patients of its health centers may have had confidential information in their medical records disclosed to an unauthorized source.  The breach occurred when an employee created a client list containing names and Social Security numbers for 86 patients and attempted to mail the list, according to the release. Law enforcement was able to confiscate the list in May, and further investigation showed that the names were used for fraudulent activity. According to the release, the document did not contain bank account, credit card or other personal information.  According to the release, the employee has been removed from access to any and all health department information. ",
  "timeline": {
    "incident": {
      "year": 2012
    }
  },
  "victim": {
    "country": "US",
    "employee_count": "101 to 1000",
    "industry": "923120",
    "notes": "",
    "state": "FL",
    "victim_id": "Palm Beach County Health Department"
  }
}