{
  "action": {
    "error": {
      "variety": [
        "Loss"
      ],
      "vector": [
        "Carelessness"
      ]
    }
  },
  "actor": {
    "internal": {
      "motive": [
        "NA"
      ],
      "variety": [
        "Unknown"
      ]
    }
  },
  "asset": {
    "assets": [
      {
        "variety": "M - Documents"
      }
    ]
  },
  "attribute": {
    "availability": {
      "variety": [
        "Loss"
      ]
    },
    "confidentiality": {
      "data": [
        {
          "amount": 1102,
          "variety": "Medical"
        }
      ],
      "data_disclosure": "Potentially",
      "data_total": 1102
    }
  },
  "discovery_method": "Unknown",
  "impact": {
    "overall_rating": "Unknown"
  },
  "incident_id": "0F16E3BB-8BED-474F-8541-6405B4C2B86E",
  "plus": {
    "analysis_status": "First pass",
    "created": "2013-04-12T22:29:56Z",
    "master_id": "0F16E3BB-8BED-474F-8541-6405B4C2B86E",
    "timeline": {
      "notification": {}
    }
  },
  "schema_version": "1.2.1",
  "security_incident": "Confirmed",
  "source_id": "vcdb",
  "timeline": {
    "discovery": {
      "unit": "Months",
      "value": 4
    },
    "incident": {
      "day": 3,
      "month": 7,
      "year": 2012
    }
  },
  "victim": {
    "country": "US",
    "employee_count": "Unknown",
    "industry": "621491",
    "state": "Tn",
    "victim_id": "Volunteer State Health Plan, Inc."
  }
}