{
  "action": {
    "error": {
      "notes": "Victim work area",
      "variety": [
        "Loss"
      ],
      "vector": [
        "Carelessness"
      ]
    }
  },
  "actor": {
    "internal": {
      "motive": [
        "Unknown"
      ],
      "variety": [
        "Unknown"
      ]
    }
  },
  "asset": {
    "assets": [
      {
        "variety": "M - Documents"
      }
    ]
  },
  "attribute": {
    "availability": {
      "variety": [
        "Loss"
      ]
    },
    "confidentiality": {
      "data": [
        {
          "amount": 2600,
          "variety": "Medical"
        },
        {
          "amount": 2600,
          "variety": "Personal"
        }
      ],
      "data_disclosure": "Potentially",
      "data_total": 2600,
      "notes": "",
      "state": [
        "Stored unencrypted"
      ]
    }
  },
  "discovery_method": "Unknown",
  "impact": {
    "overall_rating": "Unknown"
  },
  "incident_id": "0F176622-7F44-4A0C-BC90-09E2D88E25DD",
  "notes": "",
  "plus": {
    "analysis_status": "First pass",
    "analyst": "swidup",
    "asset": {
      "total": "No"
    },
    "attribute": {
      "confidentiality": {
        "credit_monitoring": "U",
        "data_abuse": "U",
        "data_subject": "Patient"
      }
    },
    "created": "2013-06-06T17:42:28Z",
    "f500": "N",
    "master_id": "0F176622-7F44-4A0C-BC90-09E2D88E25DD",
    "timeline": {
      "notification": {
        "day": 22,
        "month": 3,
        "year": 2013
      }
    }
  },
  "reference": "http://healthitsecurity.com/2013/03/25/utah-health-clinic-sends-patient-data-breach-notifications/, http://www.sltrib.com/sltrib/news/56048214-78/records-clinic-medical-breach.html.csp",
  "schema_version": "1.2.1",
  "security_incident": "Confirmed",
  "source_id": "vcdb",
  "summary": "The Granger Medical Clinic, a West Valley City, Utah-based clinic, fears there has been a potential patient data breach after 2,600 medical appointment records from 2012 that were supposed to be shredded went missing on Jan. 22. The clinic sent out patient notification letters on Friday, as HIPAA mandates that an organization alert affected patients within 60 days of the breach.",
  "timeline": {
    "incident": {
      "day": 22,
      "month": 1,
      "year": 2013
    }
  },
  "victim": {
    "country": "US",
    "employee_count": "101 to 1000",
    "industry": "621111",
    "notes": "",
    "revenue": {
      "amount": 20400000,
      "iso_currency_code": "USD"
    },
    "state": "UT",
    "victim_id": "Granger Medical Clinic"
  }
}