{
  "action": {
    "physical": {
      "location": [
        "Unknown"
      ],
      "variety": [
        "Theft"
      ],
      "vector": [
        "Unknown"
      ]
    }
  },
  "actor": {
    "external": {
      "country": [
        "Unknown"
      ],
      "motive": [
        "Unknown"
      ],
      "variety": [
        "Unknown"
      ]
    }
  },
  "asset": {
    "assets": [
      {
        "amount": 1,
        "variety": "U - Laptop"
      },
      {
        "amount": 3,
        "variety": "U - Desktop"
      },
      {
        "amount": 1,
        "variety": "M - Disk drive"
      }
    ]
  },
  "attribute": {
    "availability": {
      "variety": [
        "Loss"
      ]
    },
    "confidentiality": {
      "data": [
        {
          "amount": 4328,
          "variety": "Medical"
        }
      ],
      "data_disclosure": "Potentially",
      "data_total": 4328
    }
  },
  "discovery_method": "Unknown",
  "impact": {
    "overall_rating": "Unknown"
  },
  "incident_id": "0F416FB2-5998-4FF1-959C-BA20E6582B7E",
  "plus": {
    "analysis_status": "First pass",
    "created": "2013-04-12T22:29:56Z",
    "master_id": "0F416FB2-5998-4FF1-959C-BA20E6582B7E",
    "timeline": {
      "notification": {}
    }
  },
  "schema_version": "1.2.1",
  "security_incident": "Confirmed",
  "source_id": "vcdb",
  "timeline": {
    "discovery": {
      "unit": "Months",
      "value": 2
    },
    "incident": {
      "day": 1,
      "month": 9,
      "year": 2010
    }
  },
  "victim": {
    "country": "US",
    "employee_count": "1 to 10",
    "industry": "621111",
    "state": "Or",
    "victim_id": "Eastmoreland Surgical Clinic"
  }
}