{
  "action": {
    "hacking": {
      "notes": "",
      "variety": [
        "Unknown"
      ],
      "vector": [
        "Web application"
      ]
    }
  },
  "actor": {
    "external": {
      "country": [
        "Unknown"
      ],
      "motive": [
        "Ideology"
      ],
      "variety": [
        "Activist"
      ]
    }
  },
  "asset": {
    "assets": [
      {
        "variety": "S - Database"
      }
    ]
  },
  "attribute": {
    "confidentiality": {
      "data": [
        {
          "variety": "Internal"
        },
        {
          "variety": "Unknown"
        }
      ],
      "data_disclosure": "Potentially",
      "notes": "Articles states that the hackers have released documents and data of the victims. ",
      "state": [
        "Unknown"
      ]
    }
  },
  "discovery_method": "Unknown",
  "impact": {
    "overall_rating": "Unknown"
  },
  "incident_id": "10567C90-A00F-473C-A312-CCE52CE23400",
  "notes": "",
  "plus": {
    "analysis_status": "First pass",
    "analyst": "abooker",
    "asset": {
      "total": "Yes"
    },
    "attribute": {
      "confidentiality": {
        "credit_monitoring": "U",
        "data_abuse": "U",
        "data_subject": "Other"
      }
    },
    "created": "2013-02-19T16:13:29Z",
    "f500": "N",
    "master_id": "10567C90-A00F-473C-A312-CCE52CE23400",
    "timeline": {
      "notification": {
        "day": 4,
        "month": 5,
        "year": 2012
      }
    }
  },
  "reference": "http://geinvestigations.com/blog/2012/05/page/2/ ",
  "schema_version": "1.2.1",
  "security_incident": "Confirmed",
  "source_id": "vcdb",
  "summary": "NASA, Air Force and Harvard Computers Hacked by a group known as \u2018The Unknowns\u2019",
  "timeline": {
    "incident": {
      "year": 2012
    }
  },
  "victim": {
    "country": "US",
    "employee_count": "10001 to 25000",
    "industry": "927110",
    "notes": "",
    "secondary": {
      "amount": 6,
      "victim_id": [
        "US Air Force",
        "French Ministry of Defense",
        "European Space Agency",
        "Bahrain Ministry of Defense",
        "Thai Royal Navy",
        "Harvard University\u2019s School of Public Health"
      ]
    },
    "state": "DC",
    "victim_id": "NASA Interagency Advanced Power Group"
  }
}