{
  "action": {
    "physical": {
      "location": [
        "Personal vehicle"
      ],
      "variety": [
        "Theft"
      ],
      "vector": [
        "Unknown"
      ]
    }
  },
  "actor": {
    "external": {
      "country": [
        "Unknown"
      ],
      "motive": [
        "Financial"
      ],
      "variety": [
        "Unknown"
      ]
    }
  },
  "asset": {
    "assets": [
      {
        "variety": "M - Documents"
      }
    ]
  },
  "attribute": {
    "availability": {
      "duration": {
        "unit": "Weeks"
      },
      "notes": "",
      "variety": [
        "Loss"
      ]
    },
    "confidentiality": {
      "data": [
        {
          "amount": 2,
          "variety": "Medical"
        }
      ],
      "data_disclosure": "Yes",
      "data_total": 2,
      "notes": "",
      "state": [
        "Stored unencrypted"
      ]
    }
  },
  "discovery_method": "Unknown",
  "impact": {
    "overall_rating": "Unknown"
  },
  "incident_id": "105E4B67-AC51-439D-9FEC-C0AC85F7DFA8",
  "notes": "",
  "plus": {
    "analysis_status": "First pass",
    "analyst": "swidup",
    "asset": {
      "total": "No"
    },
    "attribute": {
      "confidentiality": {
        "credit_monitoring": "U",
        "data_abuse": "U",
        "data_subject": "Patient"
      }
    },
    "created": "2013-04-29T21:50:43Z",
    "f500": "N",
    "master_id": "105E4B67-AC51-439D-9FEC-C0AC85F7DFA8",
    "timeline": {
      "notification": {
        "day": 25,
        "month": 4,
        "year": 2013
      }
    }
  },
  "reference": "http://www.phiprivacy.net/?p=12470",
  "schema_version": "1.2.1",
  "security_incident": "Confirmed",
  "source_id": "vcdb",
  "summary": "On April 16, 2013, a briefcase was stolen from another employee\u2019s vehicle and the briefcase contained information on two patients. The briefcase has since been recovered and the patient information remained intact.  The two patients were advised of the incident.",
  "timeline": {
    "incident": {
      "day": 16,
      "month": 4,
      "year": 2013
    }
  },
  "victim": {
    "country": "AU",
    "employee_count": "11 to 100",
    "industry": "621111",
    "notes": "",
    "victim_id": "Eastern Health Authority"
  }
}