{
  "action": {
    "hacking": {
      "notes": "",
      "variety": [
        "Unknown"
      ],
      "vector": [
        "Unknown"
      ]
    }
  },
  "actor": {
    "external": {
      "country": [
        "Unknown"
      ],
      "motive": [
        "Unknown"
      ],
      "variety": [
        "Unknown"
      ]
    }
  },
  "asset": {
    "assets": [
      {
        "variety": "Unknown"
      }
    ]
  },
  "attribute": {
    "confidentiality": {
      "data": [
        {
          "variety": "Personal"
        }
      ],
      "data_disclosure": "Yes",
      "data_total": 12,
      "notes": "The leaked information included names and usernames, with encrypted and decrypted passwords that where put on the Internet.  ",
      "state": [
        "Stored encrypted"
      ]
    }
  },
  "discovery_method": "Unknown",
  "impact": {
    "overall_rating": "Unknown"
  },
  "incident_id": "1061E9DC-9CDE-4579-9B46-133F7AC65C7A",
  "notes": "",
  "plus": {
    "analysis_status": "First pass",
    "analyst": "abooker",
    "asset": {
      "total": "No"
    },
    "attribute": {
      "confidentiality": {
        "credit_monitoring": "U",
        "data_abuse": "U",
        "data_subject": "Customer"
      }
    },
    "created": "2013-02-19T03:20:21Z",
    "f500": "N",
    "master_id": "1061E9DC-9CDE-4579-9B46-133F7AC65C7A",
    "timeline": {
      "notification": {
        "day": 3,
        "month": 1,
        "year": 2012
      }
    }
  },
  "reference": "http://www.efortresses.com/2012-Breaches-Matrix.htm ",
  "schema_version": "1.2.1",
  "security_incident": "Confirmed",
  "source_id": "vcdb",
  "summary": "Names and usernames, with encrypted and decrypted passwords dumped on the web",
  "timeline": {
    "incident": {
      "year": 2012
    }
  },
  "victim": {
    "country": "GB",
    "employee_count": "1 to 10",
    "industry": "523991",
    "notes": "",
    "revenue": {
      "amount": 232000,
      "iso_currency_code": "USD"
    },
    "victim_id": "Moodie Report"
  }
}