{
  "action": {
    "misuse": {
      "notes": "",
      "variety": [
        "Knowledge abuse"
      ],
      "vector": [
        "Physical access"
      ]
    }
  },
  "actor": {
    "internal": {
      "motive": [
        "Unknown"
      ],
      "notes": "",
      "variety": [
        "End-user"
      ]
    }
  },
  "asset": {
    "assets": [
      {
        "variety": "M - Documents"
      }
    ],
    "notes": ""
  },
  "attribute": {
    "confidentiality": {
      "data": [],
      "data_disclosure": "Yes",
      "data_total": 1,
      "notes": "Court judgement",
      "state": [
        "Stored unencrypted"
      ]
    }
  },
  "discovery_method": "Unknown",
  "impact": {
    "overall_rating": "Unknown"
  },
  "incident_id": "106E8369-75D3-49D3-A059-1EDA77F2F4B1",
  "notes": "",
  "plus": {
    "analysis_status": "First pass",
    "analyst": "swidup",
    "asset": {
      "total": "No"
    },
    "attribute": {
      "confidentiality": {
        "credit_monitoring": "U",
        "data_abuse": "U",
        "data_subject": "Other"
      }
    },
    "created": "2013-06-25T21:51:52Z",
    "f500": "N",
    "master_id": "106E8369-75D3-49D3-A059-1EDA77F2F4B1",
    "timeline": {
      "notification": {
        "day": 24,
        "month": 6,
        "year": 2013
      }
    }
  },
  "reference": "http://www.lawgazette.co.uk/news/solicitors-warned-following-breach-confidentiality",
  "schema_version": "1.2.1",
  "security_incident": "Confirmed",
  "source_id": "vcdb",
  "summary": "Lawyer discloses contents of draft judgement that was subject to embargo before the judgement is formally handed down.  The disclosure included his client, the family, the police, and the media.",
  "timeline": {
    "incident": {
      "year": 2013
    }
  },
  "victim": {
    "country": "GB",
    "employee_count": "Unknown",
    "industry": "92211",
    "notes": "",
    "victim_id": "United Kingdom Court of Appeals"
  }
}