{
  "action": {
    "hacking": {
      "variety": [
        "Unknown"
      ],
      "vector": [
        "Unknown"
      ]
    }
  },
  "actor": {
    "external": {
      "country": [
        "Unknown"
      ],
      "motive": [
        "Financial"
      ],
      "variety": [
        "Unknown"
      ]
    }
  },
  "asset": {
    "assets": [
      {
        "variety": "S - Other"
      }
    ]
  },
  "attribute": {
    "confidentiality": {
      "data": [
        {
          "variety": "Payment"
        }
      ],
      "data_disclosure": "Yes"
    }
  },
  "discovery_method": "Unknown",
  "incident_id": "1077349A-787F-4B3B-8C30-4CB2A68F291F",
  "plus": {
    "analysis_status": "First pass",
    "created": "2013-09-10T20:13:32Z",
    "master_id": "1077349A-787F-4B3B-8C30-4CB2A68F291F",
    "timeline": {
      "notification": {
        "day": 12,
        "month": 1,
        "year": 2013
      }
    }
  },
  "reference": "http://hospitalitytechnology.edgl.com/news/Zaxby-s-IDs-Data-Security-Breach84214, http://www.northfulton.com/Articles-CRIME-c-2013-01-22-197070.114126-sub24323.114126-Security-breach-at-dozens-of-Zaxbys-stores.html, http://resource.onlinetech.com/zaxbys-breach-pci-data-breach-caused-by-compromised-hard-drives/, http://www.zaxbys.com/zaxbys_news/newz_releases/newz_item/13-01-11/ZAXBY_S_LOCATIONS_IDENTIFY_DATA_SECURITY_BREACH.aspx, https://dataprivacyinformation.com/index_2.html",
  "schema_version": "1.2.1",
  "security_incident": "Confirmed",
  "source_id": "vcdb",
  "summary": "Over 108 Zaxby's restaurants experienced a breach related to customer credit and debit cards.  A number of people experienced credit card fraud and an investigation led to Zaxby's as a common point of purchase.  Suspicious files were found on Zaxby's system during the subsequent investigation.  ",
  "timeline": {
    "incident": {
      "year": 2013
    }
  },
  "victim": {
    "country": "US",
    "employee_count": "11 to 100",
    "industry": "722511",
    "state": "GA",
    "victim_id": "Zaxby's"
  }
}