{
  "action": {
    "hacking": {
      "variety": [
        "Unknown"
      ],
      "vector": [
        "Unknown"
      ]
    }
  },
  "actor": {
    "internal": {
      "motive": [
        "Financial"
      ],
      "variety": [
        "Unknown"
      ]
    }
  },
  "asset": {
    "assets": [
      {
        "variety": "S - Other"
      }
    ]
  },
  "attribute": {
    "confidentiality": {
      "data": [
        {
          "variety": "Personal"
        },
        {
          "variety": "Bank"
        }
      ],
      "data_disclosure": "Yes",
      "data_total": 110000
    }
  },
  "discovery_method": "Unknown",
  "incident_id": "108239ED-F224-44FF-B7C1-FC0A2FE79E82",
  "plus": {
    "analysis_status": "First pass",
    "created": "2013-09-10T20:13:32Z",
    "master_id": "108239ED-F224-44FF-B7C1-FC0A2FE79E82",
    "timeline": {
      "notification": {
        "day": 20,
        "month": 2,
        "year": 2013
      }
    }
  },
  "reference": "https://www.privacyrights.org/node/55972",
  "schema_version": "1.2.1",
  "security_incident": "Confirmed",
  "source_id": "vcdb",
  "summary": "Central Hudson learned of a cyber attack that occurred over President's Day weekend.  Customers were notified the day after the holiday and encouraged to monitor their bank accounts and credit reports.  Customer banking information and other personal information may have been accessed during the attack.",
  "timeline": {
    "incident": {
      "month": 2,
      "year": 2013
    }
  },
  "victim": {
    "country": "US",
    "employee_count": "101 to 1000",
    "industry": "221118",
    "state": "NY",
    "victim_id": "Central Hudson Gas & Electric"
  }
}