{
  "action": {
    "hacking": {
      "notes": "",
      "variety": [
        "SQLi"
      ],
      "vector": [
        "Web application"
      ]
    }
  },
  "actor": {
    "external": {
      "country": [
        "Unknown"
      ],
      "motive": [
        "Ideology"
      ],
      "variety": [
        "Unaffiliated"
      ]
    }
  },
  "asset": {
    "assets": [
      {
        "variety": "S - Web application"
      }
    ]
  },
  "attribute": {
    "confidentiality": {
      "data": [
        {
          "amount": 1,
          "variety": "Credentials"
        }
      ],
      "data_disclosure": "Yes",
      "data_total": 1,
      "notes": "",
      "state": [
        "Stored unencrypted"
      ]
    },
    "integrity": {
      "notes": "SQLi",
      "variety": [
        "Misappropriation"
      ]
    }
  },
  "discovery_method": "Unknown",
  "impact": {
    "overall_rating": "Unknown"
  },
  "incident_id": "109CF61D-8B84-4C30-8D0F-AF5951C08459",
  "notes": "",
  "plus": {
    "analysis_status": "First pass",
    "analyst": "Splitler",
    "asset": {
      "total": "No"
    },
    "attribute": {
      "confidentiality": {
        "credit_monitoring": "U",
        "data_abuse": "Y",
        "data_subject": ""
      }
    },
    "created": "2013-07-09T13:45:14Z",
    "f500": "N",
    "master_id": "109CF61D-8B84-4C30-8D0F-AF5951C08459",
    "timeline": {
      "notification": {
        "day": 28,
        "month": 5,
        "year": 2013
      }
    }
  },
  "reference": "http://www.theintelligencer.com/local_news/article_a717e6fc-cf90-11e2-a095-001a4bcf887a.html",
  "schema_version": "1.2.1",
  "security_incident": "Confirmed",
  "source_id": "vcdb",
  "summary": "Website of UK company that sells used military vehicles compromised via SQL injection and sensitive data posted to public site.",
  "timeline": {
    "compromise": {
      "unit": "Unknown"
    },
    "containment": {
      "unit": "Unknown"
    },
    "discovery": {
      "unit": "Unknown"
    },
    "exfiltration": {
      "unit": "Unknown"
    },
    "incident": {
      "month": 5,
      "year": 2013
    }
  },
  "victim": {
    "country": "GB",
    "employee_count": "Unknown",
    "industry": "441",
    "notes": "",
    "victim_id": "EX ARMY UK"
  }
}