{
  "action": {
    "error": {
      "notes": "",
      "variety": [
        "Misdelivery"
      ],
      "vector": [
        "Random error"
      ]
    }
  },
  "actor": {
    "partner": {
      "country": [
        "DE"
      ],
      "industry": "334510",
      "motive": [
        "NA"
      ],
      "notes": ""
    }
  },
  "asset": {
    "assets": [
      {
        "variety": "M - Documents"
      }
    ],
    "notes": ""
  },
  "attribute": {
    "confidentiality": {
      "data": [
        {
          "amount": 8330,
          "variety": "Medical"
        }
      ],
      "data_disclosure": "Yes",
      "data_total": 8330,
      "notes": "",
      "state": [
        "Stored unencrypted"
      ]
    }
  },
  "discovery_method": "Unknown",
  "impact": {
    "loss": [
      {
        "rating": "Unknown",
        "variety": "Asset and fraud"
      },
      {
        "rating": "Unknown",
        "variety": "Brand damage"
      },
      {
        "rating": "Unknown",
        "variety": "Business disruption"
      },
      {
        "rating": "Unknown",
        "variety": "Operating costs"
      },
      {
        "rating": "Unknown",
        "variety": "Legal and regulatory"
      },
      {
        "rating": "Unknown",
        "variety": "Competitive advantage"
      },
      {
        "rating": "Unknown",
        "variety": "Response and recovery"
      }
    ],
    "overall_rating": "Unknown"
  },
  "incident_id": "10C7DEA9-39EB-40FD-A3B1-121B3AFA3777",
  "notes": "",
  "plus": {
    "analysis_status": "First pass",
    "analyst": "blackfist",
    "asset": {
      "total": "No"
    },
    "attribute": {
      "confidentiality": {
        "credit_monitoring": "U",
        "data_abuse": "U",
        "data_subject": "Patient"
      }
    },
    "created": "2013-05-24T21:09:24Z",
    "f500": "N",
    "master_id": "10C7DEA9-39EB-40FD-A3B1-121B3AFA3777",
    "timeline": {
      "notification": {
        "day": 15,
        "month": 5,
        "year": 2013
      }
    }
  },
  "reference": "http://www.lsuhscshreveport.edu/Uploads/Public/Documents/billingissuesiemens.pdf (20130524)",
  "schema_version": "1.2.1",
  "security_incident": "Confirmed",
  "source_id": "vcdb",
  "summary": "Computer error resulted in patients being mailed bills for other customers exposing patient health information.",
  "timeline": {
    "compromise": {
      "unit": "NA"
    },
    "containment": {
      "unit": "NA"
    },
    "discovery": {
      "unit": "Days"
    },
    "exfiltration": {
      "unit": "NA"
    },
    "incident": {
      "day": 11,
      "month": 3,
      "year": 2013
    }
  },
  "victim": {
    "country": "US",
    "employee_count": "11 to 100",
    "industry": "541219",
    "notes": "",
    "state": "LA",
    "victim_id": "Louisiana State University System"
  }
}