{
  "action": {
    "error": {
      "notes": "",
      "variety": [
        "Misconfiguration"
      ],
      "vector": [
        "Unknown"
      ]
    }
  },
  "actor": {
    "partner": {
      "country": [
        "US"
      ],
      "industry": "524113",
      "motive": [
        "NA"
      ],
      "notes": ""
    }
  },
  "asset": {
    "assets": [
      {
        "variety": "S - File"
      }
    ],
    "hosting": "External",
    "management": "External",
    "notes": ""
  },
  "attribute": {
    "confidentiality": {
      "data": [
        {
          "variety": "Personal"
        }
      ],
      "data_disclosure": "Yes",
      "notes": "",
      "state": [
        "Transmitted unencrypted"
      ]
    }
  },
  "discovery_method": "Unknown",
  "impact": {
    "overall_rating": "Unknown"
  },
  "incident_id": "10F2CD0B-3DC2-46BC-92B9-D449244FE9C9",
  "notes": "National Financial Services, a Fidelity Investments Company is the partner.",
  "plus": {
    "analysis_status": "First pass",
    "analyst": "swidup",
    "asset": {
      "total": "No"
    },
    "attribute": {
      "confidentiality": {
        "credit_monitoring": "Y",
        "data_abuse": "U",
        "data_subject": "Partner"
      }
    },
    "created": "2013-02-08T06:03:02Z",
    "f500": "Y",
    "master_id": "10F2CD0B-3DC2-46BC-92B9-D449244FE9C9",
    "timeline": {
      "notification": {
        "day": 13,
        "month": 4,
        "year": 2012
      }
    }
  },
  "reference": "http://doj.nh.gov/consumer/security-breaches/documents/national-financial-20120413.pdf ",
  "schema_version": "1.2.1",
  "security_incident": "Confirmed",
  "source_id": "vcdb",
  "summary": "Partner misdirected electronic file to another client.  Exposed data includes client name, address, SSN/Tax ID Number, account number, username, holdings, balances and historical account level data.  ",
  "timeline": {
    "incident": {
      "year": 2012
    }
  },
  "victim": {
    "country": "US",
    "employee_count": "1001 to 10000",
    "industry": "524113",
    "notes": "",
    "revenue": {
      "amount": 19690000000,
      "iso_currency_code": "USD"
    },
    "state": "MA",
    "victim_id": "Massachusetts Mutual Life Insurance"
  }
}