{
  "action": {
    "physical": {
      "location": [
        "Unknown"
      ],
      "variety": [
        "Theft"
      ],
      "vector": [
        "Unknown"
      ]
    }
  },
  "actor": {
    "external": {
      "country": [
        "Unknown"
      ],
      "motive": [
        "Unknown"
      ],
      "variety": [
        "Unknown"
      ]
    }
  },
  "asset": {
    "assets": [
      {
        "variety": "U - Desktop"
      }
    ]
  },
  "attribute": {
    "availability": {
      "variety": [
        "Loss"
      ]
    },
    "confidentiality": {
      "data": [
        {
          "amount": 611,
          "variety": "Medical"
        }
      ],
      "data_disclosure": "Potentially",
      "data_total": 611
    }
  },
  "discovery_method": "Unknown",
  "impact": {
    "overall_rating": "Unknown"
  },
  "incident_id": "1110840D-DA8A-4E67-8E61-9E9D57D754CE",
  "plus": {
    "analysis_status": "First pass",
    "created": "2013-04-12T22:29:56Z",
    "master_id": "1110840D-DA8A-4E67-8E61-9E9D57D754CE"
  },
  "schema_version": "1.2.1",
  "security_incident": "Confirmed",
  "source_id": "vcdb",
  "timeline": {
    "discovery": {
      "unit": "Unknown"
    },
    "incident": {
      "day": 22,
      "month": 11,
      "year": 2010
    }
  },
  "victim": {
    "country": "US",
    "employee_count": "11 to 100",
    "industry": "621112",
    "state": "Ne",
    "victim_id": "University of Nebraska Medical Center"
  }
}