{
  "action": {
    "physical": {
      "location": [
        "Victim grounds"
      ],
      "variety": [
        "Tampering"
      ],
      "vector": [
        "Unknown"
      ]
    }
  },
  "actor": {
    "external": {
      "country": [
        "Unknown"
      ],
      "motive": [
        "Financial"
      ],
      "variety": [
        "Unknown"
      ]
    }
  },
  "asset": {
    "assets": [
      {
        "variety": "T - ATM"
      }
    ]
  },
  "attribute": {
    "confidentiality": {
      "data": [
        {
          "variety": "Payment"
        }
      ],
      "data_disclosure": "Yes",
      "notes": "Total number of compromised payment cards not provided.",
      "state": [
        "Processed"
      ]
    },
    "integrity": {
      "notes": "",
      "variety": [
        "Hardware tampering"
      ]
    }
  },
  "discovery_method": "Unknown",
  "impact": {
    "overall_rating": "Unknown"
  },
  "incident_id": "111FED48-FD37-4576-ACA5-3A25F2203185",
  "notes": "",
  "plus": {
    "analysis_status": "First pass",
    "analyst": "Splitler",
    "asset": {
      "total": "No"
    },
    "attribute": {
      "confidentiality": {
        "credit_monitoring": "U",
        "data_abuse": "Y",
        "data_subject": ""
      }
    },
    "created": "2013-08-07T18:47:50Z",
    "f500": "N",
    "master_id": "111FED48-FD37-4576-ACA5-3A25F2203185",
    "timeline": {
      "notification": {
        "day": 2,
        "month": 7,
        "year": 2013
      }
    }
  },
  "reference": "http://www.wickedlocal.com/wellesley/news/x1580222223/Wellesley-bank-targeted-by-fraud",
  "schema_version": "1.2.1",
  "security_incident": "Confirmed",
  "source_id": "vcdb",
  "summary": "Bank branch was victim of an ATM skimming attack. Not much information provided in news article.",
  "timeline": {
    "compromise": {
      "unit": "Seconds"
    },
    "containment": {
      "unit": "Unknown"
    },
    "discovery": {
      "unit": "Unknown"
    },
    "exfiltration": {
      "unit": "Minutes"
    },
    "incident": {
      "day": 22,
      "month": 6,
      "year": 2013
    }
  },
  "victim": {
    "country": "US",
    "employee_count": "10001 to 25000",
    "industry": "55111",
    "notes": "",
    "revenue": {
      "amount": 5900000000,
      "iso_currency_code": "USD"
    },
    "state": "MA",
    "victim_id": "RBS Citizens Financial Group"
  }
}