{
  "action": {},
  "actor": {
    "unknown": {}
  },
  "asset": {
    "assets": [
      {
        "variety": "M - Documents"
      }
    ]
  },
  "attribute": {
    "confidentiality": {
      "data": [
        {
          "amount": 660,
          "variety": "Medical"
        }
      ],
      "data_disclosure": "Potentially",
      "data_total": 660
    }
  },
  "discovery_method": "Unknown",
  "impact": {
    "overall_rating": "Unknown"
  },
  "incident_id": "11544B18-1A8E-4CF2-9389-38A5DC70E45D",
  "plus": {
    "analysis_status": "First pass",
    "created": "2013-04-12T22:29:56Z",
    "master_id": "11544B18-1A8E-4CF2-9389-38A5DC70E45D",
    "timeline": {
      "notification": {}
    }
  },
  "schema_version": "1.2.1",
  "security_incident": "Confirmed",
  "source_id": "vcdb",
  "timeline": {
    "discovery": {
      "unit": "Months",
      "value": 2
    },
    "incident": {
      "day": 29,
      "month": 4,
      "year": 2010
    }
  },
  "victim": {
    "country": "US",
    "employee_count": "101 to 1000",
    "industry": "622110",
    "state": "Ne",
    "victim_id": "Beatrice Community Hospital and Health Center"
  }
}