{
  "action": {
    "error": {
      "variety": [
        "Loss"
      ],
      "vector": [
        "Carelessness"
      ]
    }
  },
  "actor": {
    "internal": {
      "motive": [
        "NA"
      ],
      "variety": [
        "Unknown"
      ]
    }
  },
  "asset": {
    "assets": [
      {
        "variety": "M - Flash drive"
      }
    ]
  },
  "attribute": {
    "availability": {
      "variety": [
        "Loss"
      ]
    },
    "confidentiality": {
      "data": [
        {
          "amount": 3800,
          "variety": "Medical"
        }
      ],
      "data_disclosure": "Potentially",
      "data_total": 3800
    }
  },
  "discovery_method": "Unknown",
  "impact": {
    "overall_rating": "Unknown"
  },
  "incident_id": "11B440A7-D2F0-43B4-865F-25D4517BBF41",
  "plus": {
    "analysis_status": "First pass",
    "created": "2013-04-12T22:29:56Z",
    "master_id": "11B440A7-D2F0-43B4-865F-25D4517BBF41",
    "timeline": {
      "notification": {}
    }
  },
  "schema_version": "1.2.1",
  "security_incident": "Confirmed",
  "source_id": "vcdb",
  "timeline": {
    "discovery": {
      "unit": "Months",
      "value": 4
    },
    "incident": {
      "day": 22,
      "month": 2,
      "year": 2010
    }
  },
  "victim": {
    "country": "US",
    "employee_count": "1001 to 10000",
    "industry": "622310",
    "state": "Tx",
    "victim_id": "Children's Medical Center of Dallas"
  }
}