{
  "action": {
    "hacking": {
      "cve": "",
      "notes": "",
      "variety": [
        "Use of stolen creds"
      ],
      "vector": [
        "VPN",
        "Web application"
      ]
    },
    "social": {
      "notes": "",
      "target": [
        "End-user"
      ],
      "variety": [
        "Phishing"
      ],
      "vector": [
        "Email"
      ]
    }
  },
  "actor": {
    "external": {
      "country": [
        "SY"
      ],
      "motive": [
        "Ideology"
      ],
      "notes": "Syrian Electronic Army",
      "variety": [
        "Activist"
      ]
    }
  },
  "asset": {
    "assets": [
      {
        "variety": "S - Web application"
      },
      {
        "variety": "P - End-user"
      }
    ],
    "notes": ""
  },
  "attribute": {
    "confidentiality": {
      "data": [
        {
          "amount": 1,
          "variety": "Credentials"
        }
      ],
      "data_disclosure": "Yes",
      "data_total": 1,
      "notes": "",
      "state": [
        "Transmitted unencrypted"
      ]
    },
    "integrity": {
      "notes": "",
      "variety": [
        "Modify configuration",
        "Alter behavior"
      ]
    }
  },
  "discovery_method": "Unknown",
  "impact": {
    "loss": [
      {
        "rating": "Minor",
        "variety": "Asset and fraud"
      },
      {
        "rating": "Minor",
        "variety": "Brand damage"
      },
      {
        "rating": "Minor",
        "variety": "Business disruption"
      },
      {
        "rating": "Minor",
        "variety": "Operating costs"
      },
      {
        "rating": "Minor",
        "variety": "Legal and regulatory"
      },
      {
        "rating": "Minor",
        "variety": "Competitive advantage"
      },
      {
        "rating": "Minor",
        "variety": "Response and recovery"
      }
    ],
    "overall_rating": "Unknown"
  },
  "incident_id": "11BB0DBF-F2BB-46AC-9C06-237F51D05874",
  "notes": "",
  "plus": {
    "analysis_status": "First pass",
    "analyst": "blackfist",
    "asset": {
      "total": "No"
    },
    "attribute": {
      "confidentiality": {
        "credit_monitoring": "N",
        "data_abuse": "Y",
        "data_subject": "Partner"
      }
    },
    "created": "2013-08-22T14:16:50Z",
    "f500": "U",
    "master_id": "11BB0DBF-F2BB-46AC-9C06-237F51D05874",
    "timeline": {
      "notification": {
        "day": 15,
        "month": 8,
        "year": 2013
      }
    }
  },
  "reference": "http://www.outbrain.com/blog/2013/08/additional-details-on-outbrain-phishing-attack.html (20130822)",
  "schema_version": "1.2.1",
  "security_incident": "Confirmed",
  "source_id": "vcdb",
  "summary": "On August, 14th, Outbrain\u2019s widget configuration tools were compromised by a phishing attack performed by the Syrian Electronic Army.",
  "timeline": {
    "compromise": {
      "unit": "Hours"
    },
    "containment": {
      "unit": "Hours"
    },
    "discovery": {
      "unit": "Hours"
    },
    "exfiltration": {
      "unit": "Hours"
    },
    "incident": {
      "day": 14,
      "month": 8,
      "year": 2013
    }
  },
  "victim": {
    "country": "US",
    "employee_count": "Unknown",
    "industry": "0000",
    "notes": "",
    "state": "NY",
    "victim_id": "Outbrain Inc."
  }
}