{
  "action": {
    "physical": {
      "location": [
        "Personal vehicle"
      ],
      "variety": [
        "Theft"
      ],
      "vector": [
        "Unknown"
      ]
    }
  },
  "actor": {
    "external": {
      "country": [
        "Unknown"
      ],
      "motive": [
        "Financial"
      ],
      "variety": [
        "Unknown"
      ]
    }
  },
  "asset": {
    "assets": [
      {
        "variety": "U - Laptop"
      }
    ]
  },
  "attribute": {
    "availability": {
      "variety": [
        "Loss"
      ]
    },
    "confidentiality": {
      "data": [
        {
          "amount": 6,
          "variety": "Personal"
        }
      ],
      "data_disclosure": "Potentially",
      "data_total": 6,
      "notes": "We know of 6 victims in NH.  There are probably more victims from other states.",
      "state": [
        "Stored unencrypted"
      ]
    }
  },
  "discovery_method": "Int - reported by user",
  "impact": {
    "loss": [
      {
        "rating": "Unknown",
        "variety": "Asset and fraud"
      },
      {
        "rating": "Unknown",
        "variety": "Brand damage"
      },
      {
        "rating": "Unknown",
        "variety": "Business disruption"
      },
      {
        "rating": "Unknown",
        "variety": "Operating costs"
      },
      {
        "rating": "Unknown",
        "variety": "Legal and regulatory"
      },
      {
        "rating": "Unknown",
        "variety": "Competitive advantage"
      },
      {
        "rating": "Unknown",
        "variety": "Response and recovery"
      }
    ],
    "overall_rating": "Unknown"
  },
  "incident_id": "1241FEA7-1D28-41C4-A0F4-6DCCDD2EDEB4",
  "notes": "",
  "plus": {
    "analysis_status": "First pass",
    "analyst": "blackfist",
    "asset": {
      "total": "No"
    },
    "attribute": {
      "confidentiality": {
        "credit_monitoring": "Y",
        "data_abuse": "U",
        "data_subject": "Partner"
      }
    },
    "created": "2013-02-12T20:20:07Z",
    "f500": "U",
    "master_id": "1241FEA7-1D28-41C4-A0F4-6DCCDD2EDEB4",
    "timeline": {
      "notification": {
        "day": 2,
        "month": 5,
        "year": 2012
      }
    }
  },
  "reference": "http://doj.nh.gov/consumer/security-breaches/documents/bimbo-bakeries-20120502.pdf (20130212)",
  "schema_version": "1.2.1",
  "security_incident": "Confirmed",
  "source_id": "vcdb",
  "summary": "Laptop stolen from employee car contained non-public personnel information.",
  "timeline": {
    "compromise": {
      "unit": "NA"
    },
    "containment": {
      "unit": "NA"
    },
    "discovery": {
      "unit": "Days"
    },
    "exfiltration": {
      "unit": "NA"
    },
    "incident": {
      "day": 13,
      "month": 4,
      "year": 2012
    }
  },
  "victim": {
    "country": "US",
    "employee_count": "25001 to 50000",
    "industry": "31181",
    "notes": "",
    "revenue": {
      "amount": 3000000000,
      "iso_currency_code": "USD"
    },
    "state": "PA",
    "victim_id": "Bimbo Bakeries"
  }
}