{
  "action": {
    "misuse": {
      "variety": [
        "Unknown"
      ],
      "vector": [
        "Unknown"
      ]
    }
  },
  "actor": {
    "partner": {
      "country": [
        "Unknown"
      ],
      "motive": [
        "Financial"
      ]
    }
  },
  "asset": {
    "assets": [
      {
        "variety": "S - Database"
      }
    ]
  },
  "attribute": {
    "confidentiality": {
      "data": [
        {
          "variety": "Personal"
        }
      ],
      "data_disclosure": "Yes",
      "data_total": 6000
    }
  },
  "discovery_method": "Unknown",
  "incident_id": "124DD87B-C61E-4C74-BDF4-4A4DE0220D15",
  "plus": {
    "analysis_status": "First pass",
    "created": "2013-09-10T20:13:32Z",
    "master_id": "124DD87B-C61E-4C74-BDF4-4A4DE0220D15",
    "timeline": {
      "notification": {
        "day": 9,
        "month": 4,
        "year": 2013
      }
    }
  },
  "reference": "http://www.hhs.gov/ocr/privacy/hipaa/administrative/breachnotificationrule/breachtool.html",
  "schema_version": "1.2.1",
  "security_incident": "Confirmed",
  "source_id": "vcdb",
  "summary": "A Connextions employee used Social Security numbers from a number of other organizations for criminal activity.  At least four members of Anthem Blue Cross and Blue Shield were affected by the criminal activity.  The breach was reported on HHS as affecting 4,814 patients, but more were affected.",
  "timeline": {
    "incident": {
      "year": 2012
    }
  },
  "victim": {
    "country": "US",
    "employee_count": "1001 to 10000",
    "industry": "519190",
    "secondary": {
      "amount": 3,
      "victim_id": [
        "Anthem Blue Cross Blue Shield of Indiana",
        "Anthem Blue Cross Blue Shield of Ohio",
        "Empire Blue Cross Blue Shield of Indiana"
      ]
    },
    "state": "FL",
    "victim_id": "Connextions"
  }
}