{
  "action": {
    "hacking": {
      "notes": "",
      "variety": [
        "DoS"
      ],
      "vector": [
        "Web application"
      ]
    }
  },
  "actor": {
    "external": {
      "country": [
        "GB"
      ],
      "motive": [
        "Fun"
      ],
      "notes": "Lewys Martin of Kent",
      "variety": [
        "Unaffiliated"
      ]
    }
  },
  "asset": {
    "assets": [
      {
        "variety": "S - Web application"
      }
    ]
  },
  "attribute": {
    "availability": {
      "duration": {
        "unit": "Unknown"
      },
      "notes": "",
      "variety": [
        "Interruption"
      ]
    }
  },
  "discovery_method": "Unknown",
  "impact": {
    "overall_rating": "Unknown"
  },
  "incident_id": "12509819-4B66-456D-B7C0-B934A1E95923",
  "notes": "",
  "plus": {
    "analysis_status": "First pass",
    "analyst": "blackfist",
    "asset": {
      "total": "No"
    },
    "created": "2013-09-11T00:28:00Z",
    "f500": "N",
    "master_id": "12509819-4B66-456D-B7C0-B934A1E95923",
    "timeline": {
      "notification": {
        "day": 29,
        "month": 1,
        "year": 2012
      }
    }
  },
  "reference": "http://www.bbc.co.uk/news/uk-england-22149435?goback=%2Egde_4636751_member_232435183 (20130906), http://www.kentonline.co.uk/east_kent_mercury/news/Computer-hacker-jailed-860/ (20130906)",
  "schema_version": "1.2.1",
  "security_incident": "Confirmed",
  "source_id": "vcdb",
  "summary": "Kent man admits Oxbridge and police force cyber attacks",
  "timeline": {
    "compromise": {
      "unit": "Unknown"
    },
    "containment": {
      "unit": "Hours"
    },
    "discovery": {
      "unit": "Hours"
    },
    "exfiltration": {
      "unit": "NA"
    },
    "incident": {
      "day": 29,
      "month": 1,
      "year": 2012
    }
  },
  "victim": {
    "country": "GB",
    "employee_count": "Unknown",
    "industry": "611310",
    "notes": "",
    "victim_id": "University of Oxford"
  }
}