{
  "action": {
    "hacking": {
      "cve": "",
      "notes": "The source doc notes that the credentials of a authorized user were utilized, and that the data was stored encrypted, but the hacker was able to use a decryption feature to view the credit card data.",
      "variety": [
        "Brute force"
      ],
      "vector": [
        "Web application"
      ]
    }
  },
  "actor": {
    "unknown": {}
  },
  "asset": {
    "assets": [
      {
        "variety": "S - Database"
      }
    ],
    "notes": ""
  },
  "attribute": {
    "confidentiality": {
      "data": [
        {
          "variety": "Payment"
        }
      ],
      "data_disclosure": "Yes",
      "notes": "",
      "state": [
        "Stored encrypted"
      ]
    }
  },
  "discovery_method": "Unknown",
  "impact": {
    "loss": [
      {
        "rating": "Unknown",
        "variety": "Asset and fraud"
      },
      {
        "rating": "Unknown",
        "variety": "Brand damage"
      },
      {
        "rating": "Unknown",
        "variety": "Business disruption"
      },
      {
        "rating": "Unknown",
        "variety": "Operating costs"
      },
      {
        "rating": "Unknown",
        "variety": "Legal and regulatory"
      },
      {
        "rating": "Unknown",
        "variety": "Competitive advantage"
      },
      {
        "rating": "Unknown",
        "variety": "Response and recovery"
      }
    ],
    "overall_rating": "Unknown"
  },
  "incident_id": "1293154D-3571-421D-BF2D-545F08F3266D",
  "notes": "",
  "plus": {
    "analysis_status": "First pass",
    "analyst": "swidup",
    "asset": {
      "total": "No"
    },
    "attribute": {
      "confidentiality": {
        "credit_monitoring": "Y",
        "data_abuse": "U",
        "data_subject": ""
      }
    },
    "created": "2013-02-05T00:15:28Z",
    "f500": "N",
    "master_id": "1293154D-3571-421D-BF2D-545F08F3266D",
    "timeline": {
      "notification": {
        "day": 17,
        "month": 12,
        "year": 2012
      }
    }
  },
  "reference": "http://oag.ca.gov/ecrime/databreach/reports/sb24-37286, http://www.atg.state.vt.us/assets/files/2012%2012%2020%20World%20Travel%20Holdings%20Security%20Breach%20Notice%20ltr%20to%20consumer.pdf",
  "schema_version": "1.2.1",
  "security_incident": "Confirmed",
  "source_id": "vcdb",
  "summary": "An unauthorized person gained access to the booking system by misusing the log-in credentials of an authorized user.  Although credit card information is encrypted when it is stored in the booking system, the unauthorized person used a decryption feature of the system to view the card number and expiration for a limited number of individuals.",
  "timeline": {
    "compromise": {
      "unit": "Unknown"
    },
    "containment": {
      "unit": "Unknown"
    },
    "discovery": {
      "unit": "Unknown"
    },
    "exfiltration": {
      "unit": "Unknown"
    },
    "incident": {
      "day": 30,
      "month": 11,
      "year": 2012
    }
  },
  "victim": {
    "country": "US",
    "employee_count": "101 to 1000",
    "industry": "561510",
    "notes": "",
    "revenue": {
      "amount": 37200000,
      "iso_currency_code": "USD"
    },
    "state": "MA",
    "victim_id": "World Travel Holdings"
  }
}