{
  "action": {
    "misuse": {
      "variety": [
        "Privilege abuse"
      ],
      "vector": [
        "LAN access"
      ]
    }
  },
  "actor": {
    "internal": {
      "motive": [
        "Financial"
      ],
      "variety": [
        "Manager"
      ]
    }
  },
  "asset": {
    "assets": [
      {
        "variety": "S - Database"
      }
    ]
  },
  "attribute": {
    "confidentiality": {
      "data": [
        {
          "variety": "Personal"
        }
      ],
      "data_disclosure": "Yes",
      "notes": "",
      "state": [
        "Stored"
      ]
    },
    "integrity": {
      "notes": "",
      "variety": [
        "Fraudulent transaction"
      ]
    }
  },
  "discovery_method": "Unknown",
  "impact": {
    "overall_rating": "Unknown"
  },
  "incident_id": "12FF347E-D321-44FC-B65E-80057FC51F16",
  "notes": "",
  "plus": {
    "analysis_status": "First pass",
    "analyst": "swidup",
    "asset": {
      "total": "No"
    },
    "attribute": {
      "confidentiality": {
        "credit_monitoring": "U",
        "data_abuse": "Y",
        "data_subject": "Customer"
      }
    },
    "created": "2013-04-09T17:53:44Z",
    "f500": "N",
    "master_id": "12FF347E-D321-44FC-B65E-80057FC51F16",
    "timeline": {
      "notification": {
        "month": 4,
        "year": 2010
      }
    }
  },
  "reference": "http://rockville.patch.com/articles/rockville-man-indicted-for-identity-theft-and-tax-fraud, http://www.justice.gov/usao/md/Public-Affairs/press_releases/Press13/TwoBrothersIndictedforTaxFraudandIdentityTheft.html",
  "schema_version": "1.2.1",
  "security_incident": "Confirmed",
  "source_id": "vcdb",
  "summary": "Business owners stole customer information to file fraudulent tax returns.",
  "timeline": {
    "incident": {
      "month": 4,
      "year": 2007
    }
  },
  "victim": {
    "country": "US",
    "employee_count": "Unknown",
    "industry": "5412",
    "notes": "",
    "state": "MD",
    "victim_id": "Oligil Tax Services"
  }
}