{
  "action": {
    "hacking": {
      "cve": "",
      "notes": "",
      "variety": [
        "Unknown"
      ],
      "vector": [
        "Unknown"
      ]
    }
  },
  "actor": {
    "external": {
      "country": [
        "Unknown"
      ],
      "motive": [
        "Unknown"
      ],
      "notes": "This attack lead to a rise in phishing attacks later.",
      "variety": [
        "Unknown"
      ]
    }
  },
  "asset": {
    "assets": [
      {
        "variety": "S - Authentication"
      }
    ],
    "notes": ""
  },
  "attribute": {
    "confidentiality": {
      "data": [
        {
          "amount": 180000,
          "variety": "Credentials"
        }
      ],
      "data_disclosure": "Yes",
      "notes": "employee, student, and alumni",
      "state": [
        "Stored encrypted"
      ]
    }
  },
  "discovery_method": "Int - IT audit",
  "impact": {
    "loss": [
      {
        "rating": "Minor",
        "variety": "Asset and fraud"
      },
      {
        "rating": "Minor",
        "variety": "Brand damage"
      },
      {
        "rating": "Moderate",
        "variety": "Business disruption"
      },
      {
        "rating": "Minor",
        "variety": "Operating costs"
      },
      {
        "rating": "Minor",
        "variety": "Legal and regulatory"
      },
      {
        "rating": "Minor",
        "variety": "Competitive advantage"
      },
      {
        "rating": "Moderate",
        "variety": "Response and recovery"
      }
    ],
    "overall_rating": "Unknown"
  },
  "incident_id": "1317A240-E483-49BF-A1E6-A0B138A8C0F9",
  "notes": "",
  "plus": {
    "analysis_status": "First pass",
    "analyst": "blackfist",
    "asset": {
      "total": "No"
    },
    "attribute": {
      "confidentiality": {
        "credit_monitoring": "U",
        "data_abuse": "U",
        "data_subject": "Student"
      }
    },
    "created": "2013-02-12T18:00:07Z",
    "f500": "N",
    "master_id": "1317A240-E483-49BF-A1E6-A0B138A8C0F9",
    "timeline": {
      "notification": {
        "day": 18,
        "month": 1,
        "year": 2012
      }
    }
  },
  "reference": "http://www.azcentral.com/arizonarepublic/local/articles/2012/01/19/20120119asu-system-back-online-after-breach.html (20130212) http://cronkite.asu.edu/mcguireblog/?p=298(20130212) http://downtowndevil.com/2012/01/19/19699/asurite-system-shut-down-to-protect-personal-information/ (20130212) http://downtowndevil.com/2012/01/26/20213/asu-phoenix-law-hacking-asurite/ (20130212) http://www.statepress.com/2012/01/25/following-hack-asurite-accounts-are-target-of-phishing-attacks/ (20130212)",
  "schema_version": "1.2.1",
  "security_incident": "Confirmed",
  "source_id": "vcdb",
  "summary": "External hackers breached the ASURITE authentication system at Arizona State University and downloaded files.  Response resulted in complete shutdown for at least one day.",
  "timeline": {
    "compromise": {
      "unit": "Unknown"
    },
    "containment": {
      "unit": "Minutes"
    },
    "discovery": {
      "unit": "Unknown"
    },
    "exfiltration": {
      "unit": "Unknown"
    },
    "incident": {
      "year": 2012
    }
  },
  "victim": {
    "country": "US",
    "employee_count": "1001 to 10000",
    "industry": "611310",
    "notes": "",
    "revenue": {
      "amount": 1200000000,
      "iso_currency_code": "USD"
    },
    "state": "AZ",
    "victim_id": "Arizona State University"
  }
}