{
  "action": {
    "hacking": {
      "notes": "",
      "variety": [
        "Unknown"
      ],
      "vector": [
        "Unknown"
      ]
    }
  },
  "actor": {
    "external": {
      "country": [
        "Unknown"
      ],
      "motive": [
        "Unknown"
      ],
      "variety": [
        "Unknown"
      ]
    }
  },
  "asset": {
    "assets": [
      {
        "variety": "S - Authentication"
      }
    ]
  },
  "attribute": {
    "confidentiality": {
      "data": [
        {
          "amount": 10000,
          "variety": "Credentials"
        }
      ],
      "data_disclosure": "Yes",
      "data_total": 10000,
      "notes": "",
      "state": [
        "Stored"
      ]
    }
  },
  "discovery_method": "Unknown",
  "impact": {
    "overall_rating": "Unknown"
  },
  "incident_id": "13191567-7A43-496F-BC56-3F3C67A986B0",
  "notes": "",
  "plus": {
    "analysis_status": "First pass",
    "analyst": "swidup",
    "asset": {
      "total": "No"
    },
    "attribute": {
      "confidentiality": {
        "credit_monitoring": "U",
        "data_abuse": "Y",
        "data_subject": "Partner"
      }
    },
    "created": "2013-02-23T03:03:52Z",
    "f500": "N",
    "master_id": "13191567-7A43-496F-BC56-3F3C67A986B0",
    "timeline": {
      "notification": {
        "day": 21,
        "month": 12,
        "year": 2012
      }
    }
  },
  "reference": "http://www.theregister.co.uk/2012/12/21/indian_government_email_hacked/ ",
  "schema_version": "1.2.1",
  "security_incident": "Confirmed",
  "source_id": "vcdb",
  "summary": "India\u2019s government and military have suffered one of the worst cyber attacks in the nation\u2019s history, after over 10,000 email accounts belonging to top officials were compromised, despite a warning from the country\u2019s cyber security agency.  The attack came on 12 July, four days after the government was warned by the National Critical Information Infrastructure Protection Centre (NCIIPC), part of the National Technical Research Organisation (NTRO), that some sophisticated malware was spotted targeting specific individuals and organisations.  Email addresses belonging to officials working at the Prime Minister\u2019s Office, defence, home, finance and external affairs ministries and intelligence agencies were nabbed in the attack, which has been blamed on state actors.",
  "timeline": {
    "incident": {
      "day": 12,
      "month": 7,
      "year": 2012
    }
  },
  "victim": {
    "country": "IN",
    "employee_count": "Unknown",
    "industry": "92",
    "notes": "",
    "victim_id": "India Ministry of External Affairs and Ministry of Home Affairs"
  }
}