{
  "action": {
    "hacking": {
      "notes": "",
      "variety": [
        "Unknown"
      ],
      "vector": [
        "Unknown"
      ]
    }
  },
  "actor": {
    "external": {
      "country": [
        "Unknown"
      ],
      "motive": [
        "Grudge"
      ],
      "variety": [
        "Activist"
      ]
    }
  },
  "asset": {
    "assets": [
      {
        "variety": "Unknown"
      }
    ]
  },
  "attribute": {
    "confidentiality": {
      "data": [
        {
          "variety": "Classified"
        },
        {
          "variety": "Personal"
        }
      ],
      "data_disclosure": "Potentially",
      "data_total": 160,
      "notes": "Names, phone numbers, e-mail addresses, passwords, birth dates, ID numbers, and usernames",
      "state": [
        "Stored"
      ]
    }
  },
  "discovery_method": "Ext - actor disclosure",
  "impact": {
    "overall_rating": "Unknown"
  },
  "incident_id": "134B7A45-88F2-41EC-8489-32CD79BD66B0",
  "notes": "",
  "plus": {
    "analysis_status": "First pass",
    "analyst": "abooker",
    "asset": {
      "total": "Yes"
    },
    "attribute": {
      "confidentiality": {
        "credit_monitoring": "U",
        "data_abuse": "Y",
        "data_subject": "Patient"
      }
    },
    "created": "2013-03-13T17:14:43Z",
    "f500": "U",
    "master_id": "134B7A45-88F2-41EC-8489-32CD79BD66B0",
    "timeline": {
      "notification": {
        "day": 11,
        "month": 1,
        "year": 2012
      }
    }
  },
  "reference": "http://www.databreaches.net/?p=22776 ",
  "schema_version": "1.2.1",
  "security_incident": "Confirmed",
  "source_id": "vcdb",
  "summary": "During an Anti-Israeli cyberattack, the Israel Institute of Technology was compromised.  ",
  "timeline": {
    "incident": {
      "year": 2012
    }
  },
  "victim": {
    "country": "IL",
    "employee_count": "1001 to 10000",
    "industry": "611310",
    "notes": "",
    "revenue": {
      "amount": 484000000,
      "iso_currency_code": "USD"
    },
    "secondary": {
      "amount": 5,
      "victim_id": [
        "TopLinks",
        "Bar-Ilan University Geography and Environment Department",
        "NBN (Nefesh B\u2019Nefesh)",
        "ILAN",
        "SNIP"
      ]
    },
    "victim_id": "Israel Institute of Technology (Cancer and Vascular Biology Research Center)"
  }
}