{
  "action": {},
  "actor": {
    "unknown": {}
  },
  "asset": {
    "assets": [
      {
        "variety": "U - Desktop"
      }
    ]
  },
  "attribute": {
    "confidentiality": {
      "data": [
        {
          "amount": 942,
          "variety": "Medical"
        }
      ],
      "data_disclosure": "Potentially",
      "data_total": 942
    }
  },
  "discovery_method": "Unknown",
  "impact": {
    "overall_rating": "Unknown"
  },
  "incident_id": "136124C5-48C3-4A70-B0E6-B121F1D49917",
  "plus": {
    "analysis_status": "First pass",
    "created": "2013-04-12T22:29:56Z",
    "master_id": "136124C5-48C3-4A70-B0E6-B121F1D49917"
  },
  "schema_version": "1.2.1",
  "security_incident": "Confirmed",
  "source_id": "vcdb",
  "timeline": {
    "discovery": {
      "unit": "Unknown"
    },
    "incident": {
      "day": 29,
      "month": 9,
      "year": 2010
    }
  },
  "victim": {
    "country": "US",
    "employee_count": "1 to 10",
    "industry": "621112",
    "state": "Ma",
    "victim_id": "University Health Services, University of Massachusetts, Amherst"
  }
}