{
  "action": {
    "physical": {
      "location": [
        "Victim work area"
      ],
      "variety": [
        "Theft"
      ],
      "vector": [
        "Unknown"
      ]
    }
  },
  "actor": {
    "external": {
      "country": [
        "Unknown"
      ],
      "motive": [
        "Financial"
      ],
      "variety": [
        "Unknown"
      ]
    }
  },
  "asset": {},
  "attribute": {
    "availability": {
      "variety": [
        "Loss"
      ]
    },
    "confidentiality": {
      "data_disclosure": "Potentially",
      "data_total": 6300
    }
  },
  "discovery_method": "Unknown",
  "incident_id": "139A583F-2887-43A5-ACBA-C58633191BA1",
  "plus": {
    "analysis_status": "First pass",
    "created": "2013-09-10T20:13:32Z",
    "master_id": "139A583F-2887-43A5-ACBA-C58633191BA1",
    "timeline": {
      "notification": {
        "day": 28,
        "month": 6,
        "year": 2013
      }
    }
  },
  "reference": "http://www.esecurityplanet.com/network-security/university-of-south-carolina-acknowledges-security-breach.html",
  "schema_version": "1.2.1",
  "security_incident": "Confirmed",
  "source_id": "vcdb",
  "summary": "The April theft of a faculty laptop resulted in the exposure of current and former student information.  The laptop was stolen from a locked room in the Department of Physics and Astronomy.  It contained a file with the names, emails, and Social Security numbers of up to 6,300 University of South Carolina students who had taken one of four physics courses between January of 2010 and the fall 2012 semester.",
  "timeline": {
    "incident": {
      "year": 2013
    }
  },
  "victim": {
    "country": "US",
    "employee_count": "1001 to 10000",
    "industry": "611310",
    "state": "SC",
    "victim_id": "University of South Carolina"
  }
}