{
  "action": {
    "error": {
      "variety": [
        "Misdelivery"
      ],
      "vector": [
        "Carelessness"
      ]
    }
  },
  "actor": {
    "internal": {
      "motive": [
        "NA"
      ],
      "variety": [
        "Unknown"
      ]
    }
  },
  "asset": {
    "assets": [
      {
        "variety": "M - Documents"
      }
    ]
  },
  "attribute": {
    "confidentiality": {
      "data": [
        {
          "amount": 16291,
          "variety": "Medical"
        }
      ],
      "data_disclosure": "Potentially",
      "data_total": 16291
    }
  },
  "discovery_method": "Unknown",
  "impact": {
    "overall_rating": "Unknown"
  },
  "incident_id": "13EB66CA-A1AF-4BAC-B83B-CF56F2435649",
  "plus": {
    "analysis_status": "First pass",
    "created": "2013-04-12T22:29:56Z",
    "master_id": "13EB66CA-A1AF-4BAC-B83B-CF56F2435649",
    "timeline": {
      "notification": {}
    }
  },
  "schema_version": "1.2.1",
  "security_incident": "Confirmed",
  "source_id": "vcdb",
  "timeline": {
    "discovery": {
      "unit": "Months",
      "value": 5
    },
    "incident": {
      "day": 9,
      "month": 6,
      "year": 2010
    }
  },
  "victim": {
    "country": "US",
    "employee_count": "Over 100000",
    "industry": "524114",
    "state": "Mn",
    "victim_id": "UnitedHealth Group--SACE"
  }
}