{
  "action": {
    "hacking": {
      "notes": "",
      "variety": [
        "Unknown"
      ],
      "vector": [
        "Web application"
      ]
    }
  },
  "actor": {
    "external": {
      "country": [
        "Unknown"
      ],
      "motive": [
        "Unknown"
      ],
      "variety": [
        "Other"
      ]
    }
  },
  "asset": {
    "assets": [
      {
        "variety": "S - Web application"
      }
    ]
  },
  "attribute": {
    "confidentiality": {
      "data": [
        {
          "amount": 39000,
          "variety": "Personal"
        }
      ],
      "data_disclosure": "Potentially",
      "data_total": 39000,
      "notes": "",
      "state": [
        "Unknown"
      ]
    }
  },
  "discovery_method": "Unknown",
  "impact": {
    "loss": [
      {
        "rating": "Unknown",
        "variety": "Asset and fraud"
      },
      {
        "rating": "Unknown",
        "variety": "Brand damage"
      },
      {
        "rating": "Unknown",
        "variety": "Business disruption"
      },
      {
        "rating": "Unknown",
        "variety": "Operating costs"
      },
      {
        "rating": "Unknown",
        "variety": "Legal and regulatory"
      },
      {
        "rating": "Unknown",
        "variety": "Competitive advantage"
      },
      {
        "rating": "Unknown",
        "variety": "Response and recovery"
      }
    ],
    "overall_rating": "Unknown"
  },
  "incident_id": "13EF2063-9638-4E31-82B6-1937A431BD30",
  "notes": "",
  "plus": {
    "analysis_status": "First pass",
    "analyst": "blackfist",
    "asset": {
      "total": "No"
    },
    "attribute": {
      "confidentiality": {
        "credit_monitoring": "Y",
        "data_abuse": "U",
        "data_subject": "Student"
      }
    },
    "created": "2013-08-19T14:51:33Z",
    "f500": "U",
    "master_id": "13EF2063-9638-4E31-82B6-1937A431BD30",
    "timeline": {
      "notification": {
        "day": 15,
        "month": 8,
        "year": 2013
      }
    }
  },
  "reference": "http://www.ferris.edu/notice/Aug-15-2013/ (20130819) http://www.miamiherald.com/2013/08/16/3566471/ferris-state-u-reports-data-security.html (20130819) http://www.scmagazine.com/several-thousand-students-and-staffers-affected-in-ferris-state-breach/article/307759/ (20130819)",
  "schema_version": "1.2.1",
  "security_incident": "Confirmed",
  "source_id": "vcdb",
  "summary": "an unauthorized person evaded our network security and gained access to a computer we use to operate our website.",
  "timeline": {
    "compromise": {
      "unit": "Unknown"
    },
    "containment": {
      "unit": "Unknown"
    },
    "discovery": {
      "unit": "Unknown"
    },
    "exfiltration": {
      "unit": "Unknown"
    },
    "incident": {
      "year": 2013
    }
  },
  "victim": {
    "country": "US",
    "employee_count": "1001 to 10000",
    "industry": "611310",
    "notes": "",
    "revenue": {
      "amount": 158000000,
      "iso_currency_code": "USD"
    },
    "state": "MI",
    "victim_id": "Ferris State University"
  }
}