{
  "action": {
    "hacking": {
      "cve": "",
      "notes": "",
      "variety": [
        "Unknown"
      ],
      "vector": [
        "Web application"
      ]
    }
  },
  "actor": {
    "external": {
      "country": [
        "GB"
      ],
      "motive": [
        "Ideology"
      ],
      "notes": "Actor claimed to be allied with Anonymous but it is not clear that Anonymous is claiming him or was responsible for this attack.",
      "variety": [
        "Unaffiliated"
      ]
    }
  },
  "asset": {
    "assets": [
      {
        "variety": "S - Web application"
      }
    ],
    "notes": ""
  },
  "attribute": {
    "confidentiality": {
      "data": [
        {
          "amount": 9000,
          "variety": "Personal"
        }
      ],
      "data_disclosure": "Yes",
      "data_total": 9000,
      "notes": "Data subject are persons requesting more information.",
      "state": [
        "Stored unencrypted"
      ]
    }
  },
  "discovery_method": "Int - reported by user",
  "impact": {
    "loss": [
      {
        "rating": "Unknown",
        "variety": "Asset and fraud"
      },
      {
        "rating": "Unknown",
        "variety": "Brand damage"
      },
      {
        "rating": "Unknown",
        "variety": "Business disruption"
      },
      {
        "rating": "Unknown",
        "variety": "Operating costs"
      },
      {
        "rating": "Unknown",
        "variety": "Legal and regulatory"
      },
      {
        "rating": "Unknown",
        "variety": "Competitive advantage"
      },
      {
        "rating": "Unknown",
        "variety": "Response and recovery"
      }
    ],
    "overall_rating": "Unknown"
  },
  "incident_id": "1437E137-D9AD-4D2F-8F27-F8A602193CF7",
  "notes": "",
  "plus": {
    "analysis_status": "First pass",
    "analyst": "blackfist",
    "asset": {
      "total": "No"
    },
    "attribute": {
      "confidentiality": {
        "credit_monitoring": "U",
        "data_abuse": "N",
        "data_subject": "Other"
      }
    },
    "created": "2013-02-16T04:34:39Z",
    "f500": "N",
    "master_id": "1437E137-D9AD-4D2F-8F27-F8A602193CF7",
    "timeline": {
      "notification": {
        "day": 9,
        "month": 3,
        "year": 2012
      }
    }
  },
  "reference": "http://www.huffingtonpost.com/2012/03/09/british-pregnancy-advisory-service-hack_n_1334570.html (20130215) http://www.telegraph.co.uk/news/uknews/crime/9132654/BPAS-Hacker-held-over-illegal-breach-of-abortion-website.html (20130215)",
  "schema_version": "1.2.1",
  "security_incident": "Confirmed",
  "source_id": "vcdb",
  "summary": "Activist hacker breaches website and steals personal information but is arrested before being able to publish the data",
  "timeline": {
    "compromise": {
      "unit": "Hours"
    },
    "containment": {
      "unit": "Unknown"
    },
    "discovery": {
      "unit": "Unknown"
    },
    "exfiltration": {
      "unit": "Unknown"
    },
    "incident": {
      "day": 8,
      "month": 3,
      "year": 2012
    }
  },
  "victim": {
    "country": "GB",
    "employee_count": "101 to 1000",
    "industry": "813211",
    "notes": "",
    "revenue": {
      "amount": 42200000,
      "iso_currency_code": "USD"
    },
    "victim_id": "British Pregnancy Advisory Service"
  }
}