{
  "action": {
    "hacking": {
      "notes": "",
      "variety": [
        "Unknown"
      ],
      "vector": [
        "Unknown"
      ]
    }
  },
  "actor": {
    "external": {
      "country": [
        "Unknown"
      ],
      "motive": [
        "Grudge"
      ],
      "variety": [
        "Activist"
      ]
    }
  },
  "asset": {
    "assets": [
      {
        "variety": "Unknown"
      }
    ]
  },
  "attribute": {
    "confidentiality": {
      "data": [
        {
          "variety": "Personal"
        }
      ],
      "data_disclosure": "Potentially",
      "data_total": 594,
      "notes": "The information that was released included names, postal addresses, SHA1 passwords and e-mail addresses.  ",
      "state": [
        "Unknown"
      ]
    }
  },
  "discovery_method": "Unknown",
  "impact": {
    "overall_rating": "Unknown"
  },
  "incident_id": "144EDA15-5D58-4D4F-BD26-9D1973AFE370",
  "notes": "",
  "plus": {
    "analysis_status": "First pass",
    "analyst": "abooker",
    "asset": {
      "total": "No"
    },
    "attribute": {
      "confidentiality": {
        "credit_monitoring": "U",
        "data_abuse": "U",
        "data_subject": "Customer"
      }
    },
    "created": "2013-02-20T13:59:21Z",
    "f500": "N",
    "master_id": "144EDA15-5D58-4D4F-BD26-9D1973AFE370",
    "timeline": {
      "notification": {
        "day": 10,
        "month": 1,
        "year": 2012
      }
    }
  },
  "reference": "http://www.databreaches.net/?p=22776 ",
  "schema_version": "1.2.1",
  "security_incident": "Confirmed",
  "source_id": "vcdb",
  "summary": "Anti-Israeli cyber attacks resulted in a dump of emails from Nefesh B'Nefesh (NBN)  that consisted of people signing up for meetings or workshops.  ",
  "timeline": {
    "incident": {
      "year": 2012
    }
  },
  "victim": {
    "country": "IL",
    "employee_count": "11 to 100",
    "industry": "813410",
    "notes": "",
    "revenue": {
      "amount": 15000000,
      "iso_currency_code": "USD"
    },
    "victim_id": "Nefesh B\u2019Nefesh (NBN)"
  }
}