{
  "action": {
    "error": {
      "notes": " [through Mail]",
      "variety": [
        "Publishing error"
      ],
      "vector": [
        "Unknown"
      ]
    }
  },
  "actor": {
    "internal": {
      "motive": [
        "NA"
      ],
      "variety": [
        "Unknown"
      ]
    }
  },
  "asset": {
    "assets": [
      {
        "variety": "M - Documents"
      }
    ]
  },
  "attribute": {
    "confidentiality": {
      "data": [
        {
          "variety": "Personal"
        }
      ],
      "data_disclosure": "Yes",
      "notes": "",
      "state": [
        "Stored"
      ]
    }
  },
  "discovery_method": "Unknown",
  "impact": {
    "overall_rating": "Unknown"
  },
  "incident_id": "14B00C7D-7303-4574-AFCF-1C1D9BD36605",
  "notes": "",
  "plus": {
    "analysis_status": "First pass",
    "analyst": "swidup",
    "asset": {
      "total": "Yes"
    },
    "attribute": {
      "confidentiality": {
        "credit_monitoring": "Y",
        "data_abuse": "U",
        "data_subject": "Unknown"
      }
    },
    "created": "2013-02-11T03:59:47Z",
    "f500": "N",
    "master_id": "14B00C7D-7303-4574-AFCF-1C1D9BD36605",
    "timeline": {
      "notification": {
        "day": 24,
        "month": 2,
        "year": 2012
      }
    }
  },
  "reference": "http://doj.nh.gov/consumer/security-breaches/documents/wpx-energy-20120224.pdf ",
  "schema_version": "1.2.1",
  "security_incident": "Confirmed",
  "source_id": "vcdb",
  "summary": "I am contacting you regarding a security incident Company. The incident involved potential disclosure of Social Security numbers. On January 27, 2012, 1099 tax forms were mailed to interest owners or contractors. Their Social Security number was subsequently found to be visible through the window of the envelope. ",
  "timeline": {
    "incident": {
      "day": 27,
      "month": 1,
      "year": 2012
    }
  },
  "victim": {
    "country": "US",
    "employee_count": "101 to 1000",
    "industry": "211111",
    "notes": "#569 in Fortune 1000",
    "revenue": {
      "amount": 3990000000,
      "iso_currency_code": "USD"
    },
    "secondary": {
      "amount": 9,
      "victim_id": [
        "Williams Production Company, LLC",
        "Mockingbird Pipeline LP",
        "Williams Production Keystone LLC",
        "Williams Production Appalachia LLC",
        "Williams Production Company Gulf Coast",
        "Williams Rocky Mountain",
        "Williams Production RMT Company",
        "Williams Production Mid-Continent",
        "Dakota-3 E & P LLC"
      ]
    },
    "state": "OK",
    "victim_id": "WPX Energy, Inc."
  }
}