{
  "action": {
    "misuse": {
      "notes": "",
      "variety": [
        "Knowledge abuse",
        "Privilege abuse"
      ],
      "vector": [
        "Physical access",
        "LAN access"
      ]
    }
  },
  "actor": {
    "internal": {
      "motive": [
        "Financial"
      ],
      "notes": "",
      "variety": [
        "End-user"
      ]
    }
  },
  "asset": {
    "assets": [
      {
        "variety": "S - Database"
      },
      {
        "variety": "M - Documents"
      }
    ],
    "notes": ""
  },
  "attribute": {
    "confidentiality": {
      "data": [
        {
          "variety": "Personal"
        }
      ],
      "data_disclosure": "Yes",
      "notes": "",
      "state": [
        "Stored unencrypted"
      ]
    }
  },
  "discovery_method": "Ext - law enforcement",
  "impact": {
    "overall_rating": "Unknown"
  },
  "incident_id": "14B804AD-C1D9-4D74-A8F2-00FAD127F74A",
  "notes": "",
  "plus": {
    "analysis_status": "First pass",
    "analyst": "swidup",
    "asset": {
      "total": "No"
    },
    "attribute": {
      "confidentiality": {
        "credit_monitoring": "U",
        "data_abuse": "Y",
        "data_subject": "Customer"
      }
    },
    "created": "2013-02-22T00:15:23Z",
    "f500": "N",
    "master_id": "14B804AD-C1D9-4D74-A8F2-00FAD127F74A",
    "timeline": {
      "notification": {
        "day": 7,
        "month": 1,
        "year": 2013
      }
    }
  },
  "reference": "http://www.justice.gov/opa/pr/2013/January/13-tax-022.html ",
  "schema_version": "1.2.1",
  "security_incident": "Confirmed",
  "source_id": "vcdb",
  "summary": " On Aug. 9, 2012, Quentin Collick was indicted for his role in the conspiracy. In November 2012, pursuant to a criminal complaint, Williams was arrested for her role in the conspiracy. The superseding indictment was unsealed today.     According to court documents, Williams worked for a debt collection company in Georgia. As part of her employment, Williams had access to names and social security numbers. She provided several names and Social Security numbers to her son-in-law, Quentin Collick.   Collick, and his co-conspirators used those names to file false tax returns from the Middle District of Alabama. Collick and his co-conspirators, in turn, cashed several fraudulent federal refund checks.   ",
  "timeline": {
    "incident": {
      "year": 2012
    }
  },
  "victim": {
    "country": "US",
    "employee_count": "Unknown",
    "industry": "56144",
    "notes": "",
    "state": "GA",
    "victim_id": "Unnamed Debt Collection Company"
  }
}