{
  "action": {
    "malware": {
      "cve": "",
      "name": "",
      "variety": [
        "Ransomware"
      ],
      "vector": [
        "Unknown"
      ]
    }
  },
  "actor": {
    "external": {
      "country": [
        "Unknown"
      ],
      "motive": [
        "Financial"
      ],
      "notes": "Likely operating out of Eastern Europe.",
      "variety": [
        "Organized crime"
      ]
    }
  },
  "asset": {
    "assets": [
      {
        "variety": "S - File"
      }
    ],
    "notes": ""
  },
  "attribute": {
    "availability": {
      "duration": {
        "unit": "Days"
      },
      "notes": "",
      "variety": [
        "Obscuration"
      ]
    },
    "confidentiality": {
      "data": [
        {
          "amount": 8000,
          "variety": "Medical"
        }
      ],
      "data_disclosure": "Potentially",
      "data_total": 8000,
      "notes": "",
      "state": [
        "Stored unencrypted"
      ]
    },
    "integrity": {
      "variety": [
        "Software installation"
      ]
    }
  },
  "discovery_method": "Unknown",
  "impact": {
    "loss": [
      {
        "rating": "Unknown",
        "variety": "Asset and fraud"
      },
      {
        "rating": "Unknown",
        "variety": "Brand damage"
      },
      {
        "rating": "Moderate",
        "variety": "Business disruption"
      },
      {
        "rating": "Unknown",
        "variety": "Operating costs"
      },
      {
        "rating": "Unknown",
        "variety": "Legal and regulatory"
      },
      {
        "rating": "Unknown",
        "variety": "Competitive advantage"
      },
      {
        "rating": "Moderate",
        "variety": "Response and recovery"
      }
    ],
    "overall_rating": "Unknown"
  },
  "incident_id": "14D69FDB-E830-4829-B698-503BDDB3FEF4",
  "notes": "",
  "plus": {
    "analysis_status": "First pass",
    "analyst": "blackfist",
    "asset": {
      "total": "Yes"
    },
    "attribute": {
      "confidentiality": {
        "credit_monitoring": "U",
        "data_abuse": "U",
        "data_subject": "Patient"
      }
    },
    "created": "2013-05-25T00:31:32Z",
    "f500": "N",
    "master_id": "14D69FDB-E830-4829-B698-503BDDB3FEF4",
    "timeline": {
      "notification": {
        "day": 15,
        "month": 5,
        "year": 2013
      }
    }
  },
  "reference": "http://www.goldcoast.com.au/article/2013/05/15/451894_crime-and-court-news.html (20130524)",
  "schema_version": "1.2.1",
  "security_incident": "Confirmed",
  "source_id": "vcdb",
  "summary": "Ransomware prevents access to small business medical records",
  "timeline": {
    "compromise": {
      "unit": "Unknown"
    },
    "containment": {
      "unit": "Unknown"
    },
    "discovery": {
      "unit": "Days"
    },
    "exfiltration": {
      "unit": "Unknown"
    },
    "incident": {
      "day": 11,
      "month": 5,
      "year": 2013
    }
  },
  "victim": {
    "country": "AU",
    "employee_count": "1 to 10",
    "industry": "621340",
    "notes": "",
    "secondary": {
      "amount": 1,
      "victim_id": [
        "Miami Family Medical Centre"
      ]
    },
    "victim_id": "Back in Motion Physiotherapy"
  }
}