{
  "action": {
    "error": {
      "notes": " [through Web]",
      "variety": [
        "Publishing error"
      ],
      "vector": [
        "Unknown"
      ]
    }
  },
  "actor": {
    "internal": {
      "motive": [
        "NA"
      ],
      "variety": [
        "Unknown"
      ]
    }
  },
  "asset": {
    "assets": [
      {
        "variety": "S - Database"
      }
    ]
  },
  "attribute": {
    "confidentiality": {
      "data": [
        {
          "amount": 8000,
          "variety": "Payment"
        },
        {
          "amount": 8000,
          "variety": "Personal"
        }
      ],
      "data_disclosure": "Yes",
      "data_total": 8000,
      "notes": "",
      "state": [
        "Stored unencrypted"
      ]
    }
  },
  "discovery_method": "Int - IT audit",
  "impact": {
    "overall_rating": "Unknown"
  },
  "incident_id": "14E103D3-6790-45BD-83DE-C837FAB0373D",
  "notes": "",
  "plus": {
    "analysis_status": "First pass",
    "analyst": "swidup",
    "asset": {
      "total": "No"
    },
    "attribute": {
      "confidentiality": {
        "credit_monitoring": "U",
        "data_abuse": "U",
        "data_subject": "Student"
      }
    },
    "created": "2013-02-13T04:45:30Z",
    "f500": "N",
    "master_id": "14E103D3-6790-45BD-83DE-C837FAB0373D",
    "timeline": {
      "notification": {
        "day": 27,
        "month": 1,
        "year": 2012
      }
    }
  },
  "reference": "http://www.idt911.com/en/sitecore/content/GlobalElements/KnowledgeCenter/NewsAlertItems/800694373.aspx, http://www.gazette.net/article/20120127/NEWS/701279589/1034/social-security-some-credit-card-numbers-were-stored-on-public-usm&template=gazette ",
  "schema_version": "1.2.1",
  "security_incident": "Confirmed",
  "source_id": "vcdb",
  "summary": "The University System of Maryland recently learned that the server it was using to store the Social Security numbers and credit card information of prospective students was open to the public.  The issue was discovered as part of a study by the state's General Assembly's Office of Legislative Audits between February 2008 and March 2011, according to a report from the Gaithersburg Gazette. In addition to the Social Security and credit card data, students' names and other personal details were listed on a database in plain text.",
  "timeline": {
    "incident": {
      "year": 2012
    }
  },
  "victim": {
    "country": "US",
    "employee_count": "25001 to 50000",
    "industry": "611310",
    "notes": "",
    "revenue": {
      "amount": 3020000000,
      "iso_currency_code": "USD"
    },
    "state": "MD",
    "victim_id": "University System of Maryland"
  }
}