{
  "action": {
    "physical": {
      "location": [
        "Public vehicle"
      ],
      "variety": [
        "Theft"
      ],
      "vector": [
        "Unknown"
      ]
    }
  },
  "actor": {
    "external": {
      "country": [
        "Unknown"
      ],
      "motive": [
        "Financial"
      ],
      "variety": [
        "Unknown"
      ]
    }
  },
  "asset": {
    "assets": [
      {
        "variety": "U - Laptop"
      }
    ]
  },
  "attribute": {
    "availability": {
      "variety": [
        "Loss"
      ]
    },
    "confidentiality": {
      "data": [
        {
          "amount": 2300,
          "variety": "Personal"
        }
      ],
      "data_disclosure": "Potentially",
      "data_total": 2300,
      "notes": "",
      "state": [
        "Stored unencrypted"
      ]
    }
  },
  "discovery_method": "Unknown",
  "impact": {
    "overall_rating": "Unknown"
  },
  "incident_id": "1558B53A-E668-41E2-9D2C-05AED897A49C",
  "notes": "",
  "plus": {
    "analysis_status": "First pass",
    "analyst": "swidup",
    "asset": {
      "total": "No"
    },
    "attribute": {
      "confidentiality": {
        "credit_monitoring": "U",
        "data_abuse": "U",
        "data_subject": "Customer"
      }
    },
    "created": "2013-06-25T18:02:45Z",
    "f500": "N",
    "master_id": "1558B53A-E668-41E2-9D2C-05AED897A49C",
    "timeline": {
      "notification": {
        "day": 17,
        "month": 6,
        "year": 2013
      }
    }
  },
  "reference": "http://www.komonews.com/news/local/Stolen-sheriffs-office-laptop-puts-thousand-at-risk-of-identity-theft-212860341.html",
  "schema_version": "1.2.1",
  "security_incident": "Confirmed",
  "source_id": "vcdb",
  "summary": "Thousands of people are now vulnerable to identity theft, and it's all because of a stolen laptop.  The information, which includes Social Security and drivers license numbers, was on a King County sheriff's office computer that was stolen from a detective.  The laptop and a personal hard drive were full of case files, including personal information about thousands of crime victims, suspects, witnesses and even police officers.  The laptop was stolen last March from the backseat of a detective's undercover pickup truck. ",
  "timeline": {
    "incident": {
      "month": 3,
      "year": 2013
    }
  },
  "victim": {
    "country": "US",
    "employee_count": "101 to 1000",
    "industry": "922120",
    "notes": "",
    "state": "WA",
    "victim_id": "King County Sheriff's Department"
  }
}