{
  "action": {
    "misuse": {
      "variety": [
        "Privilege abuse"
      ],
      "vector": [
        "LAN access"
      ]
    }
  },
  "actor": {
    "internal": {
      "motive": [
        "Financial"
      ],
      "variety": [
        "Unknown"
      ]
    }
  },
  "asset": {
    "assets": [
      {
        "variety": "S - Mainframe"
      }
    ]
  },
  "attribute": {
    "confidentiality": {
      "data": [
        {
          "variety": "Personal"
        }
      ],
      "data_disclosure": "Yes",
      "notes": "",
      "state": [
        "Stored unencrypted"
      ]
    }
  },
  "discovery_method": "Unknown",
  "impact": {
    "loss": [
      {
        "rating": "Unknown",
        "variety": "Asset and fraud"
      },
      {
        "rating": "Minor",
        "variety": "Brand damage"
      },
      {
        "rating": "Unknown",
        "variety": "Business disruption"
      },
      {
        "rating": "Unknown",
        "variety": "Operating costs"
      },
      {
        "rating": "Unknown",
        "variety": "Legal and regulatory"
      },
      {
        "rating": "Minor",
        "variety": "Competitive advantage"
      },
      {
        "rating": "Unknown",
        "variety": "Response and recovery"
      }
    ],
    "overall_rating": "Unknown"
  },
  "incident_id": "155F644C-EBBD-4BDA-84F5-A6B92DCED5FE",
  "notes": "",
  "plus": {
    "analysis_status": "First pass",
    "analyst": "blackfist",
    "asset": {
      "total": "No"
    },
    "attribute": {
      "confidentiality": {
        "credit_monitoring": "U",
        "data_abuse": "Y",
        "data_subject": "Other"
      }
    },
    "created": "2013-06-04T17:55:09Z",
    "f500": "N",
    "master_id": "155F644C-EBBD-4BDA-84F5-A6B92DCED5FE",
    "timeline": {
      "notification": {
        "day": 30,
        "month": 5,
        "year": 2013
      }
    }
  },
  "reference": "http://www.justice.gov/opa/pr/2013/May/13-tax-623.html (20130604)",
  "schema_version": "1.2.1",
  "security_incident": "Confirmed",
  "source_id": "vcdb",
  "summary": "Internal employee misuse of internal database to commit identity theft",
  "timeline": {
    "compromise": {
      "unit": "Unknown"
    },
    "containment": {
      "unit": "Unknown"
    },
    "discovery": {
      "unit": "Years"
    },
    "exfiltration": {
      "unit": "Unknown"
    },
    "incident": {
      "month": 10,
      "year": 2009
    }
  },
  "victim": {
    "country": "US",
    "employee_count": "Unknown",
    "industry": "921",
    "notes": "",
    "state": "AL",
    "victim_id": "State of Alabama"
  }
}