{
  "action": {
    "physical": {
      "location": [
        "Unknown"
      ],
      "variety": [
        "Theft"
      ],
      "vector": [
        "Unknown"
      ]
    }
  },
  "actor": {
    "external": {
      "country": [
        "Unknown"
      ],
      "motive": [
        "Financial"
      ],
      "variety": [
        "Unknown"
      ]
    }
  },
  "asset": {
    "assets": [
      {
        "variety": "M - Documents"
      }
    ]
  },
  "attribute": {
    "availability": {
      "variety": [
        "Loss"
      ]
    },
    "confidentiality": {
      "data": [
        {
          "amount": 93,
          "variety": "Medical"
        }
      ],
      "data_disclosure": "Yes",
      "data_total": 93,
      "notes": "",
      "state": [
        "Stored unencrypted"
      ]
    }
  },
  "discovery_method": "Unknown",
  "impact": {
    "overall_rating": "Unknown"
  },
  "incident_id": "15C4D1B4-A828-4D28-B8FA-74B5CA2910B3",
  "notes": "",
  "plus": {
    "analysis_status": "First pass",
    "analyst": "swidup",
    "asset": {
      "total": "No"
    },
    "attribute": {
      "confidentiality": {
        "credit_monitoring": "Y",
        "data_abuse": "U",
        "data_subject": "Patient"
      }
    },
    "created": "2013-07-15T23:30:55Z",
    "f500": "N",
    "master_id": "15C4D1B4-A828-4D28-B8FA-74B5CA2910B3",
    "timeline": {
      "notification": {
        "day": 25,
        "month": 3,
        "year": 2013
      }
    }
  },
  "reference": "http://doj.nh.gov/consumer/security-breaches/documents/orthocare-20130325.pdf",
  "schema_version": "1.2.1",
  "security_incident": "Confirmed",
  "source_id": "vcdb",
  "summary": "A binder containing patient data was stolen.",
  "timeline": {
    "incident": {
      "day": 14,
      "month": 2,
      "year": 2013
    }
  },
  "victim": {
    "country": "US",
    "employee_count": "1 to 10",
    "industry": "423450",
    "notes": "",
    "revenue": {
      "amount": 270000,
      "iso_currency_code": "USD"
    },
    "state": "NH",
    "victim_id": "OrthoCare Medical Equipment LLC"
  }
}