{
  "action": {
    "physical": {
      "location": [
        "Unknown"
      ],
      "variety": [
        "Theft"
      ],
      "vector": [
        "Unknown"
      ]
    }
  },
  "actor": {
    "external": {
      "country": [
        "Unknown"
      ],
      "motive": [
        "Financial"
      ],
      "variety": [
        "Unknown"
      ]
    }
  },
  "asset": {
    "assets": [
      {
        "variety": "U - Laptop"
      }
    ]
  },
  "attribute": {
    "availability": {
      "variety": [
        "Loss"
      ]
    },
    "confidentiality": {
      "data": [
        {
          "variety": "Personal"
        }
      ],
      "data_disclosure": "Potentially",
      "notes": "",
      "state": [
        "Stored unencrypted"
      ]
    }
  },
  "discovery_method": "Other",
  "impact": {
    "overall_rating": "Unknown"
  },
  "incident_id": "15C831B7-473A-448E-8E7E-9E4ABD37B014",
  "notes": "Source doc letter is dated 2011, but that would have put it before the laptop was stolen, so it is in error.",
  "plus": {
    "analysis_status": "First pass",
    "analyst": "swidup",
    "asset": {
      "total": "No"
    },
    "attribute": {
      "confidentiality": {
        "credit_monitoring": "Y",
        "data_abuse": "U",
        "data_subject": "Partner"
      }
    },
    "created": "2013-02-07T18:17:07Z",
    "f500": "N",
    "master_id": "15C831B7-473A-448E-8E7E-9E4ABD37B014",
    "timeline": {
      "notification": {
        "day": 18,
        "month": 9,
        "year": 2012
      }
    }
  },
  "reference": "http://doj.nh.gov/consumer/security-breaches/documents/fei-company-20120918.pdf",
  "schema_version": "1.2.1",
  "security_incident": "Confirmed",
  "source_id": "vcdb",
  "summary": "Laptop stolen from undisclosed location contained employee name, SSN, taxpayer I.D., salary, home address, DOB and related basic employment information.  ",
  "timeline": {
    "incident": {
      "day": 29,
      "month": 8,
      "year": 2012
    }
  },
  "victim": {
    "country": "US",
    "employee_count": "1001 to 10000",
    "industry": "334516",
    "notes": "",
    "revenue": {
      "amount": 826430000,
      "iso_currency_code": "USD"
    },
    "state": "OR",
    "victim_id": "FEI Company"
  }
}