{
  "action": {
    "hacking": {
      "notes": "",
      "variety": [
        "Unknown"
      ],
      "vector": [
        "Web application"
      ]
    }
  },
  "actor": {
    "external": {
      "country": [
        "Unknown"
      ],
      "motive": [
        "Ideology"
      ],
      "variety": [
        "Activist"
      ]
    }
  },
  "asset": {
    "assets": [
      {
        "variety": "S - Web application"
      }
    ]
  },
  "attribute": {
    "confidentiality": {
      "data": [
        {
          "amount": 4130,
          "variety": "Credentials"
        }
      ],
      "data_disclosure": "Yes",
      "data_total": 4130,
      "notes": "",
      "state": [
        "Stored unencrypted"
      ]
    }
  },
  "discovery_method": "Ext - actor disclosure",
  "impact": {
    "overall_rating": "Unknown"
  },
  "incident_id": "15DA6E1F-1B38-411A-B103-25FA72417D1B",
  "notes": "",
  "plus": {
    "analysis_status": "First pass",
    "analyst": "swidup",
    "asset": {
      "total": "No"
    },
    "attribute": {
      "confidentiality": {
        "credit_monitoring": "U",
        "data_abuse": "U",
        "data_subject": "Customer"
      }
    },
    "created": "2013-02-13T05:58:09Z",
    "f500": "N",
    "master_id": "15DA6E1F-1B38-411A-B103-25FA72417D1B",
    "timeline": {
      "notification": {
        "day": 5,
        "month": 4,
        "year": 2012
      }
    }
  },
  "reference": "http://hackmageddon.com/tag/uzfiles-com/",
  "schema_version": "1.2.1",
  "security_incident": "Confirmed",
  "source_id": "vcdb",
  "summary": "Unknown hackers dump on pastebin 4,130 records from uzfiles.com, an Uzbek music forum.  The records contain usernames, email addresses, and plain-text passwords.",
  "timeline": {
    "incident": {
      "day": 5,
      "month": 4,
      "year": 2012
    }
  },
  "victim": {
    "country": "UZ",
    "employee_count": "Unknown",
    "industry": "512",
    "notes": "",
    "victim_id": "uzfiles.com"
  }
}