{
  "action": {
    "error": {
      "notes": "Mail",
      "variety": [
        "Publishing error"
      ],
      "vector": [
        "Unknown"
      ]
    }
  },
  "actor": {
    "internal": {
      "motive": [
        "NA"
      ],
      "variety": [
        "End-user"
      ]
    }
  },
  "asset": {
    "assets": [
      {
        "variety": "M - Documents"
      }
    ]
  },
  "attribute": {
    "confidentiality": {
      "data": [
        {
          "variety": "Personal"
        }
      ],
      "data_disclosure": "Yes"
    }
  },
  "discovery_method": "Unknown",
  "incident_id": "15EE9708-B1DF-430E-BEF5-70B1CD54EFC3",
  "plus": {
    "analysis_status": "First pass",
    "created": "2013-09-10T20:13:32Z",
    "master_id": "15EE9708-B1DF-430E-BEF5-70B1CD54EFC3",
    "timeline": {
      "notification": {
        "day": 22,
        "month": 1,
        "year": 2013
      }
    }
  },
  "reference": "https://oag.ca.gov/system/files/Sample%20Notice%20to%20Participants_0.pdf?",
  "schema_version": "1.2.1",
  "security_incident": "Confirmed",
  "source_id": "vcdb",
  "summary": "NECA/IBEM Family Medical Care Plan (FMCP) participants received disclosure documents related to benefits coverage and modifications.  The outside of the envelopes in which the documents arrived displayed participant Social Security numbers.",
  "timeline": {
    "incident": {
      "month": 12,
      "year": 2012
    }
  },
  "victim": {
    "country": "US",
    "employee_count": "Unknown",
    "industry": "813910",
    "state": "MD",
    "victim_id": "NECA/IBEW Family Medical Care Plan"
  }
}