{
  "action": {
    "hacking": {
      "notes": "",
      "variety": [
        "Unknown"
      ],
      "vector": [
        "Web application"
      ]
    }
  },
  "actor": {
    "external": {
      "country": [
        "Unknown"
      ],
      "motive": [
        "Financial"
      ],
      "variety": [
        "Unknown"
      ]
    }
  },
  "asset": {
    "assets": [
      {
        "variety": "S - Database"
      }
    ]
  },
  "attribute": {
    "confidentiality": {
      "data": [
        {
          "variety": "Payment"
        },
        {
          "variety": "Personal"
        }
      ],
      "data_disclosure": "Yes",
      "notes": "They didn't offer credit card monitoring but they did offer a 10% off coupon good on one order for one month.",
      "state": [
        "Stored"
      ]
    }
  },
  "discovery_method": "Unknown",
  "impact": {
    "overall_rating": "Unknown"
  },
  "incident_id": "15FF8174-6160-4D90-BE15-95E3E3B2EC4C",
  "notes": "",
  "plus": {
    "analysis_status": "First pass",
    "analyst": "swidup",
    "asset": {
      "total": "No"
    },
    "attribute": {
      "confidentiality": {
        "credit_monitoring": "N",
        "data_abuse": "U",
        "data_subject": "Customer"
      }
    },
    "created": "2013-04-29T22:55:37Z",
    "f500": "N",
    "master_id": "15FF8174-6160-4D90-BE15-95E3E3B2EC4C",
    "timeline": {
      "notification": {
        "day": 2,
        "month": 4,
        "year": 2013
      }
    }
  },
  "reference": "http://oag.ca.gov/system/files/ShopletCA%20notification4_2_13_0.pdf?",
  "schema_version": "1.2.1",
  "security_incident": "Confirmed",
  "source_id": "vcdb",
  "summary": "On January 11, 2013, we learned that a hacker may have accessed our systems. We immediately took steps to secure our systems, and implemented increased security controls to prevent this from happening in the future, including hiring a computer forensic investigator to determine what happened, installing a hardware firewall and moving our database server to a more secure zone. Law enforcement has been notified and we are cooperating with their investigation. Unfortunately, the hacker may have accessed the names, addresses, and credit card information of customers who purchased an item on our website. We are notifying you so that you can be aware of this situation and take steps to protect yourself from any harm, including contacting your bank and/or credit card company. It is important to carefully review your account statement over the next 12 to 24 months, and promptly report any suspect transactions to your credit card company. Please see the enclosed insert for more information.",
  "timeline": {
    "incident": {
      "day": 20,
      "month": 12,
      "year": 2012
    }
  },
  "victim": {
    "country": "US",
    "employee_count": "11 to 100",
    "industry": "541512",
    "notes": "",
    "revenue": {
      "amount": 7200000,
      "iso_currency_code": "USD"
    },
    "state": "NY",
    "victim_id": "Ellison Systems, Inc. d.b.a Shoplet.com"
  }
}