{
  "action": {
    "error": {
      "notes": " [through ]",
      "variety": [
        "Publishing error"
      ],
      "vector": [
        "Unknown"
      ]
    }
  },
  "actor": {
    "internal": {
      "motive": [
        "NA"
      ],
      "variety": [
        "Unknown"
      ]
    }
  },
  "asset": {
    "assets": [
      {
        "variety": "S - File"
      }
    ]
  },
  "attribute": {
    "confidentiality": {
      "data": [
        {
          "amount": 2300,
          "variety": "Medical"
        }
      ],
      "data_disclosure": "Potentially",
      "data_total": 2300,
      "notes": "",
      "state": [
        "Unknown"
      ]
    }
  },
  "discovery_method": "Unknown",
  "impact": {
    "overall_rating": "Unknown"
  },
  "incident_id": "16139591-3388-4BA0-84BF-2CA16A114793",
  "notes": "",
  "plus": {
    "analysis_status": "First pass",
    "analyst": "swidup",
    "asset": {
      "total": "No"
    },
    "attribute": {
      "confidentiality": {
        "credit_monitoring": "U",
        "data_abuse": "U",
        "data_subject": "Patient"
      }
    },
    "created": "2013-04-09T17:19:04Z",
    "f500": "N",
    "master_id": "16139591-3388-4BA0-84BF-2CA16A114793",
    "timeline": {
      "notification": {
        "day": 5,
        "month": 4,
        "year": 2013
      }
    }
  },
  "reference": "http://wnyt.com/article/stories/S2988422.shtml?cat=300",
  "schema_version": "1.2.1",
  "security_incident": "Confirmed",
  "source_id": "vcdb",
  "summary": "Glens Falls Hospital says the medical records of more than 2,300 patients may have been compromised.  The hospital says it stored those records for more than 4 months on an unprotected computer server.",
  "timeline": {
    "incident": {
      "year": 2013
    }
  },
  "victim": {
    "country": "US",
    "employee_count": "1001 to 10000",
    "industry": "621111",
    "notes": "",
    "revenue": {
      "amount": 299370000,
      "iso_currency_code": "USD"
    },
    "state": "NY",
    "victim_id": "Glens Falls Hospital"
  }
}