{
  "action": {
    "physical": {
      "location": [
        "Personal vehicle"
      ],
      "variety": [
        "Theft"
      ],
      "vector": [
        "Unknown"
      ]
    }
  },
  "actor": {
    "external": {
      "country": [
        "Unknown"
      ],
      "motive": [
        "Financial"
      ],
      "variety": [
        "Unknown"
      ]
    }
  },
  "asset": {
    "assets": [
      {
        "variety": "U - Laptop"
      }
    ]
  },
  "attribute": {
    "availability": {
      "variety": [
        "Loss"
      ]
    },
    "confidentiality": {
      "data": [
        {
          "variety": "Personal"
        }
      ],
      "data_disclosure": "Potentially",
      "notes": "",
      "state": [
        "Stored unencrypted"
      ]
    }
  },
  "discovery_method": "Unknown",
  "impact": {
    "overall_rating": "Unknown"
  },
  "incident_id": "16402C78-C1B6-43C8-A871-42F199DEFE49",
  "notes": "",
  "plus": {
    "analysis_status": "First pass",
    "analyst": "swidup",
    "asset": {
      "total": "No"
    },
    "attribute": {
      "confidentiality": {
        "credit_monitoring": "U",
        "data_abuse": "U",
        "data_subject": "Customer"
      }
    },
    "created": "2013-06-26T17:41:55Z",
    "f500": "N",
    "master_id": "16402C78-C1B6-43C8-A871-42F199DEFE49",
    "timeline": {
      "notification": {
        "day": 18,
        "month": 1,
        "year": 2013
      }
    }
  },
  "reference": "http://www.independent.ie/irish-news/laptop-with-olympics-plans-stolen-from-car-of-boxing-coach-28960094.html, http://www.herald.ie/entertainment/around-town/katies-plans-for-rio-glory-on-stolen-laptop-28964540.html",
  "schema_version": "1.2.1",
  "security_incident": "Confirmed",
  "source_id": "vcdb",
  "summary": "BOXING coach Billy Walsh has spoken of losing a laptop containing details of Team Ireland's plans for the next Olympics in Brazil.The laptop had been on the back seat of Mr Walsh's car outside his home in Wexford town when opportunist thieves struck and swiped it.  ",
  "timeline": {
    "incident": {
      "month": 1,
      "year": 2013
    }
  },
  "victim": {
    "country": "IE",
    "employee_count": "Unknown",
    "industry": "7112",
    "notes": "",
    "victim_id": "Irish Amateur Boxing Association (IABA) High Performance Team"
  }
}