{
  "action": {
    "physical": {
      "location": [
        "Victim work area"
      ],
      "variety": [
        "Theft"
      ],
      "vector": [
        "Unknown"
      ]
    }
  },
  "actor": {
    "external": {
      "country": [
        "Unknown"
      ],
      "motive": [
        "Financial"
      ],
      "variety": [
        "Unknown"
      ]
    }
  },
  "asset": {
    "assets": [
      {
        "variety": "U - Laptop"
      }
    ]
  },
  "attribute": {
    "availability": {
      "variety": [
        "Loss"
      ]
    },
    "confidentiality": {
      "data": [
        {
          "variety": "Personal"
        },
        {
          "variety": "Unknown"
        }
      ],
      "data_disclosure": "Potentially",
      "data_total": 2300,
      "notes": "The information on the laptop contained personal identifiable information (PII) of employees and students. ",
      "state": [
        "Stored unencrypted"
      ]
    }
  },
  "discovery_method": "Unknown",
  "impact": {
    "overall_rating": "Unknown"
  },
  "incident_id": "1659E13A-26FC-4B72-BB40-9CAD8D7F9348",
  "notes": "",
  "plus": {
    "analysis_status": "First pass",
    "analyst": "abooker",
    "asset": {
      "total": "No"
    },
    "attribute": {
      "confidentiality": {
        "credit_monitoring": "U",
        "data_abuse": "U",
        "data_subject": "Partner"
      }
    },
    "created": "2013-03-14T19:58:41Z",
    "f500": "N",
    "master_id": "1659E13A-26FC-4B72-BB40-9CAD8D7F9348",
    "timeline": {
      "notification": {
        "day": 15,
        "month": 11,
        "year": 2012
      }
    }
  },
  "reference": "http://nakedsecurity.sophos.com/2012/11/15/nasa-data-breach-stolen-laptop/; http://epic.org/2012/11/nasa-suffers-more-data-breache.html ",
  "schema_version": "1.2.1",
  "security_incident": "Confirmed",
  "source_id": "vcdb",
  "summary": "In March 2011, algorithms used to command and control the International Space Station were exposed. ",
  "timeline": {
    "incident": {
      "month": 3,
      "year": 2012
    }
  },
  "victim": {
    "country": "US",
    "employee_count": "10001 to 25000",
    "industry": "927110",
    "notes": "",
    "state": "DC",
    "victim_id": "Kennedy Space Center (NASA)"
  }
}