{
  "action": {
    "misuse": {
      "notes": "",
      "variety": [
        "Knowledge abuse",
        "Privilege abuse",
        "Data mishandling"
      ],
      "vector": [
        "Physical access",
        "LAN access"
      ]
    }
  },
  "actor": {
    "internal": {
      "motive": [
        "Financial"
      ],
      "notes": "",
      "variety": [
        "End-user"
      ]
    }
  },
  "asset": {
    "assets": [
      {
        "variety": "S - Database"
      },
      {
        "variety": "M - Documents"
      }
    ],
    "notes": ""
  },
  "attribute": {
    "confidentiality": {
      "data": [
        {
          "variety": "Medical"
        },
        {
          "variety": "Personal"
        }
      ],
      "data_disclosure": "Yes",
      "notes": "",
      "state": [
        "Stored"
      ]
    }
  },
  "discovery_method": "Int - reported by user",
  "impact": {
    "overall_rating": "Unknown"
  },
  "incident_id": "16C5CBFA-4B85-49C9-9DCE-15750183415F",
  "notes": "",
  "plus": {
    "analysis_status": "First pass",
    "analyst": "swidup",
    "asset": {
      "total": "No"
    },
    "attribute": {
      "confidentiality": {
        "credit_monitoring": "Y",
        "data_abuse": "Y",
        "data_subject": "Patient"
      }
    },
    "created": "2013-02-16T21:51:11Z",
    "f500": "N",
    "master_id": "16C5CBFA-4B85-49C9-9DCE-15750183415F",
    "timeline": {
      "notification": {
        "day": 7,
        "month": 12,
        "year": 2012
      }
    }
  },
  "reference": "http://doj.nh.gov/consumer/security-breaches/documents/ccs-medical-20121210.pdf ",
  "schema_version": "1.2.1",
  "security_incident": "Confirmed",
  "source_id": "vcdb",
  "summary": "On September 20, 2012, a CCS medical employee reported that another employee may have accessed, recorded and disclosed Social Security numbers and other personal information in order to submit false tax returns to the IRS and collect fraudulent tax refunds. CCS medical immediately initiated an internal investigation and suspended the employee. On October 17, 2012 following discussions with the IRS, CCS medical determine that the employee potentially engaged in the alleged wrongful access and disclosure.",
  "timeline": {
    "incident": {
      "day": 1,
      "month": 5,
      "year": 2012
    }
  },
  "victim": {
    "country": "US",
    "employee_count": "1001 to 10000",
    "industry": "423450",
    "notes": "",
    "revenue": {
      "amount": 130500000,
      "iso_currency_code": "USD"
    },
    "state": "FL",
    "victim_id": "CCS Medical, Inc."
  }
}