{
  "action": {
    "misuse": {
      "notes": "",
      "variety": [
        "Knowledge abuse",
        "Data mishandling"
      ],
      "vector": [
        "Physical access"
      ]
    }
  },
  "actor": {
    "partner": {
      "country": [
        "US"
      ],
      "industry": "522110",
      "motive": [
        "Financial"
      ],
      "notes": "F500"
    }
  },
  "asset": {
    "assets": [
      {
        "variety": "M - Documents"
      }
    ],
    "hosting": "External",
    "management": "External",
    "notes": ""
  },
  "attribute": {
    "confidentiality": {
      "data": [
        {
          "variety": "Bank"
        },
        {
          "variety": "Personal"
        }
      ],
      "data_disclosure": "Yes",
      "notes": "",
      "state": [
        "Stored"
      ]
    }
  },
  "discovery_method": "Ext - law enforcement",
  "impact": {
    "overall_rating": "Unknown"
  },
  "incident_id": "1712E719-712F-4EEB-AEC6-DC593B003A82",
  "notes": "",
  "plus": {
    "analysis_status": "First pass",
    "analyst": "swidup",
    "asset": {
      "total": "No"
    },
    "attribute": {
      "confidentiality": {
        "credit_monitoring": "U",
        "data_abuse": "Y",
        "data_subject": "Customer"
      }
    },
    "created": "2013-02-09T06:04:27Z",
    "f500": "N",
    "master_id": "1712E719-712F-4EEB-AEC6-DC593B003A82",
    "timeline": {
      "notification": {
        "day": 21,
        "month": 12,
        "year": 2012
      }
    }
  },
  "reference": "http://doj.nh.gov/consumer/security-breaches/documents/suntrust-loan-education-20121221.pdf, http://www.atg.state.vt.us/assets/files/SunTrust%20Security%20Breach%20Notice%20Ltr%20to%20consumer.pdf ",
  "schema_version": "1.2.1",
  "security_incident": "Confirmed",
  "source_id": "vcdb",
  "summary": "while executing a search warrant at the home of a former contractor police discovered loan documents pertaining to First Marblhead and Suntrust Loan Education.  The breach was first discovered on October 31, 2012. The company does not know the details of the specific documents.",
  "timeline": {
    "incident": {
      "year": 2012
    }
  },
  "victim": {
    "country": "US",
    "employee_count": "Unknown",
    "industry": "522110",
    "notes": "Partner was SunTrust",
    "state": "MA",
    "victim_id": "First Marblhead"
  }
}