{
  "action": {
    "physical": {
      "location": [
        "Victim grounds"
      ],
      "variety": [
        "Theft"
      ],
      "vector": [
        "Unknown"
      ]
    }
  },
  "actor": {
    "external": {
      "country": [
        "Unknown"
      ],
      "motive": [
        "Unknown"
      ],
      "variety": [
        "Unknown"
      ]
    }
  },
  "asset": {
    "assets": [
      {
        "variety": "U - Laptop"
      }
    ]
  },
  "attribute": {
    "availability": {
      "variety": [
        "Loss"
      ]
    },
    "confidentiality": {
      "data": [
        {
          "variety": "Medical"
        }
      ],
      "data_disclosure": "Potentially",
      "data_total": 20000,
      "notes": "It is unknown what information was contained on the patient records that were on the stolen laptop. ",
      "state": [
        "Stored"
      ]
    }
  },
  "discovery_method": "Unknown",
  "impact": {
    "overall_rating": "Unknown"
  },
  "incident_id": "1721F7E6-AE8F-4B0F-A649-9A21AC177D7F",
  "notes": "",
  "plus": {
    "analysis_status": "First pass",
    "analyst": "abooker",
    "asset": {
      "total": "No"
    },
    "attribute": {
      "confidentiality": {
        "credit_monitoring": "U",
        "data_abuse": "U",
        "data_subject": "Patient"
      }
    },
    "created": "2013-03-11T18:37:14Z",
    "f500": "U",
    "master_id": "1721F7E6-AE8F-4B0F-A649-9A21AC177D7F",
    "timeline": {
      "notification": {
        "day": 15,
        "month": 6,
        "year": 2012
      }
    }
  },
  "reference": "http://datasecurityweekly.com/roll-call-of-healthcare-data-breaches-for-2012/",
  "schema_version": "1.2.1",
  "security_incident": "Confirmed",
  "source_id": "vcdb",
  "summary": "A laptop was stolen that contained patient records.  ",
  "timeline": {
    "incident": {
      "year": 2012
    }
  },
  "victim": {
    "country": "US",
    "employee_count": "11 to 100",
    "industry": "621111",
    "notes": "",
    "revenue": {
      "amount": 5000000,
      "iso_currency_code": "USD"
    },
    "state": "IN",
    "victim_id": "Indiana Internal Medicine Consultants"
  }
}