{
  "action": {
    "physical": {
      "location": [
        "Unknown"
      ],
      "variety": [
        "Theft"
      ],
      "vector": [
        "Unknown"
      ]
    }
  },
  "actor": {
    "external": {
      "country": [
        "Unknown"
      ],
      "motive": [
        "Unknown"
      ],
      "variety": [
        "Unknown"
      ]
    }
  },
  "asset": {
    "assets": [
      {
        "variety": "M - Other"
      }
    ]
  },
  "attribute": {
    "availability": {
      "variety": [
        "Loss"
      ]
    },
    "confidentiality": {
      "data": [
        {
          "variety": "Unknown"
        }
      ],
      "data_disclosure": "Potentially",
      "data_total": 4873,
      "notes": "The theft of an electronic device exposed patient information.",
      "state": [
        "Stored"
      ]
    }
  },
  "discovery_method": "Unknown",
  "impact": {
    "overall_rating": "Unknown"
  },
  "incident_id": "1723A9AD-113B-472D-B0E0-9124C49B1A6D",
  "notes": "",
  "plus": {
    "analysis_status": "First pass",
    "analyst": "abooker",
    "asset": {
      "total": "No"
    },
    "attribute": {
      "confidentiality": {
        "credit_monitoring": "U",
        "data_abuse": "U",
        "data_subject": "Patient"
      }
    },
    "created": "2013-02-14T20:07:48Z",
    "f500": "N",
    "master_id": "1723A9AD-113B-472D-B0E0-9124C49B1A6D",
    "timeline": {
      "notification": {
        "year": 2012
      }
    }
  },
  "reference": "http://www.phiprivacy.net/?p=10484; http://www.privacyrights.org/data-breach",
  "schema_version": "1.2.1",
  "security_incident": "Confirmed",
  "source_id": "vcdb",
  "summary": "An electronic device was stolen that contained patient information.   ",
  "timeline": {
    "incident": {
      "day": 15,
      "month": 7,
      "year": 2012
    }
  },
  "victim": {
    "country": "US",
    "employee_count": "Unknown",
    "industry": "62",
    "notes": "",
    "state": "VA",
    "victim_id": "Valley Plastic Surgery, P.C."
  }
}