{
  "action": {
    "error": {
      "notes": "Public facility",
      "variety": [
        "Disposal error"
      ],
      "vector": [
        "Unknown"
      ]
    }
  },
  "actor": {
    "internal": {
      "motive": [
        "NA"
      ],
      "variety": [
        "End-user"
      ]
    }
  },
  "asset": {
    "assets": [
      {
        "variety": "M - Documents"
      }
    ]
  },
  "attribute": {
    "confidentiality": {
      "data": [
        {
          "variety": "Personal"
        },
        {
          "variety": "Medical"
        }
      ],
      "data_disclosure": "Potentially"
    }
  },
  "discovery_method": "Unknown",
  "incident_id": "17470D97-9346-415D-B3AE-E37B9837E092",
  "plus": {
    "analysis_status": "First pass",
    "created": "2013-09-10T20:13:32Z",
    "master_id": "17470D97-9346-415D-B3AE-E37B9837E092",
    "timeline": {
      "notification": {
        "day": 21,
        "month": 5,
        "year": 2013
      }
    }
  },
  "reference": "http://healthitsecurity.com/2013/05/21/erie-county-dss-investigating-health-data-breach/",
  "schema_version": "1.2.1",
  "security_incident": "Confirmed",
  "source_id": "vcdb",
  "summary": "An audit revealed that several employees had not been following correct protocol for patient record disposal.  Employees had inadvertently exposed Social Security numbers, copies of birth certificates, personal medical records, tax returns, bank account information, inmate records, payroll information, court records, and passports.  Employees should have been using locked disposal totes for shredding and were discarding documents in recycling totes instead.",
  "timeline": {
    "incident": {
      "year": 2013
    }
  },
  "victim": {
    "country": "US",
    "employee_count": "Unknown",
    "industry": "921110",
    "state": "NY",
    "victim_id": "Erie County Department of Social Services"
  }
}