{
  "action": {},
  "actor": {
    "unknown": {}
  },
  "asset": {},
  "attribute": {
    "confidentiality": {
      "data": [
        {
          "amount": 19100,
          "variety": "Medical"
        }
      ],
      "data_disclosure": "Potentially",
      "data_total": 19100
    }
  },
  "discovery_method": "Unknown",
  "impact": {
    "overall_rating": "Unknown"
  },
  "incident_id": "174DC2C2-C333-40BB-9E9B-317310FE2EEC",
  "plus": {
    "analysis_status": "First pass",
    "created": "2013-04-12T22:29:56Z",
    "master_id": "174DC2C2-C333-40BB-9E9B-317310FE2EEC",
    "timeline": {
      "notification": {}
    }
  },
  "schema_version": "1.2.1",
  "security_incident": "Confirmed",
  "source_id": "vcdb",
  "timeline": {
    "discovery": {
      "unit": "Months",
      "value": 12
    },
    "incident": {
      "day": 8,
      "month": 6,
      "year": 2012
    }
  },
  "victim": {
    "country": "US",
    "employee_count": "Over 100000",
    "industry": "524114",
    "state": "Mn",
    "victim_id": "UnitedHealth Group"
  }
}