{
  "action": {
    "error": {
      "notes": " [through Mail]",
      "variety": [
        "Publishing error"
      ],
      "vector": [
        "Unknown"
      ]
    }
  },
  "actor": {
    "internal": {
      "motive": [
        "NA"
      ],
      "variety": [
        "Other"
      ]
    }
  },
  "asset": {
    "assets": [
      {
        "variety": "M - Documents"
      }
    ]
  },
  "attribute": {
    "confidentiality": {
      "data": [
        {
          "variety": "Personal"
        }
      ],
      "data_disclosure": "Yes",
      "notes": "",
      "state": [
        "Stored"
      ]
    }
  },
  "discovery_method": "Unknown",
  "impact": {
    "overall_rating": "Unknown"
  },
  "incident_id": "1778916B-4F49-4E0F-8ABF-89F4A962A721",
  "notes": "",
  "plus": {
    "analysis_status": "First pass",
    "analyst": "swidup",
    "asset": {
      "total": "No"
    },
    "attribute": {
      "confidentiality": {
        "credit_monitoring": "Y",
        "data_abuse": "U",
        "data_subject": "Customer"
      }
    },
    "created": "2013-02-11T17:16:44Z",
    "f500": "N",
    "master_id": "1778916B-4F49-4E0F-8ABF-89F4A962A721",
    "timeline": {
      "notification": {
        "day": 13,
        "month": 2,
        "year": 2012
      }
    }
  },
  "reference": "http://www.atg.state.vt.us/assets/files/Alicare%20Inc%20Notice%20ltr%20to%20consumer.pdf",
  "schema_version": "1.2.1",
  "security_incident": "Confirmed",
  "source_id": "vcdb",
  "summary": "on January 13, 2012, Alicare, Inc., third-party administrator of the national retirement fund discovered a potential information security incident involving certain personal information of yours that was inadvertently provided to a mailing service imprinted on the mailing label affixed to a letter sent to you. The mailing label generated by the vendor inadvertently included the Social Security number of the participant the letter was addressed. It included your Social Security number along with your name and mailing address.",
  "timeline": {
    "incident": {
      "day": 10,
      "month": 1,
      "year": 2012
    }
  },
  "victim": {
    "country": "US",
    "employee_count": "101 to 1000",
    "industry": "525110",
    "notes": "",
    "state": "NY",
    "victim_id": "Alicare, Inc."
  }
}