{
  "action": {
    "misuse": {
      "notes": "",
      "variety": [
        "Privilege abuse"
      ],
      "vector": [
        "LAN access"
      ]
    }
  },
  "actor": {
    "partner": {
      "country": [
        "US"
      ],
      "industry": "561422",
      "motive": [
        "Unknown"
      ],
      "notes": ""
    }
  },
  "asset": {
    "assets": [
      {
        "variety": "S - Database"
      }
    ],
    "hosting": "External",
    "management": "External",
    "notes": ""
  },
  "attribute": {
    "confidentiality": {
      "data": [
        {
          "variety": "Personal"
        }
      ],
      "data_disclosure": "Yes",
      "notes": "",
      "state": [
        "Unknown"
      ]
    }
  },
  "discovery_method": "Unknown",
  "impact": {
    "overall_rating": "Unknown"
  },
  "incident_id": "17E44A87-62E5-4BA4-8AFA-ACF94D06C31C",
  "notes": "",
  "plus": {
    "analysis_status": "First pass",
    "analyst": "swidup",
    "asset": {
      "total": "No"
    },
    "attribute": {
      "confidentiality": {
        "credit_monitoring": "N",
        "data_abuse": "U",
        "data_subject": "Customer"
      }
    },
    "created": "2013-07-05T18:31:02Z",
    "f500": "U",
    "master_id": "17E44A87-62E5-4BA4-8AFA-ACF94D06C31C",
    "timeline": {
      "notification": {
        "day": 24,
        "month": 4,
        "year": 2013
      }
    }
  },
  "reference": "http://www.oag.state.md.us/idtheft/Breach%20Notices/itu-227160.pdf",
  "schema_version": "1.2.1",
  "security_incident": "Confirmed",
  "source_id": "vcdb",
  "summary": "DLP tool alerted on employees saving sensitive data to their systems.  Further investigation found additional instances where these employees had done this.  ",
  "timeline": {
    "incident": {
      "month": 8,
      "year": 2012
    }
  },
  "victim": {
    "country": "US",
    "employee_count": "1001 to 10000",
    "industry": "334111",
    "notes": "",
    "state": "CA",
    "victim_id": "Toshiba America Information Systems, Inc."
  }
}