{
  "action": {
    "misuse": {
      "notes": "",
      "variety": [
        "Knowledge abuse",
        "Privilege abuse",
        "Data mishandling",
        "Unapproved hardware"
      ],
      "vector": [
        "Physical access",
        "LAN access"
      ]
    }
  },
  "actor": {
    "internal": {
      "motive": [
        "Unknown"
      ],
      "notes": "",
      "variety": [
        "End-user"
      ]
    }
  },
  "asset": {
    "assets": [
      {
        "variety": "S - Database"
      },
      {
        "variety": "M - Disk drive"
      }
    ],
    "notes": "The hard drive was brought in by the employee and owned by them.",
    "ownership": "Employee"
  },
  "attribute": {
    "confidentiality": {
      "data": [
        {
          "amount": 4100,
          "variety": "Personal"
        }
      ],
      "data_disclosure": "Yes",
      "data_total": 4100,
      "notes": "",
      "state": [
        "Stored"
      ]
    }
  },
  "discovery_method": "Other",
  "impact": {
    "overall_rating": "Unknown"
  },
  "incident_id": "1814BC8C-DBAC-424C-A767-F93BD4CEB0CC",
  "notes": "",
  "plus": {
    "analysis_status": "First pass",
    "analyst": "swidup",
    "asset": {
      "total": "No"
    },
    "attribute": {
      "confidentiality": {
        "credit_monitoring": "Y",
        "data_abuse": "U",
        "data_subject": "Partner"
      }
    },
    "created": "2013-02-14T04:02:23Z",
    "f500": "N",
    "master_id": "1814BC8C-DBAC-424C-A767-F93BD4CEB0CC",
    "timeline": {
      "notification": {
        "day": 15,
        "month": 3,
        "year": 2012
      }
    }
  },
  "reference": "http://doj.nh.gov/consumer/security-breaches/documents/washington-university-20120315.pdf ",
  "schema_version": "1.2.1",
  "security_incident": "Confirmed",
  "source_id": "vcdb",
  "summary": "On February 17, 2012, our client, Washington University in St. Louis discovered that an employee was copying electronic files onto an external hard drive.  While the employee was authorized to see the data in these files, they were not authorized to copy the first onto an external drive that he brought to the office.    The information contained names, SSNs, addresses, and DOB.  ",
  "timeline": {
    "incident": {
      "year": 2012
    }
  },
  "victim": {
    "country": "US",
    "employee_count": "1001 to 10000",
    "industry": "611310",
    "notes": "",
    "revenue": {
      "amount": 2310000000,
      "iso_currency_code": "USD"
    },
    "state": "MO",
    "victim_id": "Washington University"
  }
}