{
  "action": {
    "physical": {
      "location": [
        "Victim work area"
      ],
      "variety": [
        "Theft"
      ],
      "vector": [
        "Unknown"
      ]
    }
  },
  "actor": {
    "external": {
      "country": [
        "Unknown"
      ],
      "motive": [
        "Unknown"
      ],
      "variety": [
        "Unknown"
      ]
    }
  },
  "asset": {
    "assets": [
      {
        "variety": "U - Laptop"
      }
    ]
  },
  "attribute": {
    "availability": {
      "variety": [
        "Loss"
      ]
    },
    "confidentiality": {
      "data": [
        {
          "variety": "Credentials"
        },
        {
          "variety": "Medical"
        },
        {
          "variety": "Personal"
        }
      ],
      "data_disclosure": "Potentially",
      "data_total": 3900,
      "notes": "The laptop did not contain complete patient health records, Social Security numbers, medication lists, financial data or anything \"that would be used from an identity theft perspective.\"  ",
      "state": [
        "Stored unencrypted"
      ]
    }
  },
  "discovery_method": "Int - reported by user",
  "impact": {
    "overall_rating": "Unknown"
  },
  "incident_id": "185683E7-75B4-4AB2-9201-73E28E250D95",
  "notes": "",
  "plus": {
    "analysis_status": "First pass",
    "analyst": "abooker",
    "asset": {
      "total": "No"
    },
    "attribute": {
      "confidentiality": {
        "credit_monitoring": "U",
        "data_abuse": "U",
        "data_subject": "Patient"
      }
    },
    "created": "2013-02-05T20:19:51Z",
    "f500": "N",
    "master_id": "185683E7-75B4-4AB2-9201-73E28E250D95",
    "timeline": {
      "notification": {
        "day": 23,
        "month": 7,
        "year": 2012
      }
    }
  },
  "reference": "http://www.bidmc.org/News/AroundBIDMC/2012/July/LaptopBreach.aspx; http://www.ihealthbeat.org/articles/2012/7/23/beth-israel-deaconess-notifying-3900-patients-about-data-breach.aspx",
  "schema_version": "1.2.1",
  "security_incident": "Confirmed",
  "source_id": "vcdb",
  "summary": "Data breach of a physician's personal laptop was stolen from the physician's office that contained personal health information about patients.   ",
  "timeline": {
    "compromise": {
      "unit": "Unknown"
    },
    "containment": {
      "unit": "Unknown"
    },
    "discovery": {
      "unit": "Months"
    },
    "exfiltration": {
      "unit": "Unknown"
    },
    "incident": {
      "day": 22,
      "month": 5,
      "year": 2012
    }
  },
  "victim": {
    "country": "US",
    "employee_count": "1001 to 10000",
    "industry": "622110",
    "notes": "Beth Israel Deaconess Medical Center is the official hospital for the Boston Red Sox baseball team and a teaching hospital of Harvard Medical School.  ",
    "revenue": {
      "amount": 575000000,
      "iso_currency_code": "USD"
    },
    "state": "MA",
    "victim_id": "Beth Israel Deaconess Medical Center"
  }
}