{
  "action": {
    "misuse": {
      "variety": [
        "Privilege abuse"
      ],
      "vector": [
        "LAN access"
      ]
    }
  },
  "actor": {
    "internal": {
      "motive": [
        "Financial"
      ],
      "variety": [
        "End-user"
      ]
    }
  },
  "asset": {
    "assets": [
      {
        "variety": "S - Mainframe"
      }
    ]
  },
  "attribute": {
    "confidentiality": {
      "data": [
        {
          "amount": 10,
          "variety": "Personal"
        }
      ],
      "data_disclosure": "Yes",
      "data_total": 10,
      "notes": "",
      "state": [
        "Stored"
      ]
    }
  },
  "discovery_method": "Unknown",
  "impact": {
    "loss": [
      {
        "rating": "Unknown",
        "variety": "Asset and fraud"
      },
      {
        "rating": "Unknown",
        "variety": "Brand damage"
      },
      {
        "rating": "Unknown",
        "variety": "Business disruption"
      },
      {
        "rating": "Unknown",
        "variety": "Operating costs"
      },
      {
        "rating": "Unknown",
        "variety": "Legal and regulatory"
      },
      {
        "rating": "Unknown",
        "variety": "Competitive advantage"
      },
      {
        "rating": "Unknown",
        "variety": "Response and recovery"
      }
    ],
    "overall_rating": "Unknown"
  },
  "incident_id": "1892F486-AB2C-4067-9DAC-1AFA5DF9193D",
  "notes": "",
  "plus": {
    "analysis_status": "First pass",
    "analyst": "blackfist",
    "asset": {
      "total": "No"
    },
    "attribute": {
      "confidentiality": {
        "credit_monitoring": "U",
        "data_abuse": "Y",
        "data_subject": "Patient"
      }
    },
    "created": "2013-06-04T14:13:03Z",
    "f500": "N",
    "master_id": "1892F486-AB2C-4067-9DAC-1AFA5DF9193D",
    "timeline": {
      "notification": {
        "day": 17,
        "month": 5,
        "year": 2013
      }
    }
  },
  "reference": "http://healthitsecurity.com/2013/05/17/community-health-sends-patients-data-breach-notifications/ (20130604) http://www.wishtv.com/dpp/news/crime/medical-worker-stole-patient-identities (20130604)",
  "schema_version": "1.2.1",
  "security_incident": "Confirmed",
  "source_id": "vcdb",
  "summary": "Hospital employee steals patient data for identity theft",
  "timeline": {
    "compromise": {
      "unit": "Unknown"
    },
    "containment": {
      "unit": "Days"
    },
    "discovery": {
      "unit": "Months"
    },
    "exfiltration": {
      "unit": "Unknown"
    },
    "incident": {
      "day": 15,
      "month": 3,
      "year": 2013
    }
  },
  "victim": {
    "country": "US",
    "employee_count": "Unknown",
    "industry": "621",
    "notes": "",
    "state": "IN",
    "victim_id": "Community Hospitals of Indiana"
  }
}