{
  "action": {
    "error": {
      "variety": [
        "Loss"
      ],
      "vector": [
        "Carelessness"
      ]
    }
  },
  "actor": {
    "internal": {
      "motive": [
        "NA"
      ],
      "variety": [
        "Unknown"
      ]
    }
  },
  "asset": {
    "assets": [
      {
        "variety": "M - Flash drive"
      }
    ]
  },
  "attribute": {
    "availability": {
      "variety": [
        "Loss"
      ]
    },
    "confidentiality": {
      "data": [
        {
          "amount": 808,
          "variety": "Medical"
        }
      ],
      "data_disclosure": "Potentially",
      "data_total": 808
    }
  },
  "discovery_method": "Unknown",
  "impact": {
    "overall_rating": "Unknown"
  },
  "incident_id": "18ACCA89-6AFF-44AE-8C2C-19B16BD4CC3B",
  "plus": {
    "analysis_status": "First pass",
    "created": "2013-04-12T22:29:56Z",
    "master_id": "18ACCA89-6AFF-44AE-8C2C-19B16BD4CC3B",
    "timeline": {
      "notification": {}
    }
  },
  "schema_version": "1.2.1",
  "security_incident": "Confirmed",
  "source_id": "vcdb",
  "timeline": {
    "discovery": {
      "unit": "Months",
      "value": 2
    },
    "incident": {
      "day": 28,
      "month": 10,
      "year": 2010
    }
  },
  "victim": {
    "country": "US",
    "employee_count": "Unknown",
    "industry": "525120",
    "state": "Pa",
    "victim_id": "Keystone/AmeriHealth Mercy Health Plans"
  }
}