{
  "action": {},
  "actor": {
    "external": {
      "country": [
        "Unknown"
      ],
      "motive": [
        "Financial"
      ],
      "variety": [
        "Unknown"
      ]
    }
  },
  "asset": {
    "assets": [
      {
        "variety": "Unknown"
      }
    ]
  },
  "attribute": {
    "confidentiality": {
      "data": [
        {
          "variety": "Payment"
        }
      ],
      "data_disclosure": "Yes"
    }
  },
  "discovery_method": "Unknown",
  "incident_id": "18CC27D9-18D8-499C-8786-10E707FF0EA3",
  "plus": {
    "analysis_status": "First pass",
    "created": "2013-09-10T20:13:32Z",
    "master_id": "18CC27D9-18D8-499C-8786-10E707FF0EA3",
    "timeline": {
      "notification": {
        "day": 17,
        "month": 6,
        "year": 2013
      }
    }
  },
  "reference": "http://www.bizjournals.com/sacramento/news/2013/06/17/yolo-federal-credit-union-cards-customer.html",
  "schema_version": "1.2.1",
  "security_incident": "Confirmed",
  "source_id": "vcdb",
  "summary": "Yolo was notified by Visa that there may have been a breach at several merchant locations.  Yolo was not the sight of the breach, but customers were issued new payment cards.  The issue was reported to Yolo on May 31.  ",
  "timeline": {
    "incident": {
      "year": 2013
    }
  },
  "victim": {
    "country": "US",
    "employee_count": "11 to 100",
    "industry": "522130",
    "state": "CA",
    "victim_id": "Yolo Federal Credit Union"
  }
}