{
  "action": {
    "misuse": {
      "notes": "",
      "variety": [
        "Knowledge abuse",
        "Data mishandling"
      ],
      "vector": [
        "Physical access"
      ]
    }
  },
  "actor": {
    "partner": {
      "country": [
        "US"
      ],
      "industry": "000000",
      "motive": [
        "Financial"
      ],
      "notes": ""
    }
  },
  "asset": {
    "assets": [
      {
        "variety": "M - Other"
      }
    ],
    "hosting": "External",
    "management": "External",
    "notes": ""
  },
  "attribute": {
    "confidentiality": {
      "data_disclosure": "Yes",
      "notes": "",
      "state": [
        "Stored unencrypted"
      ]
    }
  },
  "discovery_method": "Unknown",
  "impact": {
    "overall_rating": "Unknown"
  },
  "incident_id": "19152A4F-B7D4-4490-8371-00B01A50EA6B",
  "notes": "",
  "plus": {
    "analysis_status": "First pass",
    "analyst": "swidup",
    "asset": {
      "total": "No"
    },
    "attribute": {
      "confidentiality": {
        "credit_monitoring": "U",
        "data_abuse": "Y",
        "data_subject": "Patient"
      }
    },
    "created": "2013-06-05T22:29:28Z",
    "f500": "N",
    "master_id": "19152A4F-B7D4-4490-8371-00B01A50EA6B",
    "timeline": {
      "notification": {
        "day": 8,
        "month": 5,
        "year": 2013
      }
    }
  },
  "reference": "http://www.ecrmc.org/news-&-updates/&/view/event/id/118/",
  "schema_version": "1.2.1",
  "security_incident": "Confirmed",
  "source_id": "vcdb",
  "summary": "On March 22, 2013, law enforcement notified El Centro that x-rays we had provided to a trusted vendor for digitization and destruction were missing from a storage warehouse and may not have been properly destroyed.  We immediately began a thorough internal investigation to determine what happened to the x-rays, but we have been unable to find the missing x-rays and have not been able to make contact with the vendor.  The missing documents include patients\u2019 x-rays, paper jackets containing the films, and sometimes a written interpretation. The information involved may include patient names, dates of birth, addresses, medical record numbers, El Centro account numbers, physicians\u2019 names, diagnoses, radiology procedures, radiology interpretations, health insurance numbers, and in some instances Social Security numbers. We no longer do business with the vendor. ",
  "timeline": {
    "incident": {
      "year": 2013
    }
  },
  "victim": {
    "country": "US",
    "employee_count": "101 to 1000",
    "industry": "622110",
    "notes": "",
    "revenue": {
      "amount": 40700000,
      "iso_currency_code": "USD"
    },
    "state": "CA",
    "victim_id": "El Centro Regional Medical Center"
  }
}