{
  "action": {
    "physical": {
      "location": [
        "Victim work area"
      ],
      "variety": [
        "Theft"
      ],
      "vector": [
        "Unknown"
      ]
    }
  },
  "actor": {
    "external": {
      "country": [
        "Unknown"
      ],
      "motive": [
        "Financial"
      ],
      "variety": [
        "Unknown"
      ]
    }
  },
  "asset": {
    "assets": [
      {
        "variety": "U - Desktop"
      }
    ]
  },
  "attribute": {
    "availability": {
      "duration": {
        "unit": "Never"
      },
      "notes": "",
      "variety": [
        "Loss"
      ]
    },
    "confidentiality": {
      "data": [
        {
          "amount": 5000,
          "variety": "Bank"
        }
      ],
      "data_disclosure": "Yes",
      "data_total": 5000,
      "notes": "",
      "state": [
        "Stored unencrypted"
      ]
    }
  },
  "discovery_method": "Unknown",
  "impact": {
    "overall_rating": "Unknown"
  },
  "incident_id": "1A611E67-327E-422E-BB05-914A18BA6A8F",
  "notes": "",
  "plus": {
    "analysis_status": "First pass",
    "analyst": "Splitler",
    "asset": {
      "total": "No"
    },
    "attribute": {
      "confidentiality": {
        "credit_monitoring": "U",
        "data_abuse": "U",
        "data_subject": ""
      }
    },
    "created": "2013-06-06T16:11:59Z",
    "f500": "N",
    "master_id": "1A611E67-327E-422E-BB05-914A18BA6A8F",
    "timeline": {
      "notification": {
        "day": 28,
        "month": 2,
        "year": 2013
      }
    }
  },
  "reference": "http://www.wftv.com/news/news/local/computer-theft-hoa-management-company-puts-residen/nWc8P/",
  "schema_version": "1.2.1",
  "security_incident": "Confirmed",
  "source_id": "vcdb",
  "summary": "HOA Management company suffers a burglary that results in a server being stolen. Server contains homeowners' names and bank account information. Discovered when owner could not log into server remotely.",
  "timeline": {
    "compromise": {
      "unit": "Seconds"
    },
    "containment": {
      "unit": "Unknown"
    },
    "discovery": {
      "unit": "Days"
    },
    "exfiltration": {
      "unit": "Minutes"
    },
    "incident": {
      "day": 25,
      "month": 2,
      "year": 2013
    }
  },
  "victim": {
    "country": "US",
    "employee_count": "1 to 10",
    "industry": "5611",
    "notes": "",
    "state": "FL",
    "victim_id": "Florida Association Management"
  }
}