{
  "action": {
    "error": {
      "variety": [
        "Publishing error"
      ],
      "vector": [
        "Unknown"
      ]
    }
  },
  "actor": {
    "internal": {
      "motive": [
        "NA"
      ],
      "variety": [
        "Unknown"
      ]
    }
  },
  "asset": {
    "assets": [
      {
        "variety": "S - Web application"
      }
    ]
  },
  "attribute": {
    "confidentiality": {
      "data": [
        {
          "variety": "Personal"
        },
        {
          "variety": "Medical"
        }
      ],
      "data_disclosure": "Potentially",
      "data_total": 2300
    }
  },
  "discovery_method": "Unknown",
  "incident_id": "1A86D598-6275-4D99-BC49-89287C1E7A1D",
  "plus": {
    "analysis_status": "First pass",
    "created": "2013-09-10T20:13:32Z",
    "master_id": "1A86D598-6275-4D99-BC49-89287C1E7A1D",
    "timeline": {
      "notification": {
        "day": 23,
        "month": 4,
        "year": 2013
      }
    }
  },
  "reference": "http://healthitsecurity.com/2013/04/22/glens-falls-hospital-patients-file-suit-over-data-breach/, http://www.saratogian.com/articles/2013/04/19/news/doc5171698f495b1242435394.txt",
  "schema_version": "1.2.1",
  "security_incident": "Confirmed",
  "source_id": "vcdb",
  "summary": "Two patients ran a google search of their names and were able to find their medical information online.  Doctors' reports with medications, medical treatments, lab information, future and past treatment plans, physical examination information, and lifestyle information could be downloaded by anyone who found the information online.  The documents were from November 2012 through January 2013 and discovered online in mid-March.  Portal Healthcare secured the sensitive information on its servers on March 14.  A lawsuit was filed against Glens Falls Hospital, Portal Healthcare Solutions LLC, and Carpathia Hosting in mid-April for patient privacy violations.",
  "timeline": {
    "incident": {
      "day": 2,
      "month": 11,
      "year": 2012
    }
  },
  "victim": {
    "country": "US",
    "employee_count": "1001 to 10000",
    "industry": "621111",
    "secondary": {
      "amount": 1,
      "victim_id": [
        "Portal Healthcare Solutions"
      ]
    },
    "state": "NY",
    "victim_id": "Glens Falls Hospital"
  }
}