{
  "action": {},
  "actor": {
    "unknown": {}
  },
  "asset": {
    "assets": [
      {
        "variety": "M - Documents"
      }
    ]
  },
  "attribute": {
    "confidentiality": {
      "data": [
        {
          "amount": 3950,
          "variety": "Medical"
        }
      ],
      "data_disclosure": "Potentially",
      "data_total": 3950
    }
  },
  "discovery_method": "Unknown",
  "impact": {
    "overall_rating": "Unknown"
  },
  "incident_id": "1AB6CA6E-2D3D-43A7-A9ED-4667F86388E0",
  "plus": {
    "analysis_status": "First pass",
    "created": "2013-04-12T22:29:56Z",
    "master_id": "1AB6CA6E-2D3D-43A7-A9ED-4667F86388E0"
  },
  "schema_version": "1.2.1",
  "security_incident": "Confirmed",
  "source_id": "vcdb",
  "timeline": {
    "discovery": {
      "unit": "Unknown"
    },
    "incident": {
      "day": 1,
      "month": 7,
      "year": 2011
    }
  },
  "victim": {
    "country": "US",
    "employee_count": "11 to 100",
    "industry": "813319",
    "state": "Wa",
    "victim_id": "Washington State Department of Social and Health Services"
  }
}