{
  "action": {
    "hacking": {
      "notes": "",
      "variety": [
        "Unknown"
      ],
      "vector": [
        "Web application"
      ]
    }
  },
  "actor": {
    "external": {
      "country": [
        "Unknown"
      ],
      "motive": [
        "Unknown"
      ],
      "variety": [
        "Unaffiliated"
      ]
    }
  },
  "asset": {
    "assets": [
      {
        "variety": "Unknown"
      }
    ]
  },
  "attribute": {
    "confidentiality": {
      "data": [
        {
          "variety": "Personal"
        }
      ],
      "data_disclosure": "Yes",
      "data_total": 80461,
      "notes": "It was posted that email addresses, usernames and password hashes were made available by the hacker.",
      "state": [
        "Stored"
      ]
    }
  },
  "discovery_method": "Ext - unrelated party",
  "impact": {
    "overall_rating": "Unknown"
  },
  "incident_id": "1ACE76A7-BC75-47F1-832F-F3FD00706618",
  "notes": "",
  "plus": {
    "analysis_status": "First pass",
    "analyst": "abooker",
    "asset": {
      "total": "No"
    },
    "attribute": {
      "confidentiality": {
        "credit_monitoring": "U",
        "data_abuse": "Y",
        "data_subject": "Customer"
      }
    },
    "created": "2013-02-18T17:51:38Z",
    "f500": "N",
    "master_id": "1ACE76A7-BC75-47F1-832F-F3FD00706618",
    "timeline": {
      "notification": {
        "day": 24,
        "month": 3,
        "year": 2012
      }
    }
  },
  "reference": "http://news.softpedia.com/news/80-000-User-Accounts-Leaked-from-MiniMins-Com-260677.shtml ",
  "schema_version": "1.2.1",
  "security_incident": "Confirmed",
  "source_id": "vcdb",
  "summary": "A hacker called Le0nB3lm0nt breached minimins.com, a popular weight loss support forum, leaking the website\u2019s entire database, totaling 80,461 record sets.",
  "timeline": {
    "incident": {
      "year": 2012
    }
  },
  "victim": {
    "country": "US",
    "employee_count": "Unknown",
    "industry": "541990",
    "notes": "MiniMins.com is a  Weight Loss Support Forum website",
    "state": "CA",
    "victim_id": "MiniMins.com"
  }
}