{
  "action": {},
  "actor": {
    "unknown": {}
  },
  "asset": {
    "assets": [
      {
        "variety": "U - Desktop"
      }
    ]
  },
  "attribute": {
    "confidentiality": {
      "data": [
        {
          "amount": 552,
          "variety": "Medical"
        }
      ],
      "data_disclosure": "Potentially",
      "data_total": 552
    }
  },
  "discovery_method": "Unknown",
  "impact": {
    "overall_rating": "Unknown"
  },
  "incident_id": "1AF5AA87-3F90-4F1E-A387-4AFB8DF69857",
  "plus": {
    "analysis_status": "First pass",
    "created": "2013-04-12T22:29:56Z",
    "master_id": "1AF5AA87-3F90-4F1E-A387-4AFB8DF69857",
    "timeline": {
      "notification": {}
    }
  },
  "schema_version": "1.2.1",
  "security_incident": "Confirmed",
  "source_id": "vcdb",
  "timeline": {
    "discovery": {
      "unit": "Months",
      "value": 8
    },
    "incident": {
      "day": 7,
      "month": 2,
      "year": 2013
    }
  },
  "victim": {
    "country": "US",
    "employee_count": "1 to 10",
    "industry": "62191",
    "state": "Md",
    "victim_id": "1st Response Medical Transport Corp."
  }
}