{
  "action": {
    "hacking": {
      "notes": "",
      "variety": [
        "Unknown"
      ],
      "vector": [
        "Unknown"
      ]
    }
  },
  "actor": {
    "external": {
      "country": [
        "Unknown"
      ],
      "motive": [
        "Fun"
      ],
      "variety": [
        "Unknown"
      ]
    }
  },
  "asset": {
    "assets": [
      {
        "variety": "S - Database"
      }
    ]
  },
  "attribute": {
    "confidentiality": {
      "data": [
        {
          "amount": 300,
          "variety": "Credentials"
        },
        {
          "variety": "System"
        }
      ],
      "data_disclosure": "Yes",
      "data_total": 300,
      "notes": "",
      "state": [
        "Unknown"
      ]
    }
  },
  "discovery_method": "Ext - actor disclosure",
  "impact": {
    "overall_rating": "Unknown"
  },
  "incident_id": "1B1CF762-4B41-49B6-85F7-20AED3A61DB4",
  "notes": "",
  "plus": {
    "analysis_status": "First pass",
    "analyst": "Splitler",
    "asset": {
      "total": "No"
    },
    "attribute": {
      "confidentiality": {
        "credit_monitoring": "U",
        "data_abuse": "U",
        "data_subject": ""
      }
    },
    "created": "2013-02-22T20:48:45Z",
    "f500": "Y",
    "master_id": "1B1CF762-4B41-49B6-85F7-20AED3A61DB4",
    "timeline": {
      "notification": {
        "day": 15,
        "month": 6,
        "year": 2012
      }
    }
  },
  "reference": "http://www.cyberwarnews.info/2012/06/15/directv-hacked-data-and-accounts-leaked-by-teamintricate/",
  "schema_version": "1.2.1",
  "security_incident": "Confirmed",
  "source_id": "vcdb",
  "summary": "@TeamIntricate has announced they have hacked DIRECTV http://www.usdirect.com/ and as a result they have posted a leak of data to pastebin.",
  "timeline": {
    "compromise": {
      "unit": "Unknown"
    },
    "containment": {
      "unit": "Unknown"
    },
    "discovery": {
      "unit": "Unknown"
    },
    "exfiltration": {
      "unit": "Unknown"
    },
    "incident": {
      "year": 2012
    }
  },
  "victim": {
    "country": "US",
    "employee_count": "25001 to 50000",
    "industry": "515210",
    "notes": "",
    "revenue": {
      "amount": 29000000000,
      "iso_currency_code": "USD"
    },
    "state": "CA",
    "victim_id": "DirectTV"
  }
}