{
  "action": {
    "error": {
      "variety": [
        "Disposal error"
      ],
      "vector": [
        "Unknown"
      ]
    }
  },
  "actor": {
    "internal": {
      "motive": [
        "NA"
      ],
      "variety": [
        "Unknown"
      ]
    }
  },
  "asset": {
    "assets": [
      {
        "variety": "M - Documents"
      }
    ]
  },
  "attribute": {
    "confidentiality": {
      "data": [
        {
          "amount": 500,
          "variety": "Medical"
        }
      ],
      "data_disclosure": "Potentially",
      "data_total": 500
    }
  },
  "discovery_method": "Unknown",
  "impact": {
    "overall_rating": "Unknown"
  },
  "incident_id": "1B71B98D-AF53-46D7-B8CA-2409B9DB9267",
  "plus": {
    "analysis_status": "First pass",
    "created": "2013-04-12T22:29:56Z",
    "master_id": "1B71B98D-AF53-46D7-B8CA-2409B9DB9267"
  },
  "schema_version": "1.2.1",
  "security_incident": "Confirmed",
  "source_id": "vcdb",
  "timeline": {
    "discovery": {
      "unit": "Unknown"
    },
    "incident": {
      "day": 1,
      "month": 10,
      "year": 2010
    }
  },
  "victim": {
    "country": "US",
    "employee_count": "101 to 1000",
    "industry": "622110",
    "state": "Oh",
    "victim_id": "Knox Community Hospital"
  }
}