{
  "action": {
    "hacking": {
      "cve": "",
      "notes": "",
      "variety": [
        "Unknown"
      ],
      "vector": [
        "Unknown"
      ]
    }
  },
  "actor": {
    "external": {
      "country": [
        "Unknown"
      ],
      "motive": [
        "Ideology"
      ],
      "notes": "GhostShell for ProjectWhiteFox.",
      "variety": [
        "Activist"
      ]
    }
  },
  "asset": {
    "assets": [
      {
        "variety": "S - Other"
      }
    ],
    "notes": ""
  },
  "attribute": {
    "confidentiality": {
      "data": [
        {
          "amount": 1600000,
          "variety": "Credentials"
        }
      ],
      "data_disclosure": "Yes",
      "data_total": 1600000,
      "notes": "",
      "state": [
        "Stored"
      ]
    }
  },
  "discovery_method": "Ext - actor disclosure",
  "impact": {
    "overall_rating": "Unknown"
  },
  "incident_id": "1B8AB0DD-2EBE-45AA-A1BD-294F7B74FA54",
  "notes": "",
  "plus": {
    "analysis_status": "First pass",
    "analyst": "swidup",
    "asset": {
      "total": "Yes"
    },
    "attribute": {
      "confidentiality": {
        "credit_monitoring": "U",
        "data_abuse": "Y",
        "data_subject": "Partner"
      }
    },
    "created": "2013-02-23T03:00:35Z",
    "f500": "N",
    "master_id": "1B8AB0DD-2EBE-45AA-A1BD-294F7B74FA54",
    "timeline": {
      "notification": {
        "day": 11,
        "month": 12,
        "year": 2012
      }
    }
  },
  "reference": "http://www.theregister.co.uk/2012/12/11/ghostshell_christmas_release/ ",
  "schema_version": "1.2.1",
  "security_incident": "Confirmed",
  "source_id": "vcdb",
  "summary": "The hacking collecting GhostShell has announced it has finished operations for the year, but has signed off with a dump of around 1.6 million account details purloined from government, military, and industry.  The group claimed the accounts come from the ESA, NASA, Pentagon, Federal Reserve, Interpol, FBI, and firms in the aerospace and military contracting field, as well as some security companies. It also claims to have sent emails highlighting failures in 150 servers to the security chiefs of the hacked organizations.",
  "timeline": {
    "incident": {
      "year": 2012
    }
  },
  "victim": {
    "country": "US",
    "employee_count": "1001 to 10000",
    "industry": "92212",
    "notes": "",
    "secondary": {
      "amount": 4,
      "victim_id": [
        "NASA",
        "ESA",
        "Federal Reserve Bank",
        "Interpol"
      ]
    },
    "state": "DC",
    "victim_id": "Federal Bureau of Investigation (FBI)"
  }
}