{
  "action": {
    "social": {
      "notes": "This was someone creating a fake customer profile and using it to commit transaction fraud.",
      "target": [
        "Other"
      ],
      "variety": [
        "Forgery"
      ],
      "vector": [
        "Website"
      ]
    }
  },
  "actor": {
    "external": {
      "country": [
        "Unknown"
      ],
      "motive": [
        "Financial"
      ],
      "notes": "",
      "variety": [
        "Unknown"
      ]
    }
  },
  "asset": {
    "assets": [
      {
        "variety": "S - Web application"
      },
      {
        "variety": "P - Other"
      }
    ],
    "notes": ""
  },
  "attribute": {
    "confidentiality": {
      "data": [
        {
          "variety": "Payment"
        },
        {
          "variety": "Personal"
        }
      ],
      "data_disclosure": "Yes",
      "data_total": 1,
      "notes": "",
      "state": [
        "Stored"
      ]
    },
    "integrity": {
      "notes": "",
      "variety": [
        "Created account",
        "Alter behavior"
      ]
    }
  },
  "discovery_method": "Unknown",
  "impact": {
    "overall_rating": "Unknown"
  },
  "incident_id": "1BA9B9B3-4CD9-4EEA-AC99-9FD947DB7ED7",
  "notes": "",
  "plus": {
    "analysis_status": "First pass",
    "analyst": "swidup",
    "asset": {
      "total": "No"
    },
    "attribute": {
      "confidentiality": {
        "credit_monitoring": "Y",
        "data_abuse": "Y",
        "data_subject": "Customer"
      }
    },
    "created": "2013-02-06T22:24:25Z",
    "f500": "N",
    "master_id": "1BA9B9B3-4CD9-4EEA-AC99-9FD947DB7ED7",
    "timeline": {
      "notification": {
        "day": 2,
        "month": 4,
        "year": 2012
      }
    }
  },
  "reference": "http://doj.nh.gov/consumer/security-breaches/documents/bjs-20120402.pdf ",
  "schema_version": "1.2.1",
  "security_incident": "Confirmed",
  "source_id": "vcdb",
  "summary": "On March 1, 2012, BJ's Wholesale Club learned of the unauthorized use of the name, address and membership number of a resident of the State of New Hampshire.  The data was used to create a new online profile on BJs.com, which was used to purchase goods on the website.  The purchases were made between 11/11 and 3/12 using fraudulent credit cards.  In addition, this profile contained a SSN which was provided by him for check writing privileges at BJs.  ",
  "timeline": {
    "incident": {
      "month": 11,
      "year": 2011
    }
  },
  "victim": {
    "country": "US",
    "employee_count": "10001 to 25000",
    "industry": "452910",
    "notes": "",
    "revenue": {
      "amount": 10880000,
      "iso_currency_code": "USD"
    },
    "state": "MA",
    "victim_id": "BJ's Wholesale Club"
  }
}