{
  "action": {
    "hacking": {
      "notes": "",
      "variety": [
        "Unknown"
      ],
      "vector": [
        "Web application"
      ]
    }
  },
  "actor": {
    "external": {
      "country": [
        "Unknown"
      ],
      "motive": [
        "Unknown"
      ],
      "variety": [
        "Unknown"
      ]
    }
  },
  "asset": {
    "assets": [
      {
        "variety": "S - Web application"
      }
    ]
  },
  "attribute": {
    "confidentiality": {
      "data": [
        {
          "amount": 800,
          "variety": "Personal"
        }
      ],
      "data_disclosure": "Potentially",
      "data_total": 800,
      "notes": "",
      "state": [
        "Unknown"
      ]
    }
  },
  "discovery_method": "Unknown",
  "impact": {
    "loss": [
      {
        "rating": "Unknown",
        "variety": "Asset and fraud"
      },
      {
        "rating": "Unknown",
        "variety": "Brand damage"
      },
      {
        "rating": "Unknown",
        "variety": "Business disruption"
      },
      {
        "rating": "Unknown",
        "variety": "Operating costs"
      },
      {
        "rating": "Unknown",
        "variety": "Legal and regulatory"
      },
      {
        "rating": "Unknown",
        "variety": "Competitive advantage"
      },
      {
        "rating": "Unknown",
        "variety": "Response and recovery"
      }
    ],
    "overall_rating": "Unknown"
  },
  "incident_id": "1BC90A19-EACC-4B4C-AE39-FD118A8D5AC6",
  "notes": "",
  "plus": {
    "analysis_status": "First pass",
    "analyst": "blackfist",
    "asset": {
      "total": "No"
    },
    "attribute": {
      "confidentiality": {
        "credit_monitoring": "N",
        "data_abuse": "U",
        "data_subject": "Student"
      }
    },
    "created": "2013-02-12T21:28:00Z",
    "f500": "N",
    "master_id": "1BC90A19-EACC-4B4C-AE39-FD118A8D5AC6",
    "timeline": {
      "notification": {
        "day": 20,
        "month": 7,
        "year": 2012
      }
    }
  },
  "reference": "http://www.heraldextra.com/news/local/central/provo/small-data-breach-at-byu-put-student-information-at-risk/article_6f8e62b6-15fa-5a78-b808-e5cad9ba6dc3.html (20130212) http://www.deseretnews.com/article/865559300/800-Social-Security-numbers-of-BYU-students-leaked.html?pg=all (20130212)",
  "schema_version": "1.2.1",
  "security_incident": "Confirmed",
  "source_id": "vcdb",
  "summary": "Website hack may have resulted in the loss of 800 personal records",
  "timeline": {
    "compromise": {
      "unit": "Unknown"
    },
    "containment": {
      "unit": "Hours"
    },
    "discovery": {
      "unit": "Unknown"
    },
    "exfiltration": {
      "unit": "Unknown"
    },
    "incident": {
      "day": 10,
      "month": 6,
      "year": 2012
    }
  },
  "victim": {
    "country": "US",
    "employee_count": "1001 to 10000",
    "industry": "6113",
    "notes": "",
    "state": "UT",
    "victim_id": "Bringham Young University"
  }
}