{
  "action": {
    "malware": {
      "cve": "",
      "name": "",
      "variety": [
        "Ram scraper",
        "Spyware/Keylogger"
      ],
      "vector": [
        "Unknown"
      ]
    }
  },
  "actor": {
    "external": {
      "country": [
        "RU"
      ],
      "motive": [
        "Financial"
      ],
      "notes": "",
      "variety": [
        "Organized crime"
      ]
    }
  },
  "asset": {
    "assets": [
      {
        "variety": "U - Desktop"
      }
    ],
    "notes": ""
  },
  "attribute": {
    "confidentiality": {
      "data": [
        {
          "variety": "Credentials"
        },
        {
          "variety": "Bank"
        },
        {
          "variety": "Personal"
        }
      ],
      "data_disclosure": "Yes",
      "notes": "",
      "state": [
        "Transmitted unencrypted"
      ]
    },
    "integrity": {
      "variety": [
        "Software installation"
      ]
    }
  },
  "discovery_method": "Unknown",
  "impact": {
    "loss": [
      {
        "rating": "Unknown",
        "variety": "Asset and fraud"
      },
      {
        "rating": "Unknown",
        "variety": "Brand damage"
      },
      {
        "rating": "Unknown",
        "variety": "Business disruption"
      },
      {
        "rating": "Unknown",
        "variety": "Operating costs"
      },
      {
        "rating": "Unknown",
        "variety": "Legal and regulatory"
      },
      {
        "rating": "Unknown",
        "variety": "Competitive advantage"
      },
      {
        "rating": "Moderate",
        "variety": "Response and recovery"
      }
    ],
    "overall_rating": "Unknown"
  },
  "incident_id": "1BD1AFD5-8280-4DFD-9AC9-FEFBA1801378",
  "notes": "",
  "plus": {
    "analysis_status": "First pass",
    "analyst": "blackfist",
    "asset": {
      "total": "No"
    },
    "attribute": {
      "confidentiality": {
        "credit_monitoring": "U",
        "data_abuse": "U",
        "data_subject": "Student"
      }
    },
    "created": "2013-06-06T13:55:18Z",
    "f500": "N",
    "master_id": "1BD1AFD5-8280-4DFD-9AC9-FEFBA1801378",
    "timeline": {
      "notification": {
        "day": 13,
        "month": 1,
        "year": 2012
      }
    }
  },
  "reference": "http://www.sfgate.com/education/article/Viruses-stole-City-College-of-S-F-data-for-years-2502338.php (20130606)",
  "schema_version": "1.2.1",
  "security_incident": "Confirmed",
  "source_id": "vcdb",
  "summary": "Massive malware infection at City College of San Francisco",
  "timeline": {
    "compromise": {
      "unit": "Unknown"
    },
    "containment": {
      "unit": "Unknown"
    },
    "discovery": {
      "unit": "Years"
    },
    "exfiltration": {
      "unit": "Days"
    },
    "incident": {
      "year": 2003
    }
  },
  "victim": {
    "country": "US",
    "employee_count": "Unknown",
    "industry": "611310",
    "notes": "",
    "state": "CA",
    "victim_id": "City College of San Francisco"
  }
}