{
  "action": {
    "physical": {
      "location": [
        "Victim public area"
      ],
      "variety": [
        "Tampering"
      ],
      "vector": [
        "Unknown"
      ]
    }
  },
  "actor": {
    "external": {
      "country": [
        "Unknown"
      ],
      "motive": [
        "Financial"
      ],
      "variety": [
        "Unaffiliated"
      ]
    }
  },
  "asset": {
    "assets": [
      {
        "variety": "T - ATM"
      }
    ]
  },
  "attribute": {
    "confidentiality": {
      "data": [
        {
          "amount": 50,
          "variety": "Payment"
        }
      ],
      "data_disclosure": "Yes",
      "data_total": 50,
      "notes": "",
      "state": [
        "Processed"
      ]
    },
    "integrity": {
      "notes": "",
      "variety": [
        "Hardware tampering"
      ]
    }
  },
  "discovery_method": "Unknown",
  "impact": {
    "overall_rating": "Unknown"
  },
  "incident_id": "1BE53E92-BF21-4ACA-AFFA-978EB2DF881F",
  "notes": "",
  "plus": {
    "analysis_status": "First pass",
    "analyst": "Splitler",
    "asset": {
      "total": "No"
    },
    "attribute": {
      "confidentiality": {
        "credit_monitoring": "U",
        "data_abuse": "Y",
        "data_subject": ""
      }
    },
    "created": "2013-07-09T12:59:34Z",
    "f500": "U",
    "master_id": "1BE53E92-BF21-4ACA-AFFA-978EB2DF881F",
    "timeline": {
      "notification": {
        "day": 13,
        "month": 6,
        "year": 2013
      }
    }
  },
  "reference": "http://abclocal.go.com/kfsn/story?section=news/consumer&id=9126291",
  "schema_version": "1.2.1",
  "security_incident": "Confirmed",
  "source_id": "vcdb",
  "summary": "ATM skimmer captures approximately 50 payment card records at undisclosed bank.",
  "timeline": {
    "compromise": {
      "unit": "Seconds"
    },
    "containment": {
      "unit": "Unknown"
    },
    "discovery": {
      "unit": "Unknown"
    },
    "exfiltration": {
      "unit": "Unknown"
    },
    "incident": {
      "month": 3,
      "year": 2013
    }
  },
  "victim": {
    "country": "US",
    "employee_count": "Unknown",
    "industry": "5221",
    "notes": "",
    "state": "CA",
    "victim_id": "Unnamed Bank"
  }
}