{
  "action": {},
  "actor": {
    "unknown": {}
  },
  "asset": {},
  "attribute": {
    "confidentiality": {
      "data": [
        {
          "amount": 1900000,
          "variety": "Medical"
        }
      ],
      "data_disclosure": "Potentially",
      "data_total": 1900000
    }
  },
  "discovery_method": "Unknown",
  "impact": {
    "overall_rating": "Unknown"
  },
  "incident_id": "1BF6182C-4EB7-4E3D-8F27-D3151FDF4009",
  "plus": {
    "analysis_status": "First pass",
    "created": "2013-04-12T22:29:56Z",
    "master_id": "1BF6182C-4EB7-4E3D-8F27-D3151FDF4009"
  },
  "schema_version": "1.2.1",
  "security_incident": "Confirmed",
  "source_id": "vcdb",
  "timeline": {
    "discovery": {
      "unit": "Unknown"
    },
    "incident": {
      "day": 21,
      "month": 1,
      "year": 2011
    }
  },
  "victim": {
    "country": "US",
    "employee_count": "1001 to 10000",
    "industry": "524114",
    "state": "Ca",
    "victim_id": "Health Net, Inc."
  }
}