{
  "action": {
    "misuse": {
      "notes": "",
      "variety": [
        "Knowledge abuse",
        "Privilege abuse"
      ],
      "vector": [
        "LAN access"
      ]
    }
  },
  "actor": {
    "internal": {
      "motive": [
        "Espionage"
      ],
      "notes": "",
      "variety": [
        "End-user"
      ]
    }
  },
  "asset": {
    "assets": [
      {
        "variety": "S - Other"
      }
    ],
    "hosting": "External",
    "management": "External",
    "notes": ""
  },
  "attribute": {
    "confidentiality": {
      "data": [
        {
          "variety": "Classified"
        },
        {
          "variety": "Internal"
        }
      ],
      "data_disclosure": "Yes",
      "notes": "",
      "state": [
        "Stored"
      ]
    }
  },
  "discovery_method": "Unknown",
  "impact": {
    "overall_rating": "Unknown"
  },
  "incident_id": "1BF7F74F-9FAA-4BFD-88CE-509651A8EB72",
  "notes": "",
  "plus": {
    "analysis_status": "First pass",
    "analyst": "swidup",
    "asset": {
      "total": "No"
    },
    "attribute": {
      "confidentiality": {
        "credit_monitoring": "U",
        "data_abuse": "Y",
        "data_subject": "Other"
      }
    },
    "created": "2013-02-20T23:22:01Z",
    "f500": "N",
    "master_id": "1BF7F74F-9FAA-4BFD-88CE-509651A8EB72",
    "timeline": {
      "notification": {
        "day": 22,
        "month": 12,
        "year": 2012
      }
    }
  },
  "reference": "http://www.dailytelegraph.com.au/news/national/bae-systems-army-tender-withdrawn-after-security-breach-and-sackings/story-fndo2dsc-1226542069170 ",
  "schema_version": "1.2.1",
  "security_incident": "Confirmed",
  "source_id": "vcdb",
  "summary": "A $500 MILLION Army communications contract will be retendered after a BAE Systems employee leaked sensitive internal Defence information.  The BAE Systems employee, who had access to the Defence Department's computer network, informed a colleague of material that gave the company an unfair advantage over its competitors in the bid for the Army communications project.  Both employees were sacked after Defence officials discovered the leak.  The company this week walked away from its tender for the contract, which could have given it 20 years' work.  ",
  "timeline": {
    "incident": {
      "year": 2012
    }
  },
  "victim": {
    "country": "US",
    "employee_count": "25001 to 50000",
    "industry": "336413",
    "notes": "",
    "revenue": {
      "amount": 14400000000,
      "iso_currency_code": "USD"
    },
    "state": "VA",
    "victim_id": "BAE Systems"
  }
}