{
  "action": {
    "physical": {
      "location": [
        "Victim work area"
      ],
      "notes": "",
      "variety": [
        "Theft"
      ],
      "vector": [
        "Bypassed controls"
      ]
    }
  },
  "actor": {
    "external": {
      "country": [
        "US"
      ],
      "motive": [
        "Ideology"
      ],
      "notes": "",
      "variety": [
        "Unaffiliated"
      ]
    }
  },
  "asset": {
    "assets": [
      {
        "variety": "U - Laptop"
      }
    ],
    "notes": ""
  },
  "attribute": {
    "availability": {
      "variety": [
        "Loss"
      ]
    },
    "confidentiality": {
      "data": [
        {
          "variety": "Personal"
        }
      ],
      "data_disclosure": "Potentially",
      "notes": "",
      "state": [
        "Stored unencrypted"
      ]
    }
  },
  "discovery_method": "Int - reported by user",
  "impact": {
    "loss": [
      {
        "rating": "Unknown",
        "variety": "Asset and fraud"
      },
      {
        "rating": "Unknown",
        "variety": "Brand damage"
      },
      {
        "rating": "Unknown",
        "variety": "Business disruption"
      },
      {
        "rating": "Unknown",
        "variety": "Operating costs"
      },
      {
        "rating": "Unknown",
        "variety": "Legal and regulatory"
      },
      {
        "rating": "Unknown",
        "variety": "Competitive advantage"
      },
      {
        "rating": "Unknown",
        "variety": "Response and recovery"
      }
    ],
    "overall_rating": "Unknown"
  },
  "incident_id": "1C008981-3653-47E3-8F77-1739D1AF07BE",
  "notes": "",
  "plus": {
    "analysis_status": "First pass",
    "analyst": "blackfist",
    "asset": {
      "total": "No"
    },
    "attribute": {
      "confidentiality": {
        "credit_monitoring": "U",
        "data_abuse": "U",
        "data_subject": "Partner"
      }
    },
    "created": "2013-02-19T17:37:28Z",
    "f500": "N",
    "master_id": "1C008981-3653-47E3-8F77-1739D1AF07BE",
    "timeline": {
      "notification": {
        "year": 2012
      }
    }
  },
  "reference": "http://www.ajc.com/news/news/local/ob-gyns-worried-burglaries-fires-are-retaliation/nQT4d/ (20130219) http://www.wsbtv.com/news/news/local/2nd-doctors-office-targeted-laptop-theft/nLchZ/ (20130219)",
  "schema_version": "1.2.1",
  "security_incident": "Confirmed",
  "source_id": "vcdb",
  "summary": "Atlanta Women\u2019s Health Group laptop stolen in a targeted attack against abortion providers in the area",
  "timeline": {
    "compromise": {
      "unit": "Minutes"
    },
    "containment": {
      "unit": "NA"
    },
    "discovery": {
      "unit": "Hours"
    },
    "exfiltration": {
      "unit": "NA"
    },
    "incident": {
      "year": 2012
    }
  },
  "victim": {
    "country": "US",
    "employee_count": "11 to 100",
    "industry": "621498",
    "notes": "",
    "revenue": {
      "amount": 1400000,
      "iso_currency_code": "USD"
    },
    "state": "GA",
    "victim_id": "Atlanta Women\u2019s Health Group"
  }
}