{
  "action": {
    "malware": {
      "variety": [
        "Unknown"
      ],
      "vector": [
        "Unknown"
      ]
    }
  },
  "actor": {
    "external": {
      "country": [
        "Unknown"
      ],
      "motive": [
        "Unknown"
      ],
      "variety": [
        "Unknown"
      ]
    }
  },
  "asset": {
    "assets": [
      {
        "variety": "U - Desktop"
      }
    ]
  },
  "attribute": {
    "confidentiality": {
      "data": [
        {
          "variety": "Personal"
        },
        {
          "variety": "Medical"
        }
      ],
      "data_disclosure": "Potentially",
      "data_total": 1700
    },
    "integrity": {
      "variety": [
        "Software installation"
      ]
    }
  },
  "discovery_method": "Unknown",
  "incident_id": "1C2F1D6F-4D5D-433E-A384-7089B1F60F81",
  "plus": {
    "analysis_status": "First pass",
    "created": "2013-09-10T20:13:32Z",
    "master_id": "1C2F1D6F-4D5D-433E-A384-7089B1F60F81",
    "timeline": {
      "notification": {
        "day": 5,
        "month": 6,
        "year": 2013
      }
    }
  },
  "reference": "http://www.bizjournals.com/boston/blog/mass_roundup/2013/06/umass-warns-of-potential-patient-data.html, http://www.fosters.com/apps/pbcs.dll/article?AID=/20130609/GJLIFESTYLES/130609504/-1/FOSLIFESTYLES, http://bostonherald.com/news_opinion/local_coverage/2013/06/umass_center_warns_of_possible_data_breach, http://www.berkshireeagle.com/ci_23391897/umass-center-warns-possible-data-breach",
  "schema_version": "1.2.1",
  "security_incident": "Confirmed",
  "source_id": "vcdb",
  "summary": "The information of almost 1,700 clients of the Center for Language, Speech, and Hearing may have been exposed.  A computer workstation was found to be infected by a malicious software program.  Client Social Security numbers, addresses, names of health insurers, and primary health care or referring doctors may have been accessible because the computer was compromised.",
  "timeline": {
    "incident": {
      "day": 5,
      "month": 4,
      "year": 2013
    }
  },
  "victim": {
    "country": "US",
    "employee_count": "Unknown",
    "industry": "611310",
    "state": "MA",
    "victim_id": "University of Massachusetts - Amherst"
  }
}