{
  "action": {
    "error": {
      "notes": "",
      "variety": [
        "Misdelivery"
      ],
      "vector": [
        "Carelessness"
      ]
    }
  },
  "actor": {
    "internal": {
      "motive": [
        "NA"
      ],
      "notes": "",
      "variety": [
        "Unknown"
      ]
    }
  },
  "asset": {
    "assets": [
      {
        "variety": "M - Documents"
      }
    ],
    "notes": ""
  },
  "attribute": {
    "confidentiality": {
      "data": [
        {
          "variety": "Medical"
        }
      ],
      "data_disclosure": "Yes",
      "notes": "",
      "state": [
        "Stored unencrypted"
      ]
    }
  },
  "discovery_method": "Ext - customer",
  "impact": {
    "overall_rating": "Unknown"
  },
  "incident_id": "1C43CF23-5D00-431B-AEFB-F0B3EE86F5DB",
  "notes": "",
  "plus": {
    "analysis_status": "First pass",
    "analyst": "swidup",
    "asset": {
      "total": "No"
    },
    "attribute": {
      "confidentiality": {
        "credit_monitoring": "U",
        "data_abuse": "U",
        "data_subject": "Patient"
      }
    },
    "created": "2013-02-22T18:51:59Z",
    "f500": "N",
    "master_id": "1C43CF23-5D00-431B-AEFB-F0B3EE86F5DB",
    "timeline": {
      "notification": {
        "day": 30,
        "month": 11,
        "year": 2012
      }
    }
  },
  "reference": "http://www.stuff.co.nz/manawatu-standard/news/8018794/Data-breaches-parents-sent-private-details ",
  "schema_version": "1.2.1",
  "security_incident": "Confirmed",
  "source_id": "vcdb",
  "summary": "The Manawatu Standard revealed yesterday that Palmerston North woman Zelda McConachy was mailed other patients' mental health data after she applied to MidCentral to see her own files.    Ms McConachy claimed she was mailed other mental health patients' files along with her own records.  The Standard has viewed the most recent files. Along with her own records, she was sent two pages from another patient's file with details including his name, age, address, phone number, medication type and notes on his behavioural issues.  MidCentral yesterday confirmed it made an error in that particular incident. ",
  "timeline": {
    "incident": {
      "year": 2012
    }
  },
  "victim": {
    "country": "NZ",
    "employee_count": "Unknown",
    "industry": "923120",
    "notes": "",
    "victim_id": "MidCentral District Health Board"
  }
}