{
  "action": {
    "error": {
      "notes": "Victim public area",
      "variety": [
        "Disposal error"
      ],
      "vector": [
        "Unknown"
      ]
    }
  },
  "actor": {
    "internal": {
      "motive": [
        "NA"
      ],
      "variety": [
        "Unknown"
      ]
    }
  },
  "asset": {
    "assets": [
      {
        "variety": "M - Documents"
      }
    ]
  },
  "attribute": {
    "confidentiality": {
      "data": [
        {
          "variety": "Personal"
        },
        {
          "variety": "Medical"
        }
      ],
      "data_disclosure": "Potentially"
    }
  },
  "discovery_method": "Unknown",
  "incident_id": "1C5745F1-E3B9-4BFA-B42E-7EC063B9D367",
  "plus": {
    "analysis_status": "First pass",
    "created": "2013-09-10T20:13:32Z",
    "master_id": "1C5745F1-E3B9-4BFA-B42E-7EC063B9D367",
    "timeline": {
      "notification": {
        "day": 30,
        "month": 5,
        "year": 2013
      }
    }
  },
  "reference": "http://cironline.org/reports/calif-agencies-often-fail-protect-confidential-information-data-shows-4621",
  "schema_version": "1.2.1",
  "security_incident": "Confirmed",
  "source_id": "vcdb",
  "summary": "Stacks of patient and billing records were left in an unsecured and abandoned office in March of 2012. Credit card and Social Security numbers may have been exposed.",
  "timeline": {
    "incident": {
      "month": 3,
      "year": 2013
    }
  },
  "victim": {
    "country": "US",
    "employee_count": "1001 to 10000",
    "industry": "923130",
    "state": "CA",
    "victim_id": "California Department of Developmental Services"
  }
}