{
  "action": {
    "hacking": {
      "notes": "",
      "variety": [
        "Unknown"
      ],
      "vector": [
        "Web application"
      ]
    }
  },
  "actor": {
    "external": {
      "country": [
        "Unknown"
      ],
      "motive": [
        "Unknown"
      ],
      "variety": [
        "Unknown"
      ]
    }
  },
  "asset": {
    "assets": [
      {
        "variety": "S - Web application"
      }
    ]
  },
  "attribute": {
    "confidentiality": {
      "data": [
        {
          "amount": 1500000,
          "variety": "Credentials"
        }
      ],
      "data_disclosure": "Yes",
      "data_total": 1500000,
      "notes": "",
      "state": [
        "Stored"
      ]
    }
  },
  "discovery_method": "Ext - actor disclosure",
  "impact": {
    "overall_rating": "Unknown"
  },
  "incident_id": "1C580116-D2C5-4316-9372-94E048EA4C47",
  "notes": "",
  "plus": {
    "analysis_status": "First pass",
    "analyst": "swidup",
    "asset": {
      "total": "No"
    },
    "attribute": {
      "confidentiality": {
        "credit_monitoring": "U",
        "data_abuse": "Y",
        "data_subject": "Customer"
      }
    },
    "created": "2013-02-23T04:09:01Z",
    "f500": "N",
    "master_id": "1C580116-D2C5-4316-9372-94E048EA4C47",
    "timeline": {
      "notification": {
        "day": 9,
        "month": 6,
        "year": 2012
      }
    }
  },
  "reference": "http://www.zdnet.com/blog/violetblue/sex-tech-bitcoin-louis-theroux-booth-babe-life-eharmony-password-scandal/1357 ",
  "schema_version": "1.2.1",
  "security_incident": "Confirmed",
  "source_id": "vcdb",
  "summary": "The simultaneous, massive password leak at dating mega-site eHarmony was a bad situation as well.  On Thursday eHarmony admitted that its password database had been compromised and somewhere around 1.5 million passwords were exposed and out in the wild.  With no irony whatsoever, eHarmony characterized the 1.5 million passwords as a \"small fraction\" of its accounts.  According to The H security blog, the eHarmony passwords were put into a forum and users were invited to crack the hashes as a warmup to giving the forum LinkedIn's password database. ",
  "timeline": {
    "incident": {
      "year": 2012
    }
  },
  "victim": {
    "country": "US",
    "employee_count": "101 to 1000",
    "industry": "519130",
    "notes": "",
    "revenue": {
      "amount": 8800000,
      "iso_currency_code": "USD"
    },
    "state": "CA",
    "victim_id": "eHarmony"
  }
}