{
  "action": {
    "physical": {
      "location": [
        "Victim work area"
      ],
      "variety": [
        "Theft"
      ],
      "vector": [
        "Unknown"
      ]
    }
  },
  "actor": {
    "external": {
      "country": [
        "Unknown"
      ],
      "motive": [
        "Financial"
      ],
      "variety": [
        "Unknown"
      ]
    }
  },
  "asset": {
    "assets": [
      {
        "variety": "U - Laptop"
      }
    ]
  },
  "attribute": {
    "availability": {
      "variety": [
        "Loss"
      ]
    },
    "confidentiality": {
      "data": [
        {
          "amount": 600,
          "variety": "Medical"
        }
      ],
      "data_disclosure": "Potentially",
      "data_total": 600,
      "notes": "",
      "state": [
        "Stored unencrypted"
      ]
    }
  },
  "discovery_method": "Unknown",
  "impact": {
    "overall_rating": "Unknown"
  },
  "incident_id": "1C7BFA0C-9C15-40F0-AE86-24921AF963DB",
  "notes": "",
  "plus": {
    "analysis_status": "First pass",
    "analyst": "swidup",
    "asset": {
      "total": "No"
    },
    "attribute": {
      "confidentiality": {
        "credit_monitoring": "U",
        "data_abuse": "U",
        "data_subject": "Patient"
      }
    },
    "created": "2013-06-27T00:07:18Z",
    "f500": "N",
    "master_id": "1C7BFA0C-9C15-40F0-AE86-24921AF963DB",
    "timeline": {
      "notification": {
        "day": 17,
        "month": 5,
        "year": 2013
      }
    }
  },
  "reference": "http://sanramon.patch.com/groups/police-and-fire/p/laptop-stolen-from-eye-doctor",
  "schema_version": "1.2.1",
  "security_incident": "Confirmed",
  "source_id": "vcdb",
  "summary": "The burglar broke into the offices of EyeCare Associates of the San Ramon Valley and took the laptop, which held eye photos and names of 611 patients. There was a lock on the laptop, but that was broken.",
  "timeline": {
    "incident": {
      "day": 8,
      "month": 5,
      "year": 2013
    }
  },
  "victim": {
    "country": "US",
    "employee_count": "1 to 10",
    "industry": "621320",
    "notes": "",
    "revenue": {
      "amount": 160000,
      "iso_currency_code": "USD"
    },
    "state": "CA",
    "victim_id": "EyeCare Associates of the San Ramon Valley"
  }
}