{
  "action": {
    "misuse": {
      "variety": [
        "Privilege abuse"
      ],
      "vector": [
        "LAN access"
      ]
    }
  },
  "actor": {
    "internal": {
      "motive": [
        "Financial"
      ],
      "variety": [
        "End-user"
      ]
    }
  },
  "asset": {
    "assets": [
      {
        "variety": "S - Database"
      }
    ]
  },
  "attribute": {
    "confidentiality": {
      "data": [
        {
          "variety": "Medical"
        }
      ],
      "data_disclosure": "Yes",
      "data_total": 14
    }
  },
  "discovery_method": "Unknown",
  "incident_id": "1CBE50F7-6303-4575-ACA6-A26F29D55ADB",
  "plus": {
    "analysis_status": "First pass",
    "created": "2013-09-10T20:13:32Z",
    "master_id": "1CBE50F7-6303-4575-ACA6-A26F29D55ADB",
    "timeline": {
      "notification": {
        "day": 13,
        "month": 7,
        "year": 2013
      }
    }
  },
  "reference": "http://www.reuters.com/article/2013/07/14/entertainment-us-usa-hospital-privacy-idUSBRE96D00520130714, http://www.huffingtonpost.com/2013/07/14/workers-fired-kim-kardashian_n_3592841.html, ",
  "schema_version": "1.2.1",
  "security_incident": "Confirmed",
  "source_id": "vcdb",
  "summary": "Five medical workers were fired for their role in a hacking effort that targeted a celebrity.  A total of 14 patient records were breached between June 18 and June 24.  The employees misused the Hospital's information system to access patient records for curiousity or media purposes.  A volunteer also participated and was barred from working at the Hospital.",
  "timeline": {
    "incident": {
      "day": 18,
      "month": 6,
      "year": 2013
    }
  },
  "victim": {
    "country": "US",
    "employee_count": "1001 to 10000",
    "industry": "622110",
    "state": "CA",
    "victim_id": "Cedars-Sinai Medical Center"
  }
}