{
  "action": {
    "hacking": {
      "notes": "",
      "variety": [
        "Unknown"
      ],
      "vector": [
        "Web application"
      ]
    }
  },
  "actor": {
    "external": {
      "country": [
        "BZ"
      ],
      "motive": [
        "Ideology"
      ],
      "notes": "BMPoC - protest NSA spying",
      "variety": [
        "Activist"
      ]
    }
  },
  "asset": {
    "assets": [
      {
        "variety": "S - Web application"
      }
    ]
  },
  "attribute": {
    "integrity": {
      "notes": "",
      "variety": [
        "Modify data",
        "Misappropriation"
      ]
    }
  },
  "discovery_method": "Ext - actor disclosure",
  "impact": {
    "overall_rating": "Unknown"
  },
  "incident_id": "1CCF7609-3913-4B72-B848-52C6D22BC432",
  "notes": "",
  "plus": {
    "analysis_status": "First pass",
    "analyst": "blackfist",
    "created": "2013-09-11T00:28:00Z",
    "f500": "N",
    "issue_id": "193",
    "master_id": "1CCF7609-3913-4B72-B848-52C6D22BC432",
    "timeline": {
      "notification": {
        "day": 11,
        "month": 9,
        "year": 2013
      }
    }
  },
  "reference": "http://thehackerspost.com/2013/09/nasa-websites-hacked-spying-us-syria-attack.html (20130912)",
  "schema_version": "1.2.1",
  "security_incident": "Confirmed",
  "source_id": "vcdb",
  "summary": "NASA official subdomains hacked by Brazilian hacker named BMPoC for NSA spying on Brazilians and US strike on Syria.",
  "timeline": {
    "incident": {
      "day": 11,
      "month": 9,
      "year": 2013
    }
  },
  "victim": {
    "country": "US",
    "employee_count": "Unknown",
    "industry": "927110",
    "notes": "",
    "victim_id": "National Aeronautics and Space Administration"
  }
}