{
  "action": {
    "misuse": {
      "notes": "",
      "variety": [
        "Knowledge abuse"
      ],
      "vector": [
        "Physical access"
      ]
    }
  },
  "actor": {
    "internal": {
      "motive": [
        "Financial"
      ],
      "notes": "",
      "variety": [
        "Finance"
      ]
    }
  },
  "asset": {
    "assets": [
      {
        "variety": "M - Documents"
      }
    ],
    "notes": ""
  },
  "attribute": {
    "confidentiality": {
      "data": [
        {
          "variety": "Personal"
        }
      ],
      "data_disclosure": "Yes",
      "notes": "",
      "state": [
        "Unknown"
      ]
    },
    "integrity": {
      "notes": "",
      "variety": [
        "Misrepresentation"
      ]
    }
  },
  "discovery_method": "Unknown",
  "impact": {
    "overall_rating": "Unknown"
  },
  "incident_id": "1CE69203-D702-4176-A530-BFE51667EFE5",
  "notes": "",
  "plus": {
    "analysis_status": "First pass",
    "analyst": "swidup",
    "asset": {
      "total": "No"
    },
    "attribute": {
      "confidentiality": {
        "credit_monitoring": "U",
        "data_abuse": "Y",
        "data_subject": "Customer"
      }
    },
    "created": "2013-08-20T23:51:36Z",
    "f500": "N",
    "master_id": "1CE69203-D702-4176-A530-BFE51667EFE5",
    "timeline": {
      "notification": {
        "year": 2013
      }
    }
  },
  "reference": "http://www.itemlive.com/news/lynn-tax-preparer-sentenced-on-fraud-identity-theft-charges/article_112047ee-06c1-11e3-8e85-0019bb2963f4.html",
  "schema_version": "1.2.1",
  "security_incident": "Confirmed",
  "source_id": "vcdb",
  "summary": "A Lynn tax preparer was sentenced to three-and-a-half years in prison Thursday after pleading guilty to fraud and identity theft charges, according to press releases from United States Attorney Carmen M. Ortiz\u2019 office.  Fernandez operated a business called H&T Multi Services in Lynn and, according to the release, Fernandez inserted false and fabricated information into his clients\u2019 income tax returns on numerous occasions.  The release states that this information included \u201cwholly fictitious and fraudulently inflated claims relating to deductions and credits.\u201d  In addition, Fernandez omitted the names and personal identifying information of dependent children from their actual parents\u2019 income tax returns, and then charged other clients $500 or more to add those dependents to their income tax returns in order to generate larger tax refunds.",
  "timeline": {
    "incident": {
      "year": 2013
    }
  },
  "victim": {
    "country": "US",
    "employee_count": "Unknown",
    "industry": "541213",
    "notes": "",
    "state": "MA",
    "victim_id": "H&T Multi Services"
  }
}