{
  "action": {
    "hacking": {
      "variety": [
        "Unknown"
      ],
      "vector": [
        "Unknown"
      ]
    }
  },
  "actor": {
    "external": {
      "country": [
        "Unknown"
      ],
      "motive": [
        "Unknown"
      ],
      "variety": [
        "Unknown"
      ]
    }
  },
  "asset": {
    "assets": [
      {
        "variety": "S - Other"
      }
    ]
  },
  "attribute": {
    "confidentiality": {
      "data": [
        {
          "amount": 25330,
          "variety": "Medical"
        }
      ],
      "data_disclosure": "Potentially",
      "data_total": 25330
    }
  },
  "discovery_method": "Unknown",
  "impact": {
    "overall_rating": "Unknown"
  },
  "incident_id": "1CEE19F9-F5F6-4D59-B76F-92D55F290A40",
  "plus": {
    "analysis_status": "First pass",
    "created": "2013-04-12T22:29:56Z",
    "master_id": "1CEE19F9-F5F6-4D59-B76F-92D55F290A40"
  },
  "schema_version": "1.2.1",
  "security_incident": "Confirmed",
  "source_id": "vcdb",
  "timeline": {
    "discovery": {
      "unit": "Unknown"
    },
    "incident": {
      "day": 9,
      "month": 5,
      "year": 2011
    }
  },
  "victim": {
    "country": "US",
    "employee_count": "101 to 1000",
    "industry": "6212",
    "state": "Ga",
    "victim_id": "Gypsum Management and Supply, Inc. Medical and Dental Plan"
  }
}