{
  "action": {
    "physical": {
      "location": [
        "Unknown"
      ],
      "variety": [
        "Theft"
      ],
      "vector": [
        "Unknown"
      ]
    }
  },
  "actor": {
    "external": {
      "country": [
        "Unknown"
      ],
      "motive": [
        "Unknown"
      ],
      "variety": [
        "Unknown"
      ]
    }
  },
  "asset": {
    "assets": [
      {
        "variety": "Unknown"
      }
    ]
  },
  "attribute": {
    "availability": {
      "duration": {
        "unit": "Never"
      },
      "notes": "",
      "variety": [
        "Loss"
      ]
    },
    "confidentiality": {
      "data": [
        {
          "variety": "Personal"
        }
      ],
      "data_disclosure": "Potentially",
      "notes": "",
      "state": [
        "Stored unencrypted"
      ]
    }
  },
  "discovery_method": "Other",
  "impact": {
    "loss": [
      {
        "rating": "Unknown",
        "variety": "Asset and fraud"
      }
    ],
    "overall_rating": "Unknown"
  },
  "incident_id": "1D7360C4-1BF4-4C40-BAB5-E5CA6F605EF6",
  "notes": "",
  "plus": {
    "analysis_status": "First pass",
    "analyst": "Splitler",
    "asset": {
      "total": "No"
    },
    "attribute": {
      "confidentiality": {
        "credit_monitoring": "Y",
        "data_abuse": "U",
        "data_subject": "Customer"
      }
    },
    "created": "2013-08-23T16:32:39Z",
    "f500": "U",
    "master_id": "1D7360C4-1BF4-4C40-BAB5-E5CA6F605EF6",
    "timeline": {
      "notification": {
        "year": 2013
      }
    }
  },
  "reference": "http://oag.ca.gov/system/files/Multistate_Breach_Notification_Letter_0.pdf",
  "schema_version": "1.2.1",
  "security_incident": "Confirmed",
  "source_id": "vcdb",
  "summary": "Theft of company equipment led to potential loss of customer data",
  "timeline": {
    "compromise": {
      "unit": "Minutes"
    },
    "containment": {
      "unit": "Unknown"
    },
    "discovery": {
      "unit": "Hours"
    },
    "exfiltration": {
      "unit": "Unknown"
    },
    "incident": {
      "day": 30,
      "month": 7,
      "year": 2013
    }
  },
  "victim": {
    "country": "US",
    "employee_count": "Unknown",
    "industry": "0000",
    "notes": "",
    "state": "CA",
    "victim_id": "Exelixis"
  }
}