{
  "action": {
    "hacking": {
      "notes": "",
      "variety": [
        "Unknown"
      ],
      "vector": [
        "Web application"
      ]
    }
  },
  "actor": {
    "external": {
      "country": [
        "Unknown"
      ],
      "motive": [
        "Fun"
      ],
      "variety": [
        "Unknown"
      ]
    }
  },
  "asset": {
    "assets": [
      {
        "variety": "S - Database"
      }
    ]
  },
  "attribute": {
    "confidentiality": {
      "data": [
        {
          "amount": 3000000,
          "variety": "Personal"
        }
      ],
      "data_disclosure": "Yes",
      "data_total": 3000000,
      "notes": "",
      "state": [
        "Stored"
      ]
    }
  },
  "discovery_method": "Ext - actor disclosure",
  "impact": {
    "overall_rating": "Unknown"
  },
  "incident_id": "1D768BB7-B92B-4984-886F-54DBB4C41A03",
  "notes": "",
  "plus": {
    "analysis_status": "First pass",
    "analyst": "swidup",
    "asset": {
      "total": "No"
    },
    "attribute": {
      "confidentiality": {
        "credit_monitoring": "U",
        "data_abuse": "Y",
        "data_subject": "Customer"
      }
    },
    "created": "2013-02-23T04:15:26Z",
    "f500": "Y",
    "master_id": "1D768BB7-B92B-4984-886F-54DBB4C41A03",
    "timeline": {
      "notification": {
        "day": 22,
        "month": 12,
        "year": 2012
      }
    }
  },
  "reference": "http://www.zdnet.com/exclusive-hacker-nabs-3m-verizon-customer-records-7000009151/, http://pastebin.com/Nf9ThT03 ",
  "schema_version": "1.2.1",
  "security_incident": "Confirmed",
  "source_id": "vcdb",
  "summary": "A hacker has posted around 300,000 database entries of Verizon customers to the Web, after exploiting a vulnerability in the cellular giant's network.  The hacker, going by the name @TibitXimer on Twitter, told ZDNet earlier this evening that the hack was carried out earlier this year on July 12, which allowed him to gain root access to the server holding the customer data. Tibit gained access to a server with little difficulty after working with another hacker to identify the security flaw.  Updated on December 22 at 8:00 p.m. ET: Verizon spokesperson Alberto Canal told ZDNet in an emailed statement: \"We have examined the posted data and we have confirmed that it is not Verizon Wireless customer data. Our systems have not been hacked.\"  The hacker said in a later tweet the data likely belongs to Verizon FiOS fiber customers, rather than Verizon Wireless cellular customers. We've updated the post to reflect these changes. We've put in more questions to Verizon and will update again once we hear back.",
  "timeline": {
    "incident": {
      "day": 12,
      "month": 7,
      "year": 2012
    }
  },
  "victim": {
    "country": "US",
    "employee_count": "Over 100000",
    "industry": "51721",
    "notes": "Reported to be Verizon FiOS Fiber customer data.",
    "revenue": {
      "amount": 115850000000,
      "iso_currency_code": "USD"
    },
    "state": "NY",
    "victim_id": "Verizon"
  }
}