{
  "action": {
    "hacking": {
      "notes": "",
      "variety": [
        "Unknown"
      ],
      "vector": [
        "Web application"
      ]
    }
  },
  "actor": {
    "external": {
      "country": [
        "Unknown"
      ],
      "motive": [
        "Financial"
      ],
      "variety": [
        "Unknown"
      ]
    }
  },
  "asset": {
    "assets": [
      {
        "variety": "S - Web application"
      }
    ]
  },
  "attribute": {
    "confidentiality": {
      "data": [
        {
          "variety": "Payment"
        }
      ],
      "data_disclosure": "Yes",
      "notes": "",
      "state": [
        "Unknown"
      ]
    }
  },
  "discovery_method": "Ext - fraud detection",
  "impact": {
    "overall_rating": "Unknown"
  },
  "incident_id": "1D84A44A-731A-4F7E-8D1F-01DE1399B6ED",
  "notes": "",
  "plus": {
    "analysis_status": "First pass",
    "analyst": "swidup",
    "asset": {
      "total": "No"
    },
    "attribute": {
      "confidentiality": {
        "credit_monitoring": "N",
        "data_abuse": "U",
        "data_subject": "Customer"
      }
    },
    "created": "2013-02-06T16:10:57Z",
    "f500": "N",
    "master_id": "1D84A44A-731A-4F7E-8D1F-01DE1399B6ED",
    "timeline": {
      "notification": {
        "day": 29,
        "month": 6,
        "year": 2012
      }
    }
  },
  "reference": "http://oag.ca.gov/system/files/Parts%20Bin%20Notice_0.pdf?, http://doj.nh.gov/consumer/security-breaches/documents/thepartsbin-com-20120629.pdf,http://www.atg.state.vt.us/issues/consumer-protection/privacy-and-Data-Security/documents-and-resources5/thepartsbin-com-security-breach-notice-ltr-to-consumer.php",
  "schema_version": "1.2.1",
  "security_incident": "Confirmed",
  "source_id": "vcdb",
  "summary": "Website security incident compromises customer data.",
  "timeline": {
    "incident": {
      "day": 9,
      "month": 4,
      "year": 2012
    }
  },
  "victim": {
    "country": "US",
    "employee_count": "Unknown",
    "industry": "441",
    "notes": "",
    "state": "OR",
    "victim_id": "ThePartsBin.com"
  }
}