{
  "action": {
    "misuse": {
      "notes": "",
      "variety": [
        "Privilege abuse"
      ],
      "vector": [
        "LAN access"
      ]
    }
  },
  "actor": {
    "internal": {
      "motive": [
        "Unknown"
      ],
      "notes": "",
      "variety": [
        "End-user"
      ]
    }
  },
  "asset": {
    "assets": [
      {
        "variety": "S - Database"
      }
    ],
    "notes": ""
  },
  "attribute": {
    "confidentiality": {
      "data": [
        {
          "amount": 1382,
          "variety": "Medical"
        }
      ],
      "data_disclosure": "Yes",
      "data_total": 1382,
      "notes": "",
      "state": [
        "Stored"
      ]
    }
  },
  "discovery_method": "Unknown",
  "impact": {
    "overall_rating": "Unknown"
  },
  "incident_id": "1D888BB5-1D4B-4621-AE44-114722BA8AFD",
  "notes": "",
  "plus": {
    "analysis_status": "First pass",
    "analyst": "swidup",
    "asset": {
      "total": "No"
    },
    "attribute": {
      "confidentiality": {
        "credit_monitoring": "Y",
        "data_abuse": "U",
        "data_subject": "Patient"
      }
    },
    "created": "2013-07-03T19:04:43Z",
    "f500": "N",
    "master_id": "1D888BB5-1D4B-4621-AE44-114722BA8AFD",
    "timeline": {
      "notification": {
        "day": 8,
        "month": 3,
        "year": 2013
      }
    }
  },
  "reference": "http://www.oag.state.md.us/idtheft/Breach%20Notices/itu-227152.pdf, http://doj.nh.gov/consumer/security-breaches/documents/university-ct-health-center-20130307.pdf",
  "schema_version": "1.2.1",
  "security_incident": "Confirmed",
  "source_id": "vcdb",
  "summary": "An employee was found to be inappropriately accessing the medical records of 1,382 patients.",
  "timeline": {
    "incident": {
      "year": 2013
    }
  },
  "victim": {
    "country": "US",
    "employee_count": "1001 to 10000",
    "industry": "622110",
    "notes": "",
    "revenue": {
      "amount": 445800000,
      "iso_currency_code": "USD"
    },
    "state": "CT",
    "victim_id": "University of Connecticut Health Center"
  }
}