{
  "action": {
    "physical": {
      "location": [
        "Personal vehicle"
      ],
      "variety": [
        "Theft"
      ],
      "vector": [
        "Unknown"
      ]
    }
  },
  "actor": {
    "external": {
      "country": [
        "Unknown"
      ],
      "motive": [
        "Financial"
      ],
      "variety": [
        "Unknown"
      ]
    }
  },
  "asset": {
    "assets": [
      {
        "variety": "U - Laptop"
      }
    ]
  },
  "attribute": {
    "availability": {
      "variety": [
        "Loss"
      ]
    },
    "confidentiality": {
      "data": [
        {
          "amount": 2000,
          "variety": "Personal"
        }
      ],
      "data_disclosure": "Potentially",
      "data_total": 2000,
      "notes": "",
      "state": [
        "Stored unencrypted"
      ]
    }
  },
  "discovery_method": "Unknown",
  "impact": {
    "overall_rating": "Unknown"
  },
  "incident_id": "1DB30841-F335-4770-AC86-5CFDF9E8105C",
  "notes": "",
  "plus": {
    "analysis_status": "First pass",
    "analyst": "swidup",
    "asset": {
      "total": "No"
    },
    "attribute": {
      "confidentiality": {
        "credit_monitoring": "Y",
        "data_abuse": "U",
        "data_subject": "Patient"
      }
    },
    "created": "2013-04-22T19:11:43Z",
    "f500": "N",
    "master_id": "1DB30841-F335-4770-AC86-5CFDF9E8105C",
    "timeline": {
      "notification": {
        "day": 15,
        "month": 2,
        "year": 2013
      }
    }
  },
  "reference": "http://healthitsecurity.com/2013/02/19/heyman-hospicecare-reports-patient-data-breach/#.USO4ZYPDtFY.twitter, http://www.healthcareitnews.com/news/georgia-hipaa-breach-after-laptop-stolen",
  "schema_version": "1.2.1",
  "security_incident": "Confirmed",
  "source_id": "vcdb",
  "summary": "Heyman HospiceCare, Ga., experienced a familiar plot on Jan. 4 when an employee left a non-encrypted laptop in their car that contained patient names, addresses, phone numbers, birth dates, Social Security numbers and insurance policy numbers and the device was stolen  Potentially-affected patients\u2019 time of treatment may range from July 1, 2006, and Jan. 3, 2013, but the report doesn\u2019t detail how many patients were impacted. ",
  "timeline": {
    "incident": {
      "day": 4,
      "month": 1,
      "year": 2013
    }
  },
  "victim": {
    "country": "US",
    "employee_count": "Unknown",
    "industry": "623110",
    "notes": "",
    "state": "GA",
    "victim_id": "Heyman HospiceCare"
  }
}