{
  "action": {
    "error": {
      "variety": [
        "Loss"
      ],
      "vector": [
        "Carelessness"
      ]
    }
  },
  "actor": {
    "partner": {
      "country": [
        "Unknown"
      ],
      "motive": [
        "NA"
      ]
    }
  },
  "asset": {
    "assets": [
      {
        "variety": "M - Tapes"
      }
    ]
  },
  "attribute": {
    "availability": {
      "variety": [
        "Loss"
      ]
    },
    "confidentiality": {
      "data": [
        {
          "amount": 800000,
          "variety": "Medical"
        }
      ],
      "data_disclosure": "Potentially",
      "data_total": 800000
    }
  },
  "discovery_method": "Unknown",
  "impact": {
    "overall_rating": "Unknown"
  },
  "incident_id": "1DDF9D10-2EC2-402D-B40D-F9D19DE8F528",
  "plus": {
    "analysis_status": "First pass",
    "created": "2013-04-12T22:29:56Z",
    "master_id": "1DDF9D10-2EC2-402D-B40D-F9D19DE8F528",
    "timeline": {
      "notification": {}
    }
  },
  "schema_version": "1.2.1",
  "security_incident": "Confirmed",
  "source_id": "vcdb",
  "timeline": {
    "discovery": {
      "unit": "Months",
      "value": 5
    },
    "incident": {
      "day": 21,
      "month": 7,
      "year": 2010
    }
  },
  "victim": {
    "country": "US",
    "employee_count": "1001 to 10000",
    "industry": "622110",
    "state": "Ma",
    "victim_id": "South Shore Hospital"
  }
}