{
  "action": {
    "misuse": {
      "variety": [
        "Privilege abuse"
      ],
      "vector": [
        "LAN access"
      ]
    }
  },
  "actor": {
    "internal": {
      "motive": [
        "Financial"
      ],
      "variety": [
        "End-user"
      ]
    }
  },
  "asset": {
    "assets": [
      {
        "variety": "S - Database"
      }
    ]
  },
  "attribute": {
    "confidentiality": {
      "data": [
        {
          "amount": 250,
          "variety": "Personal"
        }
      ],
      "data_disclosure": "Yes",
      "data_total": 250,
      "notes": "Potential employees at Johns Hopkins; patients at Highlandtown Community Health Center",
      "state": [
        "Stored"
      ]
    }
  },
  "discovery_method": "Unknown",
  "impact": {
    "overall_rating": "Unknown"
  },
  "incident_id": "1E8BF375-1468-4079-AF75-ED43DFEE63B4",
  "notes": "",
  "plus": {
    "analysis_status": "First pass",
    "analyst": "swidup",
    "asset": {
      "total": "Yes"
    },
    "attribute": {
      "confidentiality": {
        "credit_monitoring": "U",
        "data_abuse": "Y",
        "data_subject": "Partner"
      }
    },
    "created": "2013-08-25T21:43:18Z",
    "f500": "U",
    "master_id": "1E8BF375-1468-4079-AF75-ED43DFEE63B4",
    "timeline": {
      "notification": {
        "day": 25,
        "month": 3,
        "year": 2013
      }
    }
  },
  "reference": "http://articles.baltimoresun.com/2013-03-25/news/bs-md-identity-theft-fraud-20130325_1_theft-scheme-baltimore-county-man-woodlawn-man",
  "schema_version": "1.2.1",
  "security_incident": "Confirmed",
  "source_id": "vcdb",
  "summary": "A federal judge on Monday sentenced a Baltimore County man to 11 years in prison and ordered him to pay close to $200,000 in restitution to victims of a wire fraud and identity theft scheme that victimized Johns Hopkins doctors, among some 250 others, the U.S. Justice Department said.  Derrick Hill, 53, of Woodlawn, previously pleaded guilty to the charges, along with co-conspirators Renee Cabell, 51, John Coffey, 43, and Tawney King, 46.  Authorities said Hill and the other defendants stole identities, then cashed counterfeit checks and rented apartments in the names of victims. Cabell provided Hill with the names and identity information of doctors who applied for fellowships at Johns Hopkins Hospital, where Cabell worked. King, who was employed by Highlandtown Community Health Center, provided Hill with the identifying information of patients.  The rest of the defendants have been sentenced to a few years of prison for each, the U.S. Justice Department said.",
  "timeline": {
    "incident": {
      "year": 2013
    }
  },
  "victim": {
    "country": "US",
    "employee_count": "Unknown",
    "industry": "0000",
    "notes": "",
    "secondary": {
      "amount": 1,
      "victim_id": [
        "Highlandtown Community Health Center"
      ]
    },
    "state": "MD",
    "victim_id": "Johns Hopkins Health System"
  }
}