{
  "action": {
    "error": {
      "notes": " [through ]",
      "variety": [
        "Disposal error"
      ],
      "vector": [
        "Unknown"
      ]
    }
  },
  "actor": {
    "internal": {
      "motive": [
        "NA"
      ],
      "variety": [
        "Unknown"
      ]
    }
  },
  "asset": {
    "assets": [
      {
        "variety": "M - Documents"
      }
    ]
  },
  "attribute": {
    "confidentiality": {
      "data": [
        {
          "variety": "Personal"
        }
      ],
      "data_disclosure": "Yes",
      "notes": "",
      "state": [
        "Stored unencrypted"
      ]
    }
  },
  "discovery_method": "Unknown",
  "impact": {
    "loss": [
      {
        "rating": "Minor",
        "variety": "Asset and fraud"
      },
      {
        "rating": "Minor",
        "variety": "Brand damage"
      },
      {
        "rating": "Minor",
        "variety": "Business disruption"
      },
      {
        "rating": "Minor",
        "variety": "Operating costs"
      },
      {
        "rating": "Minor",
        "variety": "Legal and regulatory"
      },
      {
        "rating": "Minor",
        "variety": "Competitive advantage"
      },
      {
        "rating": "Minor",
        "variety": "Response and recovery"
      }
    ],
    "overall_rating": "Unknown"
  },
  "incident_id": "1E9E464A-FD84-4D74-BAD9-2456C8D646F7",
  "notes": "",
  "plus": {
    "analysis_status": "First pass",
    "analyst": "blackfist",
    "asset": {
      "total": "No"
    },
    "attribute": {
      "confidentiality": {
        "credit_monitoring": "U",
        "data_abuse": "N",
        "data_subject": "Partner"
      }
    },
    "created": "2013-08-06T21:48:11Z",
    "f500": "N",
    "master_id": "1E9E464A-FD84-4D74-BAD9-2456C8D646F7",
    "timeline": {
      "notification": {
        "day": 1,
        "month": 8,
        "year": 2013
      }
    }
  },
  "reference": "http://chicago.cbslocal.com/2013/08/01/man-finds-sensitive-employee-data-in-file-cabinet-he-bought-from-sears/ (20130806)",
  "schema_version": "1.2.1",
  "security_incident": "Confirmed",
  "source_id": "vcdb",
  "summary": "Sears improperly disposes of employee records. Sold at liquidation sale.",
  "timeline": {
    "compromise": {
      "unit": "NA"
    },
    "containment": {
      "unit": "Seconds"
    },
    "discovery": {
      "unit": "Seconds"
    },
    "exfiltration": {
      "unit": "NA"
    },
    "incident": {
      "day": 27,
      "month": 7,
      "year": 2013
    }
  },
  "victim": {
    "country": "US",
    "employee_count": "Over 100000",
    "industry": "45211",
    "notes": "",
    "revenue": {
      "amount": 21650000000,
      "iso_currency_code": "USD"
    },
    "state": "IL",
    "victim_id": "Sears, Roebuck and Co."
  }
}