{
  "action": {
    "hacking": {
      "variety": [
        "Unknown"
      ],
      "vector": [
        "Unknown"
      ]
    }
  },
  "actor": {
    "external": {
      "country": [
        "Unknown"
      ],
      "motive": [
        "Financial"
      ],
      "variety": [
        "Unknown"
      ]
    }
  },
  "asset": {
    "assets": [
      {
        "variety": "S - Web application"
      }
    ]
  },
  "attribute": {
    "confidentiality": {
      "data": [
        {
          "variety": "Payment"
        }
      ],
      "data_disclosure": "Yes",
      "data_total": 2300
    }
  },
  "discovery_method": "Unknown",
  "incident_id": "1EA94D98-1D4E-4D0A-ABE6-4E32C53D3A3C",
  "plus": {
    "analysis_status": "First pass",
    "created": "2013-09-10T20:13:32Z",
    "master_id": "1EA94D98-1D4E-4D0A-ABE6-4E32C53D3A3C",
    "timeline": {
      "notification": {
        "day": 5,
        "month": 7,
        "year": 2013
      }
    }
  },
  "reference": "http://www.washingtonpost.com/business/technology/morningstar-reveals-data-breach-that-may-involve-some-clients-personal-details-credit-data/2013/07/05/920e5a9a-e5c3-11e2-bffd-37a36ddab820_story.html, http://www.infosecurity-us.com/view/33348/morningstar-provides-some-information-about-breach/#.UdxLu-0jYA4.twitter, http://www.esecurityplanet.com/network-security/morningstar-hacked.html, http://news.softpedia.com/news/Investment-Research-Firm-Morningstar-Notifies-Customers-of-Security-Breach-362049.shtml",
  "schema_version": "1.2.1",
  "security_incident": "Confirmed",
  "source_id": "vcdb",
  "summary": "Client information may have been compromised by an intrusion that took place around April 3.  Client email addresses, passwords, credit card numbers, and other information may have been exposed.",
  "timeline": {
    "incident": {
      "day": 3,
      "month": 4,
      "year": 2012
    }
  },
  "victim": {
    "country": "US",
    "employee_count": "1001 to 10000",
    "industry": "519190",
    "state": "IL",
    "victim_id": "Morningstar Document Research"
  }
}