{
  "action": {
    "physical": {
      "location": [
        "Public facility"
      ],
      "variety": [
        "Theft"
      ],
      "vector": [
        "Unknown"
      ]
    }
  },
  "actor": {
    "external": {
      "country": [
        "Unknown"
      ],
      "motive": [
        "Financial"
      ],
      "variety": [
        "Unknown"
      ]
    }
  },
  "asset": {
    "assets": [
      {
        "variety": "M - Documents"
      }
    ]
  },
  "attribute": {
    "availability": {
      "variety": [
        "Loss"
      ]
    },
    "confidentiality": {
      "data": [
        {
          "amount": 500,
          "variety": "Personal"
        }
      ],
      "data_disclosure": "Yes",
      "data_total": 500,
      "notes": "",
      "state": [
        "Stored unencrypted"
      ]
    }
  },
  "discovery_method": "Other",
  "impact": {
    "overall_rating": "Unknown"
  },
  "incident_id": "1EE17BB5-3445-4FC9-995F-F954DE6B8526",
  "notes": "",
  "plus": {
    "analysis_status": "First pass",
    "analyst": "swidup",
    "asset": {
      "total": "Yes"
    },
    "attribute": {
      "confidentiality": {
        "credit_monitoring": "U",
        "data_abuse": "U",
        "data_subject": "Partner"
      }
    },
    "created": "2013-02-22T16:10:40Z",
    "f500": "N",
    "master_id": "1EE17BB5-3445-4FC9-995F-F954DE6B8526",
    "timeline": {
      "notification": {
        "day": 18,
        "month": 12,
        "year": 2012
      }
    }
  },
  "reference": "http://www.odt.co.nz/news/dunedin/239614/stolen-research-staff-details-unlikely-be-recovered ",
  "schema_version": "1.2.1",
  "security_incident": "Confirmed",
  "source_id": "vcdb",
  "summary": " A stolen briefcase containing the private information of 500 research staff from tertiary institutions, including more than 140 staff from the University of Otago, will likely never be recovered, the Tertiary Education Commission (TEC) says.  The briefcase, which contained evidence portfolios submitted by academic staff as part of the Performance-based Research Fund (PBRF) health round, was stolen from a coffee shop on the AUT University campus in Auckland last month. The briefcase also contained information about 24 Otago Polytechnic staff. ",
  "timeline": {
    "incident": {
      "year": 2012
    }
  },
  "victim": {
    "country": "NZ",
    "employee_count": "1 to 10",
    "industry": "541611",
    "notes": "",
    "revenue": {
      "amount": 2610000000,
      "iso_currency_code": "USD"
    },
    "secondary": {
      "amount": 2,
      "victim_id": [
        "University of Otago",
        "Otago Polytechnic"
      ]
    },
    "victim_id": "Tertiary Education Commission (TEC)"
  }
}