{
  "action": {
    "error": {
      "variety": [
        "Misdelivery"
      ],
      "vector": [
        "Unknown"
      ]
    }
  },
  "actor": {
    "partner": {
      "country": [
        "Unknown"
      ],
      "motive": [
        "NA"
      ]
    }
  },
  "asset": {
    "assets": [
      {
        "variety": "M - Documents"
      }
    ]
  },
  "attribute": {
    "confidentiality": {
      "data": [
        {
          "amount": 3482,
          "variety": "Medical"
        }
      ],
      "data_disclosure": "Potentially",
      "data_total": 3482
    }
  },
  "discovery_method": "Unknown",
  "impact": {
    "overall_rating": "Unknown"
  },
  "incident_id": "1EFB3FDC-9707-475F-9CEF-7CED055ED5ED",
  "plus": {
    "analysis_status": "First pass",
    "created": "2013-04-12T22:29:56Z",
    "master_id": "1EFB3FDC-9707-475F-9CEF-7CED055ED5ED",
    "timeline": {
      "notification": {}
    }
  },
  "schema_version": "1.2.1",
  "security_incident": "Confirmed",
  "source_id": "vcdb",
  "timeline": {
    "discovery": {
      "unit": "Months",
      "value": 3
    },
    "incident": {
      "day": 17,
      "month": 4,
      "year": 2012
    }
  },
  "victim": {
    "country": "US",
    "employee_count": "101 to 1000",
    "industry": "524114",
    "state": "Ma",
    "victim_id": "Tufts Associated Health Maintenance Organization, Inc. and Tufts Insurance Company"
  }
}