{
  "action": {
    "physical": {
      "location": [
        "Personal residence"
      ],
      "variety": [
        "Theft"
      ],
      "vector": [
        "Unknown"
      ]
    }
  },
  "actor": {
    "external": {
      "country": [
        "Unknown"
      ],
      "motive": [
        "Financial"
      ],
      "variety": [
        "Unknown"
      ]
    }
  },
  "asset": {
    "assets": [
      {
        "variety": "U - Laptop"
      }
    ]
  },
  "attribute": {
    "availability": {
      "variety": [
        "Loss"
      ]
    },
    "confidentiality": {
      "data": [
        {
          "variety": "Medical"
        }
      ],
      "data_disclosure": "Potentially",
      "notes": "",
      "state": [
        "Stored unencrypted"
      ]
    }
  },
  "discovery_method": "Unknown",
  "impact": {
    "overall_rating": "Unknown"
  },
  "incident_id": "1F56CD4C-CF8D-475F-8795-ECE404B2CEC0",
  "notes": "",
  "plus": {
    "analysis_status": "First pass",
    "analyst": "swidup",
    "asset": {
      "total": "No"
    },
    "attribute": {
      "confidentiality": {
        "credit_monitoring": "U",
        "data_abuse": "U",
        "data_subject": "Patient"
      }
    },
    "created": "2013-06-28T00:45:52Z",
    "f500": "N",
    "master_id": "1F56CD4C-CF8D-475F-8795-ECE404B2CEC0",
    "timeline": {
      "notification": {
        "day": 8,
        "month": 2,
        "year": 2013
      }
    }
  },
  "reference": "http://wildabouttrial.com/laptop-stolen-from-home-of-key-witness-in-jodi-arias-trial/",
  "schema_version": "1.2.1",
  "security_incident": "Confirmed",
  "source_id": "vcdb",
  "summary": "Just when the Jodi Arias trial couldn\u2019t get any more scandalous, a key witness reported that her home was burglarized and her laptop was stolen.  Dr. Janeen Demarte is a clinical psychologist who evaluated Arias and she is expected to testify as an expert witness for the prosecution. According to a report by myfoxphoenix.com the stolen laptop contained key information in the case including a psychological profile of Arias.",
  "timeline": {
    "incident": {
      "month": 2,
      "year": 2013
    }
  },
  "victim": {
    "country": "US",
    "employee_count": "Unknown",
    "industry": "0000",
    "notes": "",
    "state": "AZ",
    "victim_id": "Sentience Psychological Services"
  }
}