{
  "action": {
    "hacking": {
      "notes": "",
      "variety": [
        "Unknown"
      ],
      "vector": [
        "Web application"
      ]
    }
  },
  "actor": {
    "external": {
      "country": [
        "Unknown"
      ],
      "motive": [
        "Unknown"
      ],
      "variety": [
        "Unknown"
      ]
    }
  },
  "asset": {
    "assets": [
      {
        "variety": "S - Web application"
      }
    ]
  },
  "attribute": {
    "confidentiality": {
      "data": [
        {
          "variety": "Unknown"
        }
      ],
      "data_disclosure": "Yes",
      "data_total": 2100,
      "notes": "Scott confirmed those affected were private citizens \u2014 not city employees \u2014 but she declined to say why the city had their information.",
      "state": [
        "Stored unencrypted"
      ]
    }
  },
  "discovery_method": "Unknown",
  "impact": {
    "overall_rating": "Unknown"
  },
  "incident_id": "1F742634-0C6E-4D26-863E-64DB124EEAC1",
  "notes": "",
  "plus": {
    "analysis_status": "First pass",
    "analyst": "swidup",
    "asset": {
      "total": "No"
    },
    "attribute": {
      "confidentiality": {
        "credit_monitoring": "Y",
        "data_abuse": "U",
        "data_subject": "Customer"
      }
    },
    "created": "2013-02-11T22:35:15Z",
    "f500": "N",
    "master_id": "1F742634-0C6E-4D26-863E-64DB124EEAC1",
    "timeline": {
      "notification": {
        "day": 28,
        "month": 2,
        "year": 2012
      }
    }
  },
  "reference": "http://www.news-leader.com/article/20120228/NEWS06/302280028/springfield-city-website-hacked-data-break-citizens-identity-protection?odyssey=mod|newswell|text|Special%20Reports|s&nclick_check=1",
  "schema_version": "1.2.1",
  "security_incident": "Confirmed",
  "source_id": "vcdb",
  "summary": "Springfield officials say the personal information of about 2,100 citizens may have been obtained by hackers when the city\u2019s website was \u201ccompromised\u201d Feb. 17, a Friday.  Some functions have been turned off on the city\u2019s website, springfieldmo.gov, as authorities investigate the apparent breach, said city spokeswoman, Cora Scott.  Scott said officials are notifying the 2,100 individuals who may have been victimized.  She said those who were at risk will receive a letter offering a one-year subscription with an identity theft protection company.",
  "timeline": {
    "incident": {
      "day": 17,
      "month": 2,
      "year": 2012
    }
  },
  "victim": {
    "country": "US",
    "employee_count": "Unknown",
    "industry": "921",
    "notes": "",
    "state": "MO",
    "victim_id": "City of Springfield Missouri (springfieldmo.gov)"
  }
}