{
  "action": {
    "error": {
      "notes": "",
      "variety": [
        "Publishing error"
      ],
      "vector": [
        "Unknown"
      ]
    }
  },
  "actor": {
    "internal": {
      "motive": [
        "Unknown"
      ],
      "notes": "",
      "variety": [
        "Unknown"
      ]
    }
  },
  "asset": {
    "assets": [
      {
        "variety": "S - Database"
      }
    ],
    "notes": ""
  },
  "attribute": {
    "confidentiality": {
      "data": [
        {
          "amount": 1400000,
          "variety": "Personal"
        }
      ],
      "data_disclosure": "Yes",
      "data_total": 1400000,
      "notes": "",
      "state": [
        "Stored unencrypted"
      ]
    }
  },
  "discovery_method": "Unknown",
  "impact": {
    "overall_rating": "Unknown"
  },
  "incident_id": "2022C66A-B2CF-4500-963A-599CFB0E776B",
  "notes": "",
  "plus": {
    "analysis_status": "First pass",
    "analyst": "swidup",
    "asset": {
      "total": "No"
    },
    "attribute": {
      "confidentiality": {
        "credit_monitoring": "U",
        "data_abuse": "U",
        "data_subject": "Customer"
      }
    },
    "created": "2013-04-30T18:14:37Z",
    "f500": "N",
    "master_id": "2022C66A-B2CF-4500-963A-599CFB0E776B",
    "timeline": {
      "notification": {
        "month": 12,
        "year": 2012
      }
    }
  },
  "reference": "http://storify.com/xdamman/sncb-europe-leaks-1-4m-personal-data-of-its-custom, http://storify.com/xdamman/sncbgate-nmbsgate, http://www.huntonprivacyblog.com/2013/04/articles/belgian-privacy-commission-refers-data-breach-case-to-public-prosecutor/",
  "schema_version": "1.2.1",
  "security_incident": "Confirmed",
  "source_id": "vcdb",
  "summary": "SNCB Europe put by mistake on their public HTTP server a text file with 1.4M records of their customers. Including name, address, email, birthdate, sexe, even phone numbers in some cases. That file got indexed by Google and Bing and a user found it and posted the link on a forum. ",
  "timeline": {
    "incident": {
      "month": 12,
      "year": 2012
    }
  },
  "victim": {
    "country": "BE",
    "employee_count": "Unknown",
    "industry": "482",
    "notes": "",
    "victim_id": "National Belgian Railway Company"
  }
}