{
  "action": {
    "hacking": {
      "cve": "",
      "notes": "",
      "variety": [
        "Unknown"
      ],
      "vector": [
        "Web application"
      ]
    }
  },
  "actor": {
    "external": {
      "country": [
        "Unknown"
      ],
      "motive": [
        "Financial"
      ],
      "notes": "",
      "variety": [
        "Unknown"
      ]
    }
  },
  "asset": {
    "assets": [
      {
        "variety": "S - Web application"
      }
    ],
    "hosting": "External",
    "management": "External",
    "notes": ""
  },
  "attribute": {
    "confidentiality": {
      "data": [
        {
          "variety": "Payment"
        }
      ],
      "data_disclosure": "Yes",
      "notes": "",
      "state": [
        "Unknown"
      ]
    }
  },
  "discovery_method": "Ext - customer",
  "impact": {
    "overall_rating": "Unknown"
  },
  "incident_id": "205F95B3-02A4-4A7A-B2D4-E096271B65AC",
  "notes": "",
  "plus": {
    "analysis_status": "First pass",
    "analyst": "swidup",
    "asset": {
      "total": "No"
    },
    "attribute": {
      "confidentiality": {
        "credit_monitoring": "Y",
        "data_abuse": "U",
        "data_subject": "Customer"
      }
    },
    "created": "2013-02-06T04:03:28Z",
    "f500": "N",
    "master_id": "205F95B3-02A4-4A7A-B2D4-E096271B65AC",
    "timeline": {
      "notification": {
        "day": 24,
        "month": 7,
        "year": 2012
      }
    }
  },
  "reference": "http://oag.ca.gov/system/files/Customer%20Notice%20Letter%20word%207%2020%2012_0.pdf?, http://doj.nh.gov/consumer/security-breaches/documents/mission-linen-20120724.pdf, http://www.atg.state.vt.us/issues/consumer-protection/privacy-and-Data-Security/documents-and-resources5/mission-linen-supply-co-security-breach-notice-ltr-to-consumer.php ",
  "schema_version": "1.2.1",
  "security_incident": "Confirmed",
  "source_id": "vcdb",
  "summary": "On or about June 29, 2012 we received word from one of our customers that several of their employees had reported unauthorized charges on their credit cards. As you probably know, we are in the business of selling uniforms, apparel and related items. Many of these sales take place through \u201cweb stores\u201d that are developed and hosted by a third party vendor on behalf of Mission Linen Supply. Although purchases made through these web stores are considered transactions with Mission Linen Supply, personally identifiable information that was provided by persons who purchased goods through the web stores was stored and maintained by this third party vendor and not by Mission Linen Supply.",
  "timeline": {
    "incident": {
      "year": 2012
    }
  },
  "victim": {
    "country": "US",
    "employee_count": "1001 to 10000",
    "industry": "812331",
    "notes": "",
    "revenue": {
      "amount": 205300000,
      "iso_currency_code": "USD"
    },
    "state": "CA",
    "victim_id": "Mission Linen Supply Company"
  }
}