{
  "action": {},
  "actor": {
    "unknown": {}
  },
  "asset": {},
  "attribute": {
    "confidentiality": {
      "data": [
        {
          "amount": 1961,
          "variety": "Medical"
        }
      ],
      "data_disclosure": "Potentially",
      "data_total": 1961
    }
  },
  "discovery_method": "Unknown",
  "impact": {
    "overall_rating": "Unknown"
  },
  "incident_id": "20634D68-BFDE-4377-8477-27680833A884",
  "plus": {
    "analysis_status": "First pass",
    "created": "2013-04-12T22:29:56Z",
    "master_id": "20634D68-BFDE-4377-8477-27680833A884",
    "timeline": {
      "notification": {}
    }
  },
  "schema_version": "1.2.1",
  "security_incident": "Confirmed",
  "source_id": "vcdb",
  "timeline": {
    "discovery": {
      "unit": "Years",
      "value": 9
    },
    "incident": {
      "day": 3,
      "month": 7,
      "year": 2012
    }
  },
  "victim": {
    "country": "US",
    "employee_count": "10001 to 25000",
    "industry": "622110",
    "state": "Nc",
    "victim_id": "Duke University Health System"
  }
}