{
  "action": {
    "physical": {
      "location": [
        "Victim work area"
      ],
      "notes": "",
      "variety": [
        "Theft"
      ],
      "vector": [
        "Bypassed controls"
      ]
    }
  },
  "actor": {
    "unknown": {}
  },
  "asset": {
    "assets": [
      {
        "variety": "U - Laptop"
      }
    ],
    "notes": ""
  },
  "attribute": {
    "availability": {
      "variety": [
        "Loss"
      ]
    },
    "confidentiality": {
      "data": [
        {
          "amount": 8600000,
          "variety": "Medical"
        },
        {
          "amount": 8600000,
          "variety": "Personal"
        }
      ],
      "data_disclosure": "Potentially",
      "data_total": 8600000,
      "notes": "",
      "state": [
        "Stored unencrypted"
      ]
    }
  },
  "discovery_method": "Unknown",
  "impact": {
    "overall_rating": "Unknown"
  },
  "incident_id": "20A789F8-8993-430E-B1A4-676D828061FA",
  "notes": "",
  "plus": {
    "analysis_status": "First pass",
    "analyst": "swidup",
    "asset": {
      "total": "No"
    },
    "attribute": {
      "confidentiality": {
        "credit_monitoring": "U",
        "data_abuse": "U",
        "data_subject": "Patient"
      }
    },
    "created": "2013-02-23T03:13:36Z",
    "f500": "N",
    "master_id": "20A789F8-8993-430E-B1A4-676D828061FA",
    "timeline": {
      "notification": {
        "day": 15,
        "month": 6,
        "year": 2011
      }
    }
  },
  "reference": "http://www.thesun.co.uk/sol/homepage/news/3637704/Missing-Laptop-with-86million-medical-records.html ",
  "schema_version": "1.2.1",
  "security_incident": "Confirmed",
  "source_id": "vcdb",
  "summary": "A LAPTOP holding the medical records of eight MILLION patients has gone missing.  The computer vanished from an NHS building in the biggest-ever security breach of its kind.  It went missing three weeks ago but has only just been reported to police.  The unencrypted laptop contains sensitive details of 8.63 million people plus records of 18 million hospital visits, operations and procedures.  The data does not include names but patients could be identified from postcodes and details such as gender, age and ethnic origin.  The computer was one of 20 lost from a store room at London Health Programmes, a medical research organisation based at the NHS North Central London health authority.  Eight have been recovered but a search is still being carried out for the other 12.",
  "timeline": {
    "incident": {
      "year": 2011
    }
  },
  "victim": {
    "country": "GB",
    "employee_count": "Unknown",
    "industry": "923120",
    "notes": "",
    "victim_id": "London Health Programmes"
  }
}