{
  "action": {
    "physical": {
      "location": [
        "Unknown"
      ],
      "variety": [
        "Theft"
      ],
      "vector": [
        "Unknown"
      ]
    }
  },
  "actor": {
    "external": {
      "country": [
        "Unknown"
      ],
      "motive": [
        "Financial"
      ],
      "variety": [
        "Unknown"
      ]
    }
  },
  "asset": {
    "assets": [
      {
        "variety": "U - Laptop"
      }
    ]
  },
  "attribute": {
    "availability": {
      "variety": [
        "Loss"
      ]
    },
    "confidentiality": {
      "data": [
        {
          "variety": "Medical"
        },
        {
          "variety": "Personal"
        }
      ],
      "data_disclosure": "Potentially",
      "notes": "",
      "state": [
        "Stored unencrypted"
      ]
    }
  },
  "discovery_method": "Int - reported by user",
  "impact": {
    "overall_rating": "Unknown"
  },
  "incident_id": "20EA585E-4496-4740-A67F-EBDD9F7773C1",
  "notes": "",
  "plus": {
    "analysis_status": "First pass",
    "analyst": "swidup",
    "asset": {
      "total": "No"
    },
    "attribute": {
      "confidentiality": {
        "credit_monitoring": "N",
        "data_abuse": "U",
        "data_subject": "Patient"
      }
    },
    "created": "2013-02-22T03:26:46Z",
    "f500": "N",
    "master_id": "20EA585E-4496-4740-A67F-EBDD9F7773C1",
    "timeline": {
      "notification": {
        "day": 10,
        "month": 12,
        "year": 2012
      }
    }
  },
  "reference": "http://www.kob.com/article/stories/S2861824.shtml?cat=500 ",
  "schema_version": "1.2.1",
  "security_incident": "Confirmed",
  "source_id": "vcdb",
  "summary": " Some patient records may be in jeopardy, thanks to a lost or stolen laptop computer from ABQ Health Partners, the state's largest independent doctor's group.  ABQ Health Partners sent out a letter telling patients their personal information is at risk of falling into the wrong hands.",
  "timeline": {
    "incident": {
      "year": 2012
    }
  },
  "victim": {
    "country": "US",
    "employee_count": "1001 to 10000",
    "industry": "621111",
    "notes": "",
    "revenue": {
      "amount": 78700000,
      "iso_currency_code": "USD"
    },
    "state": "NM",
    "victim_id": "ABQ Health Partners"
  }
}