{
  "action": {
    "error": {
      "notes": "Public vehicle",
      "variety": [
        "Loss"
      ],
      "vector": [
        "Carelessness"
      ]
    }
  },
  "actor": {
    "internal": {
      "motive": [
        "NA"
      ],
      "variety": [
        "Unknown"
      ]
    }
  },
  "asset": {
    "assets": [
      {
        "variety": "M - Documents"
      }
    ]
  },
  "attribute": {
    "availability": {
      "variety": [
        "Loss"
      ]
    },
    "confidentiality": {
      "data": [
        {
          "amount": 22,
          "variety": "Personal"
        }
      ],
      "data_disclosure": "Yes",
      "data_total": 22,
      "notes": "",
      "state": [
        "Stored unencrypted"
      ]
    }
  },
  "discovery_method": "Unknown",
  "impact": {
    "overall_rating": "Unknown"
  },
  "incident_id": "20F94842-3D93-42B2-9694-17A5C86CCBC9",
  "notes": "",
  "plus": {
    "analysis_status": "First pass",
    "analyst": "swidup",
    "asset": {
      "total": "No"
    },
    "attribute": {
      "confidentiality": {
        "credit_monitoring": "U",
        "data_abuse": "U",
        "data_subject": "Customer"
      }
    },
    "created": "2013-06-24T23:55:17Z",
    "f500": "N",
    "master_id": "20F94842-3D93-42B2-9694-17A5C86CCBC9",
    "timeline": {
      "notification": {
        "month": 6,
        "year": 2013
      }
    }
  },
  "reference": "http://www.japantimes.co.jp/news/2013/06/15/national/tepco-employee-loses-info-on-22-claiming-nuclear-compensation-redress/#.Ub9aF__720g",
  "schema_version": "1.2.1",
  "security_incident": "Confirmed",
  "source_id": "vcdb",
  "summary": "Tepco revealed that one of its employees has lost documents that include the personal information of 22 individuals who have applied for compensation related to the nuclear crisis, adding this was not the first such incident.",
  "timeline": {
    "incident": {
      "month": 6,
      "year": 2013
    }
  },
  "victim": {
    "country": "JP",
    "employee_count": "50001 to 100000",
    "industry": "221122",
    "notes": "",
    "revenue": {
      "amount": 65010000000,
      "iso_currency_code": "USD"
    },
    "victim_id": "Tepco (Tokyo Electric Power Company)"
  }
}