{
  "action": {
    "error": {
      "notes": "Partner facility",
      "variety": [
        "Loss"
      ],
      "vector": [
        "Carelessness"
      ]
    }
  },
  "actor": {
    "internal": {
      "motive": [
        "NA"
      ],
      "variety": [
        "Other"
      ]
    }
  },
  "asset": {
    "assets": [
      {
        "variety": "M - Flash drive"
      }
    ]
  },
  "attribute": {
    "availability": {
      "variety": [
        "Loss"
      ]
    },
    "confidentiality": {
      "data": [
        {
          "variety": "Personal"
        }
      ],
      "data_disclosure": "Yes",
      "notes": "",
      "state": [
        "Stored unencrypted"
      ]
    }
  },
  "discovery_method": "Ext - customer",
  "impact": {
    "overall_rating": "Unknown"
  },
  "incident_id": "2148BB32-FE35-4F56-B94B-343BDE076E91",
  "notes": "Partner was PricewaterhouseCoopers (PWC)",
  "plus": {
    "analysis_status": "First pass",
    "analyst": "swidup",
    "asset": {
      "total": "No"
    },
    "attribute": {
      "confidentiality": {
        "credit_monitoring": "Y",
        "data_abuse": "U",
        "data_subject": "Partner"
      }
    },
    "created": "2013-02-10T03:44:09Z",
    "f500": "N",
    "master_id": "2148BB32-FE35-4F56-B94B-343BDE076E91",
    "timeline": {
      "notification": {
        "day": 19,
        "month": 4,
        "year": 2012
      }
    }
  },
  "reference": "http://doj.nh.gov/consumer/security-breaches/documents/under-armour-20120424.pdf ",
  "schema_version": "1.2.1",
  "security_incident": "Confirmed",
  "source_id": "vcdb",
  "summary": "the breach of security involved the companies publishing firm, Price Waterhouse Coopers. A Price Waterhouse Coopers employee, in connection with a recent company audit, send an unencrypted thumb drive containing certain payroll information about the company employees by mail. That thumb drive, which contained the names and Social Security numbers of a number of employees, along with limited other information, was lost around April 12, 2012. We have not been able to locate the thumb drive.",
  "timeline": {
    "incident": {
      "day": 12,
      "month": 4,
      "year": 2012
    }
  },
  "victim": {
    "country": "US",
    "employee_count": "1001 to 10000",
    "industry": "31522",
    "notes": "",
    "revenue": {
      "amount": 1830000000,
      "iso_currency_code": "USD"
    },
    "state": "MD",
    "victim_id": "Under Armour"
  }
}