{
  "action": {
    "physical": {
      "location": [
        "Unknown"
      ],
      "variety": [
        "Theft"
      ],
      "vector": [
        "Unknown"
      ]
    }
  },
  "actor": {
    "external": {
      "country": [
        "Unknown"
      ],
      "motive": [
        "Unknown"
      ],
      "variety": [
        "Unknown"
      ]
    }
  },
  "asset": {
    "assets": [
      {
        "variety": "M - Flash drive"
      }
    ]
  },
  "attribute": {
    "availability": {
      "variety": [
        "Loss"
      ]
    },
    "confidentiality": {
      "data": [
        {
          "amount": 180111,
          "variety": "Medical"
        }
      ],
      "data_disclosure": "Potentially",
      "data_total": 180111
    }
  },
  "discovery_method": "Unknown",
  "impact": {
    "overall_rating": "Unknown"
  },
  "incident_id": "219548AC-9E5D-4819-9644-1676C7E6534B",
  "plus": {
    "analysis_status": "First pass",
    "created": "2013-04-12T22:29:56Z",
    "master_id": "219548AC-9E5D-4819-9644-1676C7E6534B",
    "timeline": {
      "notification": {}
    }
  },
  "schema_version": "1.2.1",
  "security_incident": "Confirmed",
  "source_id": "vcdb",
  "timeline": {
    "discovery": {
      "unit": "Months",
      "value": 3
    },
    "incident": {
      "day": 5,
      "month": 5,
      "year": 2010
    }
  },
  "victim": {
    "country": "US",
    "employee_count": "11 to 100",
    "industry": "621111",
    "state": "Il",
    "victim_id": "Emergency Healthcare Physicians, Ltd."
  }
}