{
  "action": {
    "malware": {
      "variety": [
        "Unknown"
      ],
      "vector": [
        "Unknown"
      ]
    }
  },
  "actor": {
    "external": {
      "country": [
        "Unknown"
      ],
      "motive": [
        "Unknown"
      ],
      "variety": [
        "Unknown"
      ]
    }
  },
  "asset": {
    "assets": [
      {
        "variety": "S - Database"
      }
    ]
  },
  "attribute": {
    "confidentiality": {
      "data": [
        {
          "variety": "Personal"
        }
      ],
      "data_disclosure": "Potentially",
      "data_total": 25000
    },
    "integrity": {
      "variety": [
        "Software installation"
      ]
    }
  },
  "discovery_method": "Unknown",
  "incident_id": "2196AFA6-2C93-4C52-BCFF-0E8B3A5939A3",
  "plus": {
    "analysis_status": "First pass",
    "created": "2013-09-10T20:13:32Z",
    "master_id": "2196AFA6-2C93-4C52-BCFF-0E8B3A5939A3",
    "timeline": {
      "notification": {
        "day": 16,
        "month": 3,
        "year": 2013
      }
    }
  },
  "reference": "http://salem.patch.com/articles/25-000-affected-by-ssu-data-breach, http://www.esecurityplanet.com/network-security/salem-state-university-suffers-security-breach.html, http://www.wcvb.com/news/local/boston-north/25-000-potentially-affected-by-data-breach-at-Salem-State-University/-/11984708/19350934/-/7gav8o/-/index.html?absolute=true, http://boston.cbslocal.com/2013/03/17/salem-state-university-says-25k-people-affected-by-data-breach/",
  "schema_version": "1.2.1",
  "security_incident": "Confirmed",
  "source_id": "vcdb",
  "summary": "A server was found to be infected with a virus.  The University computer contained information related to paychecks distributed by the University.  Current and former employees who may have been students or staff may have been affected.",
  "timeline": {
    "incident": {
      "year": 2013
    }
  },
  "victim": {
    "country": "US",
    "employee_count": "1001 to 10000",
    "industry": "611310",
    "state": "MA",
    "victim_id": "Salem State University"
  }
}