{
  "action": {
    "misuse": {
      "variety": [
        "Privilege abuse"
      ],
      "vector": [
        "LAN access"
      ]
    }
  },
  "actor": {
    "internal": {
      "motive": [
        "Unknown"
      ],
      "variety": [
        "End-user"
      ]
    }
  },
  "asset": {
    "assets": [
      {
        "variety": "S - Database"
      }
    ]
  },
  "attribute": {
    "confidentiality": {
      "data": [
        {
          "variety": "Personal"
        }
      ],
      "data_disclosure": "Yes",
      "notes": "",
      "state": [
        "Stored"
      ]
    }
  },
  "discovery_method": "Unknown",
  "impact": {
    "overall_rating": "Unknown"
  },
  "incident_id": "21A801A7-9C83-436C-AC6B-97C62B17DFA7",
  "notes": "",
  "plus": {
    "analysis_status": "First pass",
    "analyst": "swidup",
    "asset": {
      "total": "No"
    },
    "attribute": {
      "confidentiality": {
        "credit_monitoring": "U",
        "data_abuse": "U",
        "data_subject": "Customer"
      }
    },
    "created": "2013-08-04T22:58:02Z",
    "f500": "N",
    "master_id": "21A801A7-9C83-436C-AC6B-97C62B17DFA7",
    "timeline": {
      "notification": {
        "day": 31,
        "month": 5,
        "year": 2013
      }
    }
  },
  "reference": "http://ig.state.ny.us/pdfs/BourneDMVSenecaCoPR5-31-13.pdf",
  "schema_version": "1.2.1",
  "security_incident": "Confirmed",
  "source_id": "vcdb",
  "summary": "Patricia I. Bourne, a 56 year old License Clerk from Waterloo, was charged with 11 felony counts of Computer Trespass and one misdemeanor count of Official Misconduct for repeatedly accessing the records of an individual known to her between December 2012 and January 2013. Bourne admitted to Inspector General investigators that she accessed the records as a favor for a friend. ",
  "timeline": {
    "incident": {
      "month": 12,
      "year": 2013
    }
  },
  "victim": {
    "country": "US",
    "employee_count": "Unknown",
    "industry": "92",
    "notes": "",
    "state": "NY",
    "victim_id": "New York Department of Motor Vehicles"
  }
}