{
  "action": {
    "physical": {
      "location": [
        "Victim work area"
      ],
      "variety": [
        "Theft"
      ],
      "vector": [
        "Unknown"
      ]
    }
  },
  "actor": {
    "external": {
      "country": [
        "Unknown"
      ],
      "motive": [
        "Unknown"
      ],
      "variety": [
        "Unknown"
      ]
    }
  },
  "asset": {
    "assets": [
      {
        "amount": 4,
        "variety": "U - Laptop"
      },
      {
        "amount": 1,
        "variety": "U - Desktop"
      }
    ]
  },
  "attribute": {
    "availability": {
      "variety": [
        "Loss"
      ]
    },
    "confidentiality": {
      "data": [
        {
          "amount": 646,
          "variety": "Medical"
        }
      ],
      "data_disclosure": "Potentially",
      "data_total": 646
    }
  },
  "discovery_method": "Unknown",
  "impact": {
    "overall_rating": "Unknown"
  },
  "incident_id": "21AFA8D4-9A25-4DC9-91D0-FD7E9F704219",
  "plus": {
    "analysis_status": "First pass",
    "created": "2013-04-12T22:29:56Z",
    "master_id": "21AFA8D4-9A25-4DC9-91D0-FD7E9F704219",
    "timeline": {
      "notification": {}
    }
  },
  "schema_version": "1.2.1",
  "security_incident": "Confirmed",
  "source_id": "vcdb",
  "timeline": {
    "discovery": {
      "unit": "Months",
      "value": 3
    },
    "incident": {
      "day": 22,
      "month": 2,
      "year": 2010
    }
  },
  "victim": {
    "country": "US",
    "employee_count": "11 to 100",
    "industry": "923120",
    "state": "Mi",
    "victim_id": "Detroit Department of Health and Wellness Promotion"
  }
}