{
  "action": {
    "hacking": {
      "notes": "",
      "variety": [
        "Unknown"
      ],
      "vector": [
        "Web application"
      ]
    }
  },
  "actor": {
    "external": {
      "country": [
        "Unknown"
      ],
      "motive": [
        "Unknown"
      ],
      "variety": [
        "Unknown"
      ]
    }
  },
  "asset": {
    "assets": [
      {
        "variety": "S - Web application"
      }
    ]
  },
  "attribute": {
    "confidentiality": {
      "data": [
        {
          "variety": "Bank"
        },
        {
          "variety": "Personal"
        }
      ],
      "data_disclosure": "Yes",
      "notes": "Unknown record count.",
      "state": [
        "Stored"
      ]
    }
  },
  "discovery_method": "Unknown",
  "impact": {
    "overall_rating": "Unknown"
  },
  "incident_id": "21B632FF-E4E2-4AA4-8B78-89D7787C2A46",
  "notes": "",
  "plus": {
    "analysis_status": "First pass",
    "analyst": "Splitler",
    "asset": {
      "total": "No"
    },
    "attribute": {
      "confidentiality": {
        "credit_monitoring": "N",
        "data_abuse": "U",
        "data_subject": "Customer"
      }
    },
    "created": "2013-02-22T15:58:43Z",
    "f500": "N",
    "master_id": "21B632FF-E4E2-4AA4-8B78-89D7787C2A46",
    "timeline": {
      "notification": {
        "day": 15,
        "month": 2,
        "year": 2012
      }
    }
  },
  "reference": "https://www.privacyrights.org/node/32387, http://www.thedenverchannel.com/news/homeowner-accounts-hacked, http://oag.ca.gov/system/files/02162012.pdf?",
  "schema_version": "1.2.1",
  "security_incident": "Confirmed",
  "source_id": "vcdb",
  "summary": "We have reason to believe that the integrity of your personal information may have been compromised due to a security breach of the DHI Mortgage Loan Prequalification Website.  On the evening of Friday, February 10, 2012, DHI Mortgage became aware that a software security breach by unknown external sources occurred in its Internet Loan Prequalification System",
  "timeline": {
    "compromise": {
      "unit": "Unknown"
    },
    "containment": {
      "unit": "Unknown"
    },
    "discovery": {
      "unit": "Unknown"
    },
    "exfiltration": {
      "unit": "Unknown"
    },
    "incident": {
      "year": 2012
    }
  },
  "victim": {
    "country": "US",
    "employee_count": "101 to 1000",
    "industry": "522292",
    "notes": "",
    "revenue": {
      "amount": 46000000,
      "iso_currency_code": "USD"
    },
    "state": "TX",
    "victim_id": "DHI Mortgage"
  }
}