{
  "action": {
    "misuse": {
      "notes": "",
      "variety": [
        "Knowledge abuse",
        "Privilege abuse"
      ],
      "vector": [
        "LAN access"
      ]
    }
  },
  "actor": {
    "internal": {
      "motive": [
        "Financial"
      ],
      "notes": "",
      "variety": [
        "End-user"
      ]
    }
  },
  "asset": {
    "assets": [
      {
        "variety": "S - Database"
      }
    ],
    "notes": ""
  },
  "attribute": {
    "confidentiality": {
      "data": [
        {
          "amount": 58,
          "variety": "Medical"
        },
        {
          "amount": 58,
          "variety": "Personal"
        }
      ],
      "data_disclosure": "Yes",
      "data_total": 56,
      "notes": "",
      "state": [
        "Stored"
      ]
    }
  },
  "discovery_method": "Unknown",
  "impact": {
    "overall_rating": "Unknown"
  },
  "incident_id": "21B66CD7-B7DA-450D-B7A5-735B940981CD",
  "notes": "",
  "plus": {
    "analysis_status": "First pass",
    "analyst": "swidup",
    "asset": {
      "total": "No"
    },
    "attribute": {
      "confidentiality": {
        "credit_monitoring": "U",
        "data_abuse": "U",
        "data_subject": "Patient"
      }
    },
    "created": "2013-02-22T05:37:45Z",
    "f500": "N",
    "master_id": "21B66CD7-B7DA-450D-B7A5-735B940981CD",
    "timeline": {
      "notification": {
        "day": 16,
        "month": 4,
        "year": 2012
      }
    }
  },
  "reference": "http://www.nydailynews.com/new-york/health-center-worker-stole-identities-patients-severe-brain-injuries-filed-fake-tax-returns-refunds-officials-article-1.1062539 ",
  "schema_version": "1.2.1",
  "security_incident": "Confirmed",
  "source_id": "vcdb",
  "summary": "Dozens of victims of severe brain injuries had their identities stolen by a man who worked at the New York center where they were treated, a prosecutor said Monday. The suspect then filed phony tax returns with the Internal Revenue Service and in at least two states, pocketing over $200,000 in refunds.  In addition to the charges against Achampong in New York, Spota said he is suspected of using the same victims\u2019 Social Security numbers and other identification to obtain $30,000 in refunds in New Jersey, though charges have yet to be filed there. Achampong had been in custody in Georgia, facing credit card fraud, forgery and identity theft charges stemming from a November 2011 arrest.",
  "timeline": {
    "incident": {
      "year": 2012
    }
  },
  "victim": {
    "country": "US",
    "employee_count": "Unknown",
    "industry": "813990",
    "notes": "",
    "state": "NY",
    "victim_id": "Long Island\u2019s Head Injury Association"
  }
}