{
  "action": {
    "hacking": {
      "notes": "",
      "variety": [
        "Unknown"
      ],
      "vector": [
        "Web application"
      ]
    }
  },
  "actor": {
    "external": {
      "country": [
        "Unknown"
      ],
      "motive": [
        "Unknown"
      ],
      "variety": [
        "Unknown"
      ]
    }
  },
  "asset": {
    "assets": [
      {
        "variety": "Unknown"
      }
    ]
  },
  "attribute": {
    "confidentiality": {
      "data": [
        {
          "variety": "Personal"
        }
      ],
      "data_disclosure": "Yes",
      "data_total": 104179,
      "notes": "",
      "state": [
        "Unknown"
      ]
    }
  },
  "discovery_method": "Unknown",
  "impact": {
    "overall_rating": "Unknown"
  },
  "incident_id": "21E1B7E1-A38A-4284-9A05-CAE129C2402C",
  "notes": "",
  "plus": {
    "analysis_status": "First pass",
    "analyst": "swidup",
    "asset": {
      "total": "No"
    },
    "attribute": {
      "confidentiality": {
        "credit_monitoring": "U",
        "data_abuse": "U",
        "data_subject": "Partner"
      }
    },
    "created": "2013-08-21T23:44:32Z",
    "f500": "N",
    "master_id": "21E1B7E1-A38A-4284-9A05-CAE129C2402C",
    "timeline": {
      "notification": {
        "day": 5,
        "month": 2,
        "year": 2013
      }
    }
  },
  "reference": "http://www.informationweek.com/security/attacks/department-of-energy-confirms-data-breac/240147877, http://www.infoworld.com/t/hacking/data-breach-exposes-energy-departments-continuing-story-of-negligence-212246, http://www.informationweek.com/security/attacks/energy-department-updates-breach-count-s/240160706, http://www.informationweek.com/security/attacks/doe-breach-count-now-exceeds-100000/240162952",
  "schema_version": "1.2.1",
  "security_incident": "Confirmed",
  "source_id": "vcdb",
  "summary": "The U.S. Department of Energy has admitted that unidentified malicious hackers successfully breached 14 of its servers and 20 of its workstations two weeks ago, making off with personal information belonging to several hundred employees. The department's assurances that \"no classified data was compromised\" come as little comfort, however, considering the department's spotty security history.  \"It's a continuing story of negligence,\" Ed McCallum, former director of the department's office of safeguards and security, told the Free Beacon. \"[The department] is on the cutting edge of some of the most sophisticated military and intelligence technology the country owns and it is being treated frivolously by the Department of Energy and its political masters.\"",
  "timeline": {
    "incident": {
      "year": 2013
    }
  },
  "victim": {
    "country": "US",
    "employee_count": "10001 to 25000",
    "industry": "926130",
    "notes": "",
    "state": "DC",
    "victim_id": "Department of Energy"
  }
}