{
  "action": {
    "physical": {
      "location": [
        "Public facility"
      ],
      "notes": "",
      "variety": [
        "Tampering"
      ],
      "vector": [
        "Uncontrolled location"
      ]
    }
  },
  "actor": {
    "external": {
      "country": [
        "US"
      ],
      "motive": [
        "Financial"
      ],
      "notes": "",
      "variety": [
        "Unknown"
      ]
    }
  },
  "asset": {
    "assets": [
      {
        "variety": "T - ATM"
      }
    ],
    "notes": ""
  },
  "attribute": {
    "confidentiality": {
      "data": [
        {
          "variety": "Payment"
        }
      ],
      "data_disclosure": "Yes",
      "notes": "",
      "state": [
        "Stored"
      ]
    }
  },
  "discovery_method": "Other",
  "impact": {
    "overall_rating": "Unknown"
  },
  "incident_id": "21FC25F2-D32E-44EF-8FBA-FB08A9D2D8A2",
  "notes": "",
  "plus": {
    "analysis_status": "First pass",
    "analyst": "swidup",
    "asset": {
      "total": "No"
    },
    "attribute": {
      "confidentiality": {
        "credit_monitoring": "U",
        "data_abuse": "U",
        "data_subject": "Customer"
      }
    },
    "created": "2013-02-23T03:37:34Z",
    "f500": "N",
    "master_id": "21FC25F2-D32E-44EF-8FBA-FB08A9D2D8A2",
    "timeline": {
      "notification": {
        "day": 30,
        "month": 11,
        "year": 2012
      }
    }
  },
  "reference": "http://www.washingtonpost.com/blogs/crime-scene/post/fairfax-county-police-find-atm-skimmers-at-hospitals/2012/11/30/8fd4739a-3aec-11e2-a263-f0ebffed2f15_blog.html ",
  "schema_version": "1.2.1",
  "security_incident": "Confirmed",
  "source_id": "vcdb",
  "summary": "Fairfax County police are investigating skimmers that were found attached to two automated teller machines at Fairfax hospitals. The devices, discovered this week, are designed to copy personal bank card information and pass codes for thieves.  Authorities said the devices may have been in place for weeks. They are urging people who may have used the machines to check their financial statements.   The devices were found Tuesday at an ATM near the lobby gift shop of the Inova Fairfax Hospital Cardiac Care Center and on Wednesday at an ATM next to the cafeteria at Inova Fair Oaks Hospital.  Police said that in one case, a hospital employee found the skimmer when she tried to insert her ATM card and the device fell off the machine. Police said a hospital security guard found the other skimmer.",
  "timeline": {
    "incident": {
      "year": 2012
    }
  },
  "victim": {
    "country": "US",
    "employee_count": "Unknown",
    "industry": "621111",
    "notes": "",
    "state": "VA",
    "victim_id": "Inova Fairfax Hospital"
  }
}