{
  "action": {
    "hacking": {
      "variety": [
        "Unknown"
      ],
      "vector": [
        "Unknown"
      ]
    }
  },
  "actor": {
    "external": {
      "country": [
        "Unknown"
      ],
      "motive": [
        "Financial"
      ],
      "variety": [
        "Unknown"
      ]
    }
  },
  "asset": {
    "assets": [
      {
        "variety": "S - Web application"
      }
    ]
  },
  "attribute": {
    "confidentiality": {
      "data": [
        {
          "variety": "Payment"
        }
      ],
      "data_disclosure": "Yes"
    }
  },
  "discovery_method": "Unknown",
  "incident_id": "225076E4-22B3-4587-AFA6-F5AAB526BB23",
  "plus": {
    "analysis_status": "First pass",
    "created": "2013-09-10T20:13:32Z",
    "master_id": "225076E4-22B3-4587-AFA6-F5AAB526BB23",
    "timeline": {
      "notification": {
        "day": 19,
        "month": 2,
        "year": 2013
      }
    }
  },
  "reference": "https://oag.ca.gov/system/files/Hotusa%20Website%20Server%20Active%20CM%20Letter_%28WSC%29_EN_Final_0.pdf?",
  "schema_version": "1.2.1",
  "security_incident": "Confirmed",
  "source_id": "vcdb",
  "summary": "A server breach or other incident related to credit cards may have affected people who used their American Express cards at locations linked to Hotusa Group's servers.  Account numbers, names, credit card expiration date, and other credit card information may have been exposed for American Express and other cards. The incident occurred on August 24, 2012.",
  "timeline": {
    "incident": {
      "year": 2013
    }
  },
  "victim": {
    "country": "ES",
    "employee_count": "101 to 1000",
    "industry": "721110",
    "state": "",
    "victim_id": "Hotusa Group"
  }
}