{
  "action": {
    "physical": {
      "location": [
        "Victim work area"
      ],
      "notes": "",
      "variety": [
        "Theft"
      ],
      "vector": [
        "Bypassed controls"
      ]
    }
  },
  "actor": {
    "external": {
      "country": [
        "US"
      ],
      "motive": [
        "Financial"
      ],
      "notes": "",
      "variety": [
        "Unknown"
      ]
    }
  },
  "asset": {
    "assets": [
      {
        "variety": "U - Laptop"
      }
    ],
    "notes": ""
  },
  "attribute": {
    "availability": {
      "variety": [
        "Loss"
      ]
    },
    "confidentiality": {
      "data": [
        {
          "amount": 283,
          "variety": "Medical"
        }
      ],
      "data_disclosure": "Potentially",
      "data_total": 283,
      "notes": "",
      "state": [
        "Unknown"
      ]
    }
  },
  "discovery_method": "Unknown",
  "impact": {
    "overall_rating": "Unknown"
  },
  "incident_id": "22F581A5-8F2C-4518-802F-1ADB5B550002",
  "notes": "",
  "plus": {
    "analysis_status": "First pass",
    "analyst": "swidup",
    "asset": {
      "total": "No"
    },
    "attribute": {
      "confidentiality": {
        "credit_monitoring": "U",
        "data_abuse": "U",
        "data_subject": "Patient"
      }
    },
    "created": "2013-04-30T18:36:33Z",
    "f500": "N",
    "master_id": "22F581A5-8F2C-4518-802F-1ADB5B550002",
    "timeline": {
      "notification": {
        "day": 26,
        "month": 4,
        "year": 2013
      }
    }
  },
  "reference": "http://www.cnycentral.com/news/story.aspx?id=890363",
  "schema_version": "1.2.1",
  "security_incident": "Confirmed",
  "source_id": "vcdb",
  "summary": "The hospital has notified 283 patients by mail that a laptop computer containing some personal medical information was stolen from the hospital on or about March 30 or 31. The information on the computer may have included the patient's name, date of birth, hospital medical record number, dates of care, diagnosis, test readings and physician's name. It did not include the patient's social security number, insurance information, address or other identifying information which can frequently be used in identity theft.",
  "timeline": {
    "incident": {
      "day": 31,
      "month": 3,
      "year": 2013
    }
  },
  "victim": {
    "country": "US",
    "employee_count": "1001 to 10000",
    "industry": "622110",
    "notes": "",
    "revenue": {
      "amount": 424100000,
      "iso_currency_code": "USD"
    },
    "state": "NY",
    "victim_id": "Upstate University Hospital"
  }
}