{
  "action": {
    "hacking": {
      "cve": "",
      "notes": "",
      "variety": [
        "Use of stolen creds"
      ],
      "vector": [
        "Web application"
      ]
    },
    "social": {
      "notes": "",
      "target": [
        "Unknown"
      ],
      "variety": [
        "Phishing"
      ],
      "vector": [
        "Email"
      ]
    }
  },
  "actor": {
    "external": {
      "country": [
        "SY"
      ],
      "motive": [
        "Ideology"
      ],
      "notes": "Syrian Electronic Army",
      "variety": [
        "Activist"
      ]
    }
  },
  "asset": {
    "assets": [
      {
        "variety": "S - Web application"
      },
      {
        "variety": "P - Other"
      }
    ],
    "notes": ""
  },
  "attribute": {
    "confidentiality": {
      "data": [
        {
          "variety": "Credentials"
        }
      ],
      "data_disclosure": "Yes",
      "notes": "",
      "state": [
        "Stored"
      ]
    },
    "integrity": {
      "notes": "",
      "variety": [
        "Misappropriation",
        "Alter behavior"
      ]
    }
  },
  "discovery_method": "Unknown",
  "impact": {
    "loss": [
      {
        "rating": "Minor",
        "variety": "Asset and fraud"
      },
      {
        "rating": "Unknown",
        "variety": "Brand damage"
      },
      {
        "rating": "Unknown",
        "variety": "Business disruption"
      },
      {
        "rating": "Unknown",
        "variety": "Operating costs"
      },
      {
        "rating": "Minor",
        "variety": "Legal and regulatory"
      },
      {
        "rating": "Unknown",
        "variety": "Competitive advantage"
      },
      {
        "rating": "Unknown",
        "variety": "Response and recovery"
      }
    ],
    "overall_rating": "Unknown"
  },
  "incident_id": "2306876C-FE5F-41F6-91A4-D4E913A7FE63",
  "notes": "",
  "plus": {
    "analysis_status": "First pass",
    "analyst": "blackfist",
    "asset": {
      "total": "No"
    },
    "attribute": {
      "confidentiality": {
        "credit_monitoring": "U",
        "data_abuse": "Y",
        "data_subject": "Partner"
      }
    },
    "created": "2013-06-03T19:28:40Z",
    "f500": "N",
    "master_id": "2306876C-FE5F-41F6-91A4-D4E913A7FE63",
    "timeline": {
      "notification": {
        "day": 17,
        "month": 5,
        "year": 2013
      }
    }
  },
  "reference": "http://www.ft.com/cms/s/0/7a091972-bef3-11e2-a9d4-00144feab7de.html#axzz2VBOgifWv (20130603) http://www.business-standard.com/article/pti-stories/uk-s-financial-times-becomes-latest-syrian-hack-victim-113051701009_1.html (20130603)",
  "schema_version": "1.2.1",
  "security_incident": "Confirmed",
  "source_id": "vcdb",
  "summary": "Financial Times hit with phishing attack and hacked by Syrian Electronic Army",
  "timeline": {
    "compromise": {
      "unit": "Unknown"
    },
    "containment": {
      "unit": "Hours"
    },
    "discovery": {
      "unit": "Hours"
    },
    "exfiltration": {
      "unit": "NA"
    },
    "incident": {
      "day": 17,
      "month": 5,
      "year": 2013
    }
  },
  "victim": {
    "country": "GB",
    "employee_count": "1001 to 10000",
    "industry": "511110",
    "notes": "",
    "revenue": {
      "amount": 471000000,
      "iso_currency_code": "USD"
    },
    "victim_id": "THE FINANCIAL TIMES LTD"
  }
}