{
  "action": {
    "hacking": {
      "notes": "",
      "variety": [
        "Unknown"
      ],
      "vector": [
        "Web application"
      ]
    }
  },
  "actor": {
    "external": {
      "country": [
        "Unknown"
      ],
      "motive": [
        "Grudge"
      ],
      "variety": [
        "Unaffiliated"
      ]
    }
  },
  "asset": {
    "assets": [
      {
        "variety": "S - Web application"
      }
    ]
  },
  "attribute": {
    "confidentiality": {
      "data": [
        {
          "amount": 10,
          "variety": "Personal"
        }
      ],
      "data_disclosure": "Yes",
      "data_total": 10,
      "notes": "",
      "state": [
        "Stored unencrypted"
      ]
    }
  },
  "discovery_method": "Ext - actor disclosure",
  "impact": {
    "loss": [
      {
        "rating": "Minor",
        "variety": "Response and recovery"
      }
    ],
    "overall_rating": "Unknown"
  },
  "incident_id": "2329314F-FB56-4DEC-8497-0BEFF879E3C2",
  "notes": "",
  "plus": {
    "analysis_status": "First pass",
    "analyst": "Splitler",
    "asset": {
      "total": "No"
    },
    "attribute": {
      "confidentiality": {
        "credit_monitoring": "U",
        "data_abuse": "Y",
        "data_subject": "Partner"
      }
    },
    "created": "2013-02-20T18:19:23Z",
    "f500": "N",
    "master_id": "2329314F-FB56-4DEC-8497-0BEFF879E3C2",
    "timeline": {
      "notification": {
        "day": 7,
        "month": 2,
        "year": 2012
      }
    }
  },
  "reference": "http://crimeblog.dallasnews.com/2012/02/hacker-claims-credit-for-attac.html/ http://www.nbcdfw.com/news/tech/Dallas-Police-Departments-Website-Hacked-138823209.html",
  "schema_version": "1.2.1",
  "security_incident": "Confirmed",
  "source_id": "vcdb",
  "summary": "Dallas PD web site compromised; 10 officers' usernames and passwords posted online",
  "timeline": {
    "compromise": {
      "unit": "Unknown"
    },
    "containment": {
      "unit": "Hours"
    },
    "discovery": {
      "unit": "Hours"
    },
    "exfiltration": {
      "unit": "Unknown"
    },
    "incident": {
      "day": 4,
      "month": 2,
      "year": 2012
    }
  },
  "victim": {
    "country": "US",
    "employee_count": "1001 to 10000",
    "industry": "922",
    "notes": "",
    "state": "TX",
    "victim_id": "Dallas Police Department"
  }
}