{
  "action": {
    "error": {
      "variety": [
        "Loss"
      ],
      "vector": [
        "Unknown"
      ]
    }
  },
  "actor": {
    "internal": {
      "motive": [
        "NA"
      ],
      "variety": [
        "Unknown"
      ]
    }
  },
  "asset": {
    "assets": [
      {
        "variety": "M - Tapes"
      }
    ]
  },
  "attribute": {
    "availability": {
      "variety": [
        "Loss"
      ]
    },
    "confidentiality": {
      "data": [
        {
          "variety": "Personal"
        }
      ],
      "data_disclosure": "Potentially",
      "data_total": 7300
    }
  },
  "discovery_method": "Unknown",
  "incident_id": "238E92FB-0C5F-4BA9-93E7-0A6BABEFBDD1",
  "plus": {
    "analysis_status": "First pass",
    "created": "2013-09-10T20:13:32Z",
    "master_id": "238E92FB-0C5F-4BA9-93E7-0A6BABEFBDD1",
    "timeline": {
      "notification": {
        "day": 26,
        "month": 6,
        "year": 2013
      }
    }
  },
  "reference": "http://healthitsecurity.com/2013/06/27/iowa-dhs-informs-patients-of-data-breach/, http://qctimes.com/news/state-and-regional/iowa/confidential-records-missing-at-iowa-mental-health-facility/article_bef1296c-d3de-5d1e-857b-62e3d1a7e0ab.html",
  "schema_version": "1.2.1",
  "security_incident": "Confirmed",
  "source_id": "vcdb",
  "summary": "Former patients of the Mental health Institute in Independence and state employees may have had their confidential information exposed.  A backup tape was found to have been missing as of April 30.  Officials of Iowa Department of Human Services believe the tape was accidentally discarded or destroyed.  UPDATE (06/27/2013): The tape contained the information of 7,300 patients and 700 employees. Only patients who were admitted after June of 2010 were affected.",
  "timeline": {
    "incident": {
      "year": 2013
    }
  },
  "victim": {
    "country": "US",
    "employee_count": "101 to 1000",
    "industry": "923120",
    "state": "IA",
    "victim_id": "Iowa Department of Health Services"
  }
}