{
  "action": {
    "error": {
      "notes": " [through Web]",
      "variety": [
        "Publishing error"
      ],
      "vector": [
        "Unknown"
      ]
    }
  },
  "actor": {
    "internal": {
      "motive": [
        "NA"
      ],
      "variety": [
        "Unknown"
      ]
    }
  },
  "asset": {
    "assets": [
      {
        "variety": "S - Database"
      }
    ]
  },
  "attribute": {
    "confidentiality": {
      "data": [
        {
          "variety": "Personal"
        }
      ],
      "data_disclosure": "Yes",
      "notes": "",
      "state": [
        "Stored unencrypted"
      ]
    }
  },
  "discovery_method": "Unknown",
  "impact": {
    "overall_rating": "Unknown"
  },
  "incident_id": "23BA80FD-BCA7-417A-9058-BF8E21CF4AE3",
  "notes": "",
  "plus": {
    "analysis_status": "First pass",
    "analyst": "swidup",
    "asset": {
      "total": "No"
    },
    "attribute": {
      "confidentiality": {
        "credit_monitoring": "U",
        "data_abuse": "U",
        "data_subject": "Partner"
      }
    },
    "created": "2013-02-12T03:10:11Z",
    "f500": "N",
    "master_id": "23BA80FD-BCA7-417A-9058-BF8E21CF4AE3",
    "timeline": {
      "notification": {
        "day": 5,
        "month": 1,
        "year": 2012
      }
    }
  },
  "reference": "http://news.fredericksburg.com/gettingschooled/2012/01/05/spotsylvania-school-employees-personal-information-was-av/ ",
  "schema_version": "1.2.1",
  "security_incident": "Confirmed",
  "source_id": "vcdb",
  "summary": "Personal information of some Spotsylvania school division employees was briefly accessible online over the holidays.  An employee discovered the problem on Dec. 23 and division staff immediately moved to address the issue, shutting down the internal system known as \u201cself serve\u201d that contains personal information. The system was shut down until staff identified what it presumed to be the problem.",
  "timeline": {
    "incident": {
      "month": 12,
      "year": 2011
    }
  },
  "victim": {
    "country": "US",
    "employee_count": "1001 to 10000",
    "industry": "611110",
    "notes": "",
    "revenue": {
      "amount": 112900000,
      "iso_currency_code": "USD"
    },
    "state": "PA",
    "victim_id": "Spotsylvania School Division"
  }
}