{
  "action": {
    "misuse": {
      "notes": "",
      "variety": [
        "Privilege abuse"
      ],
      "vector": [
        "LAN access"
      ]
    }
  },
  "actor": {
    "internal": {
      "motive": [
        "Unknown"
      ],
      "notes": "",
      "variety": [
        "Other"
      ]
    }
  },
  "asset": {
    "assets": [
      {
        "variety": "S - Web application"
      }
    ],
    "notes": ""
  },
  "attribute": {
    "confidentiality": {
      "data": [
        {
          "variety": "Personal"
        }
      ],
      "data_disclosure": "Yes",
      "notes": "",
      "state": [
        "Stored unencrypted"
      ]
    }
  },
  "discovery_method": "Unknown",
  "impact": {
    "overall_rating": "Unknown"
  },
  "incident_id": "23E9CBEA-C570-48CF-9D09-7AECFCD7D47A",
  "notes": "Customer is Comanche County Telephone Company",
  "plus": {
    "analysis_status": "First pass",
    "analyst": "swidup",
    "asset": {
      "total": "No"
    },
    "attribute": {
      "confidentiality": {
        "credit_monitoring": "Y",
        "data_abuse": "U",
        "data_subject": "Other"
      }
    },
    "created": "2013-02-07T18:10:57Z",
    "f500": "N",
    "master_id": "23E9CBEA-C570-48CF-9D09-7AECFCD7D47A",
    "timeline": {
      "notification": {
        "day": 16,
        "month": 1,
        "year": 2012
      }
    }
  },
  "reference": "http://doj.nh.gov/consumer/security-breaches/documents/experian-20120116.pdf ",
  "schema_version": "1.2.1",
  "security_incident": "Confirmed",
  "source_id": "vcdb",
  "summary": "Unauthorized access to Experian records using customer credentials.",
  "timeline": {
    "incident": {
      "year": 2012
    }
  },
  "victim": {
    "country": "US",
    "employee_count": "1001 to 10000",
    "industry": "561450",
    "notes": "",
    "revenue": {
      "amount": 576700000,
      "iso_currency_code": "USD"
    },
    "state": "CA",
    "victim_id": "Experian"
  }
}