{
  "action": {
    "hacking": {
      "notes": "",
      "variety": [
        "Unknown"
      ],
      "vector": [
        "Web application"
      ]
    }
  },
  "actor": {
    "external": {
      "country": [
        "Unknown"
      ],
      "motive": [
        "Unknown"
      ],
      "variety": [
        "Unknown"
      ]
    }
  },
  "asset": {
    "assets": [
      {
        "variety": "S - Database"
      }
    ]
  },
  "attribute": {
    "confidentiality": {
      "data": [
        {
          "variety": "Personal"
        }
      ],
      "data_disclosure": "Potentially",
      "notes": "",
      "state": [
        "Stored"
      ]
    }
  },
  "discovery_method": "Unknown",
  "impact": {
    "overall_rating": "Unknown"
  },
  "incident_id": "25461118-6CFD-4125-96F0-32BB6AED68DC",
  "notes": "",
  "plus": {
    "analysis_status": "First pass",
    "analyst": "swidup",
    "asset": {
      "total": "No"
    },
    "attribute": {
      "confidentiality": {
        "credit_monitoring": "Y",
        "data_abuse": "U",
        "data_subject": "Student"
      }
    },
    "created": "2013-02-10T03:37:15Z",
    "f500": "N",
    "master_id": "25461118-6CFD-4125-96F0-32BB6AED68DC",
    "timeline": {
      "notification": {
        "day": 21,
        "month": 2,
        "year": 2012
      }
    }
  },
  "reference": "http://doj.nh.gov/consumer/security-breaches/documents/trident-university-20120222.pdf ",
  "schema_version": "1.2.1",
  "security_incident": "Confirmed",
  "source_id": "vcdb",
  "summary": "On November 29, 2011, Trident detected an unsuccessful attempt by an unidentified person to access a database containing usernames and passwords for current and former student accounts.No other information was contained in the database. The company permanently removed the database from the network and engaged in an external forensic team to assess the nature of the incident.The investigation did not find any evidence that someone successfully obtain access to the database and, based on a review of the available volume history for November and December 2011, there was no unusual market activity to indicate inappropriate access to student accounts. Not only is there no evidence that any students information was accessed by an unauthorized person,Trident is not aware of any reports that student account information has been misused as a result of this incident. However, because student accounts contained names, addresses, dates of birth, and often Social Security numbers, the company is notifying all students whose username and password work in the targeted database and offering them one year of free credit monitoring.",
  "timeline": {
    "incident": {
      "day": 29,
      "month": 11,
      "year": 2011
    }
  },
  "victim": {
    "country": "US",
    "employee_count": "Unknown",
    "industry": "6113",
    "notes": "",
    "state": "CA",
    "victim_id": "Trident University"
  }
}