{
  "action": {
    "misuse": {
      "variety": [
        "Privilege abuse"
      ],
      "vector": [
        "LAN access"
      ]
    }
  },
  "actor": {
    "internal": {
      "motive": [
        "Unknown"
      ],
      "variety": [
        "Manager"
      ]
    }
  },
  "asset": {
    "assets": [
      {
        "variety": "U - Desktop"
      }
    ]
  },
  "attribute": {
    "confidentiality": {
      "data": [
        {
          "variety": "Medical"
        },
        {
          "amount": 10000,
          "variety": "Personal"
        }
      ],
      "data_disclosure": "Yes",
      "data_total": 10000,
      "notes": "",
      "state": [
        "Stored unencrypted"
      ]
    }
  },
  "discovery_method": "Unknown",
  "impact": {
    "overall_rating": "Unknown"
  },
  "incident_id": "2592B70D-6080-4BD0-9FAA-E2FD4CC97C9D",
  "notes": "It is unknown if Christopher Church took the information held on the computer or Bruce Peller gave the information to Christopher Church.  ",
  "plus": {
    "analysis_status": "First pass",
    "analyst": "abooker",
    "asset": {
      "total": "No"
    },
    "attribute": {
      "confidentiality": {
        "credit_monitoring": "U",
        "data_abuse": "U",
        "data_subject": "Patient"
      }
    },
    "created": "2013-04-08T16:00:41Z",
    "f500": "N",
    "master_id": "2592B70D-6080-4BD0-9FAA-E2FD4CC97C9D",
    "timeline": {
      "notification": {
        "year": 2012
      }
    }
  },
  "reference": "http://www.journalnow.com/news/local/article_66287b04-2f0b-5ec8-9ed2-3d850bdbb303.html",
  "schema_version": "1.2.1",
  "security_incident": "Confirmed",
  "source_id": "vcdb",
  "summary": "Patient information that was held on a computer at Bruce Peller's dentist office was either stolen by Christopher Church or the information was sent from Peller to Church.   ",
  "timeline": {
    "incident": {
      "day": 27,
      "month": 4,
      "year": 2012
    }
  },
  "victim": {
    "country": "US",
    "employee_count": "Unknown",
    "industry": "62",
    "notes": "",
    "state": "NC",
    "victim_id": "Bruce G. Peller, DMD, PA"
  }
}