{
  "action": {
    "hacking": {
      "cve": "",
      "notes": "In an effort to prove this, we gained access to the schools website via CPANEL login http://tinypic.com/r/ot0wok/6, and the webmaster James \"Jim\" Parks http://www.facebook.com/BIGREDMANOWAR personal email http://tinypic.com/r/2gwbclj/6 which we promptly found multiple nude photographs in.  We in turn locked him out of his own email, and backed up the contents to the web to preserve evidence. http://www.filehosting.org/file/details/405512/Emails.zip",
      "variety": [
        "Unknown"
      ],
      "vector": [
        "Web application"
      ]
    }
  },
  "actor": {
    "external": {
      "country": [
        "Unknown"
      ],
      "motive": [
        "Ideology"
      ],
      "notes": "Anonymous and KnightSec",
      "variety": [
        "Activist"
      ]
    }
  },
  "asset": {
    "assets": [
      {
        "variety": "S - Web application"
      }
    ],
    "hosting": "External",
    "management": "External",
    "notes": ""
  },
  "attribute": {
    "confidentiality": {
      "data": [
        {
          "variety": "Personal"
        }
      ],
      "data_disclosure": "Yes",
      "notes": "The people whose data was exposed were students, but this was not a school site.",
      "state": [
        "Stored"
      ]
    }
  },
  "discovery_method": "Ext - actor disclosure",
  "impact": {
    "overall_rating": "Unknown"
  },
  "incident_id": "25CEB94A-C768-47CE-AA4D-0094438E6CE2",
  "notes": "",
  "plus": {
    "analysis_status": "First pass",
    "analyst": "swidup",
    "asset": {
      "total": "No"
    },
    "attribute": {
      "confidentiality": {
        "credit_monitoring": "U",
        "data_abuse": "Y",
        "data_subject": "Student"
      }
    },
    "created": "2013-02-16T21:19:01Z",
    "f500": "N",
    "master_id": "25CEB94A-C768-47CE-AA4D-0094438E6CE2",
    "timeline": {
      "notification": {
        "day": 25,
        "month": 12,
        "year": 2012
      }
    }
  },
  "reference": "http://deadspin.com/5971165/hackers-take-over-steubenville-high-school-football-teams-website-threaten-to-release-personal-information-of-people-involved-in-alleged-rape-case",
  "schema_version": "1.2.1",
  "security_incident": "Confirmed",
  "source_id": "vcdb",
  "summary": "Hackers who claim to be from the groups Anonymous and KnightSec have taken over the Steubenville High School football team's website, posting a video and message demanding an apology from those involved in the alleged rape that took place in August involving players of the football team. If no one steps forward and publicly apologizes to the victim and her family by Jan. 1, the hackers claim they will release personal information\u2014addresses, SSNs, phone numbers\u2014of people involved in the case.",
  "timeline": {
    "incident": {
      "year": 2012
    }
  },
  "victim": {
    "country": "US",
    "employee_count": "1 to 10",
    "industry": "6117",
    "notes": "",
    "state": "OH",
    "victim_id": "Steubenville High School Football Team\u2019s Website (Rollredroll.com)"
  }
}