{
  "action": {},
  "actor": {
    "unknown": {}
  },
  "asset": {
    "assets": [
      {
        "variety": "M - Documents"
      }
    ]
  },
  "attribute": {
    "confidentiality": {
      "data": [
        {
          "amount": 1797,
          "variety": "Medical"
        }
      ],
      "data_disclosure": "Potentially",
      "data_total": 1797
    }
  },
  "discovery_method": "Unknown",
  "impact": {
    "overall_rating": "Unknown"
  },
  "incident_id": "25D9F821-45F0-41ED-94E4-512F4ED63663",
  "plus": {
    "analysis_status": "First pass",
    "created": "2013-04-12T22:29:56Z",
    "master_id": "25D9F821-45F0-41ED-94E4-512F4ED63663"
  },
  "schema_version": "1.2.1",
  "security_incident": "Confirmed",
  "source_id": "vcdb",
  "timeline": {
    "discovery": {
      "unit": "Unknown"
    },
    "incident": {
      "day": 21,
      "month": 7,
      "year": 2011
    }
  },
  "victim": {
    "country": "US",
    "employee_count": "Unknown",
    "industry": "923140",
    "state": "Ms",
    "victim_id": "VA Gulf Coast Veterans Health Care System"
  }
}