{
  "action": {
    "error": {
      "notes": " [through ]",
      "variety": [
        "Disposal error"
      ],
      "vector": [
        "Unknown"
      ]
    }
  },
  "actor": {
    "internal": {
      "motive": [
        "NA"
      ],
      "variety": [
        "Unknown"
      ]
    }
  },
  "asset": {
    "assets": [
      {
        "variety": "M - Documents"
      }
    ]
  },
  "attribute": {
    "confidentiality": {
      "data": [
        {
          "amount": 1093,
          "variety": "Medical"
        },
        {
          "amount": 1093,
          "variety": "Personal"
        }
      ],
      "data_disclosure": "Yes",
      "data_total": 1093,
      "notes": "",
      "state": [
        "Unknown"
      ]
    }
  },
  "discovery_method": "Unknown",
  "impact": {
    "overall_rating": "Unknown"
  },
  "incident_id": "25E6A9D0-8CEB-4369-A38C-EB381FA2BEB6",
  "notes": "",
  "plus": {
    "analysis_status": "First pass",
    "analyst": "swidup",
    "asset": {
      "total": "No"
    },
    "attribute": {
      "confidentiality": {
        "credit_monitoring": "Y",
        "data_abuse": "U",
        "data_subject": "Patient"
      }
    },
    "created": "2013-08-22T00:55:51Z",
    "f500": "N",
    "master_id": "25E6A9D0-8CEB-4369-A38C-EB381FA2BEB6",
    "timeline": {
      "notification": {
        "day": 18,
        "month": 6,
        "year": 2013
      }
    }
  },
  "reference": "http://www.scmagazine.com/veterans-patient-information-found-in-recycle-bin/article/299254/, http://abclocal.go.com/wtvd/story?section=news/local&id=9139985",
  "schema_version": "1.2.1",
  "security_incident": "Confirmed",
  "source_id": "vcdb",
  "summary": "On April 17, the sensitive data belonging to patients of the hospital's optical shop was improperly disposed and found in a recycle bin. According to a release by the hospital, officials believe the documents were there for more than a three-month period.",
  "timeline": {
    "incident": {
      "day": 17,
      "month": 4,
      "year": 2013
    }
  },
  "victim": {
    "country": "US",
    "employee_count": "Over 100000",
    "industry": "92314",
    "notes": "",
    "state": "DC",
    "victim_id": "Department of Veterans Affairs"
  }
}