{
  "action": {
    "physical": {
      "location": [
        "Victim work area"
      ],
      "notes": "",
      "variety": [
        "Theft"
      ],
      "vector": [
        "Bypassed controls"
      ]
    }
  },
  "actor": {
    "external": {
      "country": [
        "US"
      ],
      "motive": [
        "Financial"
      ],
      "notes": "",
      "variety": [
        "Unknown"
      ]
    }
  },
  "asset": {
    "assets": [
      {
        "variety": "U - Laptop"
      },
      {
        "variety": "U - Tablet"
      }
    ],
    "notes": ""
  },
  "attribute": {
    "availability": {
      "variety": [
        "Loss"
      ]
    },
    "confidentiality": {
      "data": [
        {
          "variety": "Personal"
        }
      ],
      "data_disclosure": "Potentially",
      "notes": "",
      "state": [
        "Stored"
      ]
    }
  },
  "discovery_method": "Other",
  "impact": {
    "overall_rating": "Unknown"
  },
  "incident_id": "25F0F061-B1F2-4F90-86ED-A50E69524108",
  "notes": "",
  "plus": {
    "analysis_status": "First pass",
    "analyst": "swidup",
    "asset": {
      "total": "No"
    },
    "attribute": {
      "confidentiality": {
        "credit_monitoring": "Y",
        "data_abuse": "U",
        "data_subject": "Partner"
      }
    },
    "created": "2013-02-15T04:40:33Z",
    "f500": "N",
    "master_id": "25F0F061-B1F2-4F90-86ED-A50E69524108",
    "timeline": {
      "notification": {
        "day": 13,
        "month": 9,
        "year": 2012
      }
    }
  },
  "reference": "http://m.jacksonville.com/news/crime/2012-09-13/story/30-plus-laptop-computers-stolen-jacksonvilles-wounded-warrior-project-hq ",
  "schema_version": "1.2.1",
  "security_incident": "Confirmed",
  "source_id": "vcdb",
  "summary": "At least 33 laptop computers and iPads were stolen in late July from the Wounded Warrior Project's third-floor office at 4899 Belfort Road in Jacksonville.  They may contain personal information on \u201csome, but not all of our former employees,\u201d according to a letter sent out Sept. 7 by Wounded Warrior Executive Director Steve Nardizzi. So he has offered victims free credit monitoring in case someone hacks into them.",
  "timeline": {
    "incident": {
      "day": 25,
      "month": 7,
      "year": 2012
    }
  },
  "victim": {
    "country": "US",
    "employee_count": "1 to 10",
    "industry": "813410",
    "notes": "",
    "revenue": {
      "amount": 74060000,
      "iso_currency_code": "USD"
    },
    "state": "FL",
    "victim_id": "Wounded Warrior Project"
  }
}