{
  "action": {
    "error": {
      "notes": "",
      "variety": [
        "Publishing error"
      ],
      "vector": [
        "Unknown"
      ]
    }
  },
  "actor": {
    "partner": {
      "country": [
        "Unknown"
      ],
      "industry": "000000",
      "motive": [
        "Unknown"
      ],
      "notes": ""
    }
  },
  "asset": {
    "assets": [
      {
        "variety": "M - Disk media"
      }
    ],
    "hosting": "External",
    "management": "External",
    "notes": ""
  },
  "attribute": {
    "confidentiality": {
      "data": [
        {
          "amount": 1000,
          "variety": "Medical"
        },
        {
          "amount": 1000,
          "variety": "Personal"
        }
      ],
      "data_disclosure": "Yes",
      "data_total": 1000,
      "notes": "",
      "state": [
        "Stored"
      ]
    }
  },
  "discovery_method": "Unknown",
  "impact": {
    "overall_rating": "Unknown"
  },
  "incident_id": "261517D9-6951-4CB9-9595-5A019C4FF1E1",
  "notes": "",
  "plus": {
    "analysis_status": "First pass",
    "analyst": "swidup",
    "asset": {
      "total": "No"
    },
    "attribute": {
      "confidentiality": {
        "credit_monitoring": "U",
        "data_abuse": "U",
        "data_subject": "Partner"
      }
    },
    "created": "2013-02-12T19:08:11Z",
    "f500": "N",
    "master_id": "261517D9-6951-4CB9-9595-5A019C4FF1E1",
    "timeline": {
      "notification": {
        "day": 2,
        "month": 2,
        "year": 2012
      }
    }
  },
  "reference": "http://www.bbc.co.uk/news/uk-england-essex-16853109 ",
  "schema_version": "1.2.1",
  "security_incident": "Confirmed",
  "source_id": "vcdb",
  "summary": "Details of an Essex council's entire workforce were released online in a \"serious security breach\", it has said.  Names, dates of birth, sickness information and work contact numbers for Basildon Council's staff of \"about 1,000\" were published on the internet.  A council worker spotted the breach on Monday and the details were removed by Tuesday, the council said.  The council believes data held by a contractor was put out by a third party. Police are investigating.  The authority said the breach is believed to have been one of several within the private and public sector and that it had advised staff to report suspicious or unusual phone calls.",
  "timeline": {
    "incident": {
      "year": 2012
    }
  },
  "victim": {
    "country": "GB",
    "employee_count": "1001 to 10000",
    "industry": "711219",
    "notes": "",
    "victim_id": "Basildon Council"
  }
}