{
  "action": {
    "physical": {
      "location": [
        "Victim public area"
      ],
      "notes": "",
      "variety": [
        "Theft"
      ],
      "vector": [
        "Bypassed controls"
      ]
    }
  },
  "actor": {
    "external": {
      "country": [
        "US"
      ],
      "motive": [
        "Financial"
      ],
      "notes": "",
      "variety": [
        "Unknown"
      ]
    }
  },
  "asset": {
    "assets": [
      {
        "variety": "M - Disk drive"
      }
    ],
    "notes": ""
  },
  "attribute": {
    "availability": {
      "variety": [
        "Loss"
      ]
    },
    "confidentiality": {
      "data": [
        {
          "amount": 800,
          "variety": "Medical"
        },
        {
          "amount": 800,
          "variety": "Personal"
        }
      ],
      "data_disclosure": "Potentially",
      "data_total": 800,
      "notes": "",
      "state": [
        "Unknown"
      ]
    }
  },
  "discovery_method": "Unknown",
  "impact": {
    "overall_rating": "Unknown"
  },
  "incident_id": "267E26E0-55BF-4174-8183-2033E271BA26",
  "notes": "",
  "plus": {
    "analysis_status": "First pass",
    "analyst": "swidup",
    "asset": {
      "total": "No"
    },
    "attribute": {
      "confidentiality": {
        "credit_monitoring": "U",
        "data_abuse": "U",
        "data_subject": "Customer"
      }
    },
    "created": "2013-04-29T23:02:46Z",
    "f500": "Y",
    "master_id": "267E26E0-55BF-4174-8183-2033E271BA26",
    "timeline": {
      "notification": {
        "day": 26,
        "month": 4,
        "year": 2013
      }
    }
  },
  "reference": "http://www.mondaq.com/unitedstates/x/236106/Data+Protection+Privacy/Data+Breach+at+Gunpoint",
  "schema_version": "1.2.1",
  "security_incident": "Confirmed",
  "source_id": "vcdb",
  "summary": "Last month, a person held a Kmart employee in Little Rock, Arkansas at gun point and ordered him to open the store's safe. The perpetrator ran off with the safe's contents, including almost $6,000 and the day's backup disk.  The next problem for Kmart (or maybe the first problem)? The backup disk was not encrypted or password-protected. The Chicago Tribune reports that information on the disk included confidential information relating to prescriptions including, names, addresses and medications prescribed for almost 800 customers. According to another news source, parent company Sears says that \"certain prescriptions also contained the customer's social security number.\"",
  "timeline": {
    "incident": {
      "month": 3,
      "year": 2013
    }
  },
  "victim": {
    "country": "US",
    "employee_count": "25001 to 50000",
    "industry": "452112",
    "notes": "",
    "revenue": {
      "amount": 15290000000,
      "iso_currency_code": "USD"
    },
    "state": "AK",
    "victim_id": "Kmart"
  }
}