{
  "action": {
    "error": {
      "notes": "Email",
      "variety": [
        "Misdelivery"
      ],
      "vector": [
        "Unknown"
      ]
    }
  },
  "actor": {
    "internal": {
      "motive": [
        "NA"
      ],
      "variety": [
        "End-user"
      ]
    }
  },
  "asset": {
    "assets": [
      {
        "variety": "S - Mail"
      }
    ]
  },
  "attribute": {
    "confidentiality": {
      "data": [
        {
          "variety": "Personal"
        }
      ],
      "data_disclosure": "Yes"
    }
  },
  "discovery_method": "Unknown",
  "incident_id": "26809755-DC05-4910-8E7E-26DAD3622576",
  "plus": {
    "analysis_status": "First pass",
    "created": "2013-09-10T20:13:32Z",
    "master_id": "26809755-DC05-4910-8E7E-26DAD3622576",
    "timeline": {
      "notification": {
        "day": 5,
        "month": 6,
        "year": 2013
      }
    }
  },
  "reference": "https://oag.ca.gov/system/files/CA%20notification%2060413_0.pdf?",
  "schema_version": "1.2.1",
  "security_incident": "Confirmed",
  "source_id": "vcdb",
  "summary": "The 401(k) retirement plan information of certain clients was inadvertently exposed when a MassMutual account manager sent an email on May 8.  Names, Social Security numbers, investment elections, and account balances were included in the email.  A third party provider received the email and confirmed that the information was deleted without being saved or copied. The employee who accidentally sent the sensitive email received training on proper security procedures.",
  "timeline": {
    "incident": {
      "day": 8,
      "month": 5,
      "year": 2013
    }
  },
  "victim": {
    "country": "US",
    "employee_count": "1001 to 10000",
    "industry": "524113",
    "secondary": {
      "amount": 1,
      "victim_id": [
        "Massachusetts Mutual Life Insurance Company"
      ]
    },
    "state": "MA",
    "victim_id": "MassMutual Financial Group"
  }
}