{
  "action": {
    "hacking": {
      "notes": "",
      "variety": [
        "Unknown"
      ],
      "vector": [
        "Web application"
      ]
    }
  },
  "actor": {
    "external": {
      "country": [
        "Unknown"
      ],
      "motive": [
        "Fun"
      ],
      "variety": [
        "Unaffiliated"
      ]
    }
  },
  "asset": {
    "assets": [
      {
        "variety": "S - Web application"
      }
    ]
  },
  "attribute": {
    "confidentiality": {
      "data": [
        {
          "amount": 5000,
          "variety": "Credentials"
        }
      ],
      "data_disclosure": "Yes",
      "data_total": 5000,
      "notes": "",
      "state": [
        "Stored unencrypted"
      ]
    }
  },
  "discovery_method": "Ext - actor disclosure",
  "impact": {
    "overall_rating": "Unknown"
  },
  "incident_id": "26E48349-65F7-4F8F-ACB8-2A88F5E87E92",
  "notes": "",
  "plus": {
    "analysis_status": "First pass",
    "analyst": "Splitler",
    "asset": {
      "total": "No"
    },
    "attribute": {
      "confidentiality": {
        "credit_monitoring": "U",
        "data_abuse": "U",
        "data_subject": "Customer"
      }
    },
    "created": "2013-02-20T16:04:13Z",
    "f500": "N",
    "master_id": "26E48349-65F7-4F8F-ACB8-2A88F5E87E92",
    "timeline": {
      "notification": {
        "day": 16,
        "month": 5,
        "year": 2012
      }
    }
  },
  "reference": "http://www.google.com/url?sa=t&rct=j&q=&esrc=s&source=web&cd=4&cad=rja&ved=0CE4QFjAD&url=http%3A%2F%2Fhacktalk.net%2Fleaksdumps%2Fcsgameservs%2F&ei=lvAkUZutAoa8qgHK3IGwAQ&usg=AFQjCNF6IQ1vFx9iDEENFxZWBBAKJbYyKg&bvm=bv.42661473,d.aWM",
  "schema_version": "1.2.1",
  "security_incident": "Confirmed",
  "source_id": "vcdb",
  "summary": "5k emails and passwords dumped to pastebin from gaming site.",
  "timeline": {
    "compromise": {
      "unit": "Unknown"
    },
    "containment": {
      "unit": "Unknown"
    },
    "discovery": {
      "unit": "Unknown"
    },
    "exfiltration": {
      "unit": "Unknown"
    },
    "incident": {
      "day": 16,
      "month": 5,
      "year": 2012
    }
  },
  "victim": {
    "country": "BR",
    "employee_count": "Unknown",
    "industry": "518",
    "notes": "",
    "victim_id": "csgameservs.com"
  }
}