{
  "action": {
    "error": {
      "notes": " [through ]",
      "variety": [
        "Publishing error"
      ],
      "vector": [
        "Unknown"
      ]
    }
  },
  "actor": {
    "internal": {
      "motive": [
        "NA"
      ],
      "variety": [
        "Other"
      ]
    }
  },
  "asset": {
    "assets": [
      {
        "variety": "M - Documents"
      }
    ]
  },
  "attribute": {
    "confidentiality": {
      "data": [
        {
          "variety": "Personal"
        }
      ],
      "data_disclosure": "Yes",
      "notes": "",
      "state": [
        "Stored"
      ]
    }
  },
  "discovery_method": "Unknown",
  "impact": {
    "overall_rating": "Unknown"
  },
  "incident_id": "2733A92D-7570-47F2-ACE7-1680884B1DD7",
  "notes": "",
  "plus": {
    "analysis_status": "First pass",
    "analyst": "swidup",
    "asset": {
      "total": "No"
    },
    "attribute": {
      "confidentiality": {
        "credit_monitoring": "U",
        "data_abuse": "U",
        "data_subject": "Student"
      }
    },
    "created": "2013-02-14T23:37:23Z",
    "f500": "N",
    "master_id": "2733A92D-7570-47F2-ACE7-1680884B1DD7",
    "timeline": {
      "notification": {
        "day": 8,
        "month": 4,
        "year": 2012
      }
    }
  },
  "reference": "http://www.efortresses.com/2012-Breaches-Matrix.htm ",
  "schema_version": "1.2.1",
  "security_incident": "Confirmed",
  "source_id": "vcdb",
  "summary": "PII of students who met with graduation coaches not properly redacted from meeting materials",
  "timeline": {
    "incident": {
      "year": 2012
    }
  },
  "victim": {
    "country": "US",
    "employee_count": "1001 to 10000",
    "industry": "611110",
    "notes": "",
    "revenue": {
      "amount": 146800000,
      "iso_currency_code": "USD"
    },
    "state": "TN",
    "victim_id": "Wilson County School District"
  }
}