{
  "action": {
    "physical": {
      "location": [
        "Partner facility"
      ],
      "variety": [
        "Theft"
      ],
      "vector": [
        "Unknown"
      ]
    }
  },
  "actor": {
    "external": {
      "country": [
        "Unknown"
      ],
      "motive": [
        "Financial"
      ],
      "variety": [
        "Unknown"
      ]
    }
  },
  "asset": {
    "assets": [
      {
        "variety": "U - Laptop"
      }
    ]
  },
  "attribute": {
    "availability": {
      "variety": [
        "Loss"
      ]
    },
    "confidentiality": {
      "data": [
        {
          "variety": "Personal"
        }
      ],
      "data_disclosure": "Potentially",
      "notes": "",
      "state": [
        "Stored unencrypted"
      ]
    }
  },
  "discovery_method": "Other",
  "impact": {
    "overall_rating": "Unknown"
  },
  "incident_id": "274B8442-6548-46FC-9978-674E7D055419",
  "notes": "",
  "plus": {
    "analysis_status": "First pass",
    "analyst": "swidup",
    "asset": {
      "total": "No"
    },
    "attribute": {
      "confidentiality": {
        "credit_monitoring": "N",
        "data_abuse": "U",
        "data_subject": "Customer"
      }
    },
    "created": "2013-02-07T04:31:43Z",
    "f500": "N",
    "master_id": "274B8442-6548-46FC-9978-674E7D055419",
    "timeline": {
      "notification": {
        "day": 22,
        "month": 2,
        "year": 2012
      }
    }
  },
  "reference": "http://doj.nh.gov/consumer/security-breaches/documents/coca-cola-credit-union-20120222.pdf",
  "schema_version": "1.2.1",
  "security_incident": "Confirmed",
  "source_id": "vcdb",
  "summary": "Two laptops containing member information included names, SSNs and credit card numbers were stolen from their partner.  No location detail is provided.  ",
  "timeline": {
    "incident": {
      "day": 21,
      "month": 12,
      "year": 2011
    }
  },
  "victim": {
    "country": "US",
    "employee_count": "Unknown",
    "industry": "5239",
    "notes": "",
    "state": "GA",
    "victim_id": "The Coca-Cola Company Family Federal Credit Union"
  }
}