{
  "action": {
    "error": {
      "notes": " [through Mail]",
      "variety": [
        "Misdelivery"
      ],
      "vector": [
        "Unknown"
      ]
    }
  },
  "actor": {
    "internal": {
      "motive": [
        "NA"
      ],
      "variety": [
        "Unknown"
      ]
    }
  },
  "asset": {
    "assets": [
      {
        "variety": "M - Documents"
      }
    ]
  },
  "attribute": {
    "confidentiality": {
      "data": [
        {
          "variety": "Personal"
        }
      ],
      "data_disclosure": "Yes",
      "notes": "",
      "state": [
        "Stored"
      ]
    }
  },
  "discovery_method": "Unknown",
  "impact": {
    "overall_rating": "Unknown"
  },
  "incident_id": "276B6F47-4189-4474-9571-E55B490A70BB",
  "notes": "",
  "plus": {
    "analysis_status": "First pass",
    "analyst": "swidup",
    "asset": {
      "total": "No"
    },
    "attribute": {
      "confidentiality": {
        "credit_monitoring": "N",
        "data_abuse": "U",
        "data_subject": "Customer"
      }
    },
    "created": "2013-02-05T21:55:45Z",
    "f500": "N",
    "master_id": "276B6F47-4189-4474-9571-E55B490A70BB",
    "timeline": {
      "notification": {
        "day": 22,
        "month": 10,
        "year": 2012
      }
    }
  },
  "reference": "http://oag.ca.gov/system/files/Incident%20Notification%20Letter%20_Final%2010022012__0.pdf? ",
  "schema_version": "1.2.1",
  "security_incident": "Confirmed",
  "source_id": "vcdb",
  "summary": "Member ID cards were mailed to the wrong members.  Exposed data types are name, member ID number, DOB.  ",
  "timeline": {
    "incident": {
      "day": 17,
      "month": 9,
      "year": 2012
    }
  },
  "victim": {
    "country": "US",
    "employee_count": "101 to 1000",
    "industry": "524114",
    "notes": "",
    "revenue": {
      "amount": 114000000,
      "iso_currency_code": "USD"
    },
    "state": "CA",
    "victim_id": "L.A.  Care Health Plan"
  }
}