{
  "action": {
    "error": {
      "variety": [
        "Loss"
      ],
      "vector": [
        "Unknown"
      ]
    }
  },
  "actor": {
    "internal": {
      "motive": [
        "NA"
      ],
      "variety": [
        "Unknown"
      ]
    }
  },
  "asset": {
    "assets": [
      {
        "variety": "M - Documents"
      }
    ]
  },
  "attribute": {
    "availability": {
      "variety": [
        "Loss"
      ]
    },
    "confidentiality": {
      "data": [
        {
          "variety": "Personal"
        },
        {
          "variety": "Medical"
        }
      ],
      "data_disclosure": "Yes"
    }
  },
  "discovery_method": "Unknown",
  "incident_id": "27A3A8D1-1F83-4E46-9873-CAEBF67951EF",
  "plus": {
    "analysis_status": "First pass",
    "created": "2013-09-10T20:13:32Z",
    "master_id": "27A3A8D1-1F83-4E46-9873-CAEBF67951EF",
    "timeline": {
      "notification": {
        "day": 1,
        "month": 5,
        "year": 2013
      }
    }
  },
  "reference": "http://healthitsecurity.com/2013/05/01/lakeshore-mental-health-institute-leaves-patient-data-exposed/, http://www.wbir.com/news/article/272594/2/Lakeshore-discovery-reveals-potential-identity-theft-danger",
  "schema_version": "1.2.1",
  "security_incident": "Confirmed",
  "source_id": "vcdb",
  "summary": "Patient records were found on the floor at an abandoned hospital building named Waterside.  The woman who discovered them was a former Lakeshore employee and she alerted a local news station.  Names, Social Security information, case numbers, dates of birth, and other patient information were exposed.UPDATE (06/27/2013): At least 20 boxes of patient records were found in an abandoned building at the Clover Bottom Campus of the Middle Tennessee Mental Health Institute.  The records dated back to the 1980's and had been reviewed to confirm which had sensitive information that needed to be destroyed.",
  "timeline": {
    "incident": {
      "year": 2013
    }
  },
  "victim": {
    "country": "US",
    "employee_count": "Unknown",
    "industry": "622210",
    "secondary": {
      "amount": 1,
      "victim_id": [
        "Middle Tennessee Mental Health Institute"
      ]
    },
    "state": "TN",
    "victim_id": "Lakeshore Mental Health Institute"
  }
}