{
  "action": {
    "physical": {
      "location": [
        "Victim grounds"
      ],
      "variety": [
        "Theft"
      ],
      "vector": [
        "Unknown"
      ]
    }
  },
  "actor": {
    "external": {
      "country": [
        "Unknown"
      ],
      "motive": [
        "Financial"
      ],
      "variety": [
        "Unknown"
      ]
    }
  },
  "asset": {
    "assets": [
      {
        "variety": "M - Other"
      }
    ]
  },
  "attribute": {
    "availability": {
      "variety": [
        "Loss"
      ]
    },
    "confidentiality": {
      "data": [
        {
          "variety": "Medical"
        },
        {
          "variety": "Personal"
        },
        {
          "variety": "Internal"
        }
      ],
      "data_disclosure": "Yes",
      "data_total": 100,
      "notes": "The records stolen included date of birth, address, phone number, medical record number, social security number, insurance information, and potentially the medical history.   It was reported that information on the computer network that was stolen was an attempt to open up credit cards in the person's name.",
      "state": [
        "Stored"
      ]
    }
  },
  "discovery_method": "Ext - customer",
  "impact": {
    "overall_rating": "Unknown"
  },
  "incident_id": "27B69538-B0F7-4613-93B0-424E641C007F",
  "notes": "",
  "plus": {
    "analysis_status": "First pass",
    "analyst": "abooker",
    "asset": {
      "total": "No"
    },
    "attribute": {
      "confidentiality": {
        "credit_monitoring": "Y",
        "data_abuse": "Y",
        "data_subject": "Patient"
      }
    },
    "created": "2013-02-21T14:42:00Z",
    "f500": "N",
    "master_id": "27B69538-B0F7-4613-93B0-424E641C007F",
    "timeline": {
      "notification": {
        "day": 11,
        "month": 4,
        "year": 2012
      }
    }
  },
  "reference": "http://abclocal.go.com/wabc/story?section=news/investigators&id=8617099 ",
  "schema_version": "1.2.1",
  "security_incident": "Confirmed",
  "source_id": "vcdb",
  "summary": "There was a breach at North Shore University Hospital that resulted in private health records being stolen.  ",
  "timeline": {
    "incident": {
      "year": 2012
    }
  },
  "victim": {
    "country": "US",
    "employee_count": "25001 to 50000",
    "industry": "622110",
    "notes": "",
    "revenue": {
      "amount": 3000000000,
      "iso_currency_code": "USD"
    },
    "state": "NY",
    "victim_id": "North Shore University Hospital"
  }
}