{
  "action": {
    "physical": {
      "location": [
        "Unknown"
      ],
      "variety": [
        "Theft"
      ],
      "vector": [
        "Unknown"
      ]
    }
  },
  "actor": {
    "external": {
      "country": [
        "Unknown"
      ],
      "motive": [
        "Unknown"
      ],
      "variety": [
        "Unknown"
      ]
    }
  },
  "asset": {
    "assets": [
      {
        "variety": "M - Flash drive"
      }
    ]
  },
  "attribute": {
    "availability": {
      "variety": [
        "Loss"
      ]
    },
    "confidentiality": {
      "data": [
        {
          "amount": 567,
          "variety": "Medical"
        }
      ],
      "data_disclosure": "Potentially",
      "data_total": 567
    }
  },
  "discovery_method": "Unknown",
  "impact": {
    "overall_rating": "Unknown"
  },
  "incident_id": "27BA18ED-C035-4D56-9CCA-6AF4D49C8795",
  "plus": {
    "analysis_status": "First pass",
    "created": "2013-04-12T22:29:56Z",
    "master_id": "27BA18ED-C035-4D56-9CCA-6AF4D49C8795",
    "timeline": {
      "notification": {}
    }
  },
  "schema_version": "1.2.1",
  "security_incident": "Confirmed",
  "source_id": "vcdb",
  "timeline": {
    "discovery": {
      "unit": "Months",
      "value": 3
    },
    "incident": {
      "day": 8,
      "month": 12,
      "year": 2011
    }
  },
  "victim": {
    "country": "US",
    "employee_count": "1001 to 10000",
    "industry": "532291",
    "state": "Tx",
    "victim_id": "KCI USA, Inc."
  }
}