{
  "action": {
    "physical": {
      "location": [
        "Unknown"
      ],
      "variety": [
        "Theft"
      ],
      "vector": [
        "Unknown"
      ]
    }
  },
  "actor": {
    "external": {
      "country": [
        "Unknown"
      ],
      "motive": [
        "Unknown"
      ],
      "variety": [
        "Unknown"
      ]
    }
  },
  "asset": {
    "assets": [
      {
        "variety": "M - Documents"
      }
    ]
  },
  "attribute": {
    "availability": {
      "variety": [
        "Loss"
      ]
    },
    "confidentiality": {
      "data": [
        {
          "amount": 735,
          "variety": "Payment"
        },
        {
          "amount": 735,
          "variety": "Medical"
        },
        {
          "amount": 735,
          "variety": "Bank"
        }
      ],
      "data_disclosure": "Yes",
      "data_total": 735
    }
  },
  "discovery_method": "Unknown",
  "impact": {
    "overall_rating": "Unknown"
  },
  "incident_id": "27E2DAFF-B1FD-4DF4-A8F8-323ADEF9A45E",
  "plus": {
    "analysis_status": "First pass",
    "created": "2013-04-12T22:29:56Z",
    "master_id": "27E2DAFF-B1FD-4DF4-A8F8-323ADEF9A45E",
    "timeline": {
      "notification": {}
    }
  },
  "schema_version": "1.2.1",
  "security_incident": "Confirmed",
  "source_id": "vcdb",
  "timeline": {
    "discovery": {
      "unit": "Months",
      "value": 6
    },
    "incident": {
      "day": 4,
      "month": 8,
      "year": 2010
    }
  },
  "victim": {
    "country": "US",
    "employee_count": "Over 100000",
    "industry": "524114",
    "state": "Mn",
    "victim_id": "UnitedHealth Group--SACE"
  }
}