{
  "action": {
    "hacking": {
      "notes": "",
      "variety": [
        "Unknown"
      ],
      "vector": [
        "Web application"
      ]
    }
  },
  "actor": {
    "external": {
      "country": [
        "Unknown"
      ],
      "motive": [
        "Fun"
      ],
      "variety": [
        "Unknown"
      ]
    }
  },
  "asset": {
    "assets": [
      {
        "variety": "S - Web application"
      }
    ]
  },
  "attribute": {
    "confidentiality": {
      "data": [
        {
          "amount": 2167,
          "variety": "Personal"
        }
      ],
      "data_disclosure": "Yes",
      "data_total": 2167,
      "notes": "",
      "state": [
        "Unknown"
      ]
    }
  },
  "discovery_method": "Ext - actor disclosure",
  "impact": {
    "overall_rating": "Unknown"
  },
  "incident_id": "28051601-826A-4A8C-9C1A-7F5FFA2ED4FC",
  "notes": "",
  "plus": {
    "analysis_status": "First pass",
    "analyst": "swidup",
    "asset": {
      "total": "No"
    },
    "attribute": {
      "confidentiality": {
        "credit_monitoring": "U",
        "data_abuse": "U",
        "data_subject": "Customer"
      }
    },
    "created": "2013-02-14T04:12:51Z",
    "f500": "N",
    "master_id": "28051601-826A-4A8C-9C1A-7F5FFA2ED4FC",
    "timeline": {
      "notification": {
        "day": 26,
        "month": 3,
        "year": 2012
      }
    }
  },
  "reference": "http://www.efortresses.com/2012-Breaches-Matrix.htm",
  "schema_version": "1.2.1",
  "security_incident": "Confirmed",
  "source_id": "vcdb",
  "summary": "Customers' names, e-mail addresses, phone numbers, postal addresses, and I.P. addresses dumped on the Internet",
  "timeline": {
    "incident": {
      "year": 2012
    }
  },
  "victim": {
    "country": "GB",
    "employee_count": "Unknown",
    "industry": "423",
    "notes": "",
    "victim_id": "Waveny Wholesale"
  }
}