{
  "action": {
    "error": {
      "variety": [
        "Disposal error"
      ],
      "vector": [
        "Carelessness"
      ]
    }
  },
  "actor": {
    "internal": {
      "motive": [
        "NA"
      ],
      "variety": [
        "Unknown"
      ]
    }
  },
  "asset": {
    "assets": [
      {
        "variety": "M - Documents"
      }
    ]
  },
  "attribute": {
    "confidentiality": {
      "data": [
        {
          "amount": 1907,
          "variety": "Medical"
        }
      ],
      "data_disclosure": "Potentially",
      "data_total": 1907
    }
  },
  "discovery_method": "Unknown",
  "impact": {
    "overall_rating": "Unknown"
  },
  "incident_id": "2843E686-3D2D-49ED-9333-6F645FC040B5",
  "plus": {
    "analysis_status": "First pass",
    "created": "2013-04-12T22:29:56Z",
    "master_id": "2843E686-3D2D-49ED-9333-6F645FC040B5",
    "timeline": {
      "notification": {}
    }
  },
  "schema_version": "1.2.1",
  "security_incident": "Confirmed",
  "source_id": "vcdb",
  "timeline": {
    "discovery": {
      "unit": "Months",
      "value": 3
    },
    "incident": {
      "day": 20,
      "month": 8,
      "year": 2010
    }
  },
  "victim": {
    "country": "US",
    "employee_count": "1 to 10",
    "industry": "621112",
    "state": "Mo",
    "victim_id": "St. John's Mercy Medical Group"
  }
}