{
  "action": {
    "hacking": {
      "notes": "",
      "variety": [
        "Unknown"
      ],
      "vector": [
        "Web application"
      ]
    }
  },
  "actor": {
    "external": {
      "country": [
        "Unknown"
      ],
      "motive": [
        "Unknown"
      ],
      "notes": "HaCKeD By : brkod",
      "variety": [
        "Unknown"
      ]
    }
  },
  "asset": {
    "assets": [
      {
        "variety": "S - Web application"
      }
    ]
  },
  "attribute": {
    "integrity": {
      "variety": [
        "Modify data"
      ]
    }
  },
  "discovery_method": "Ext - unrelated party",
  "impact": {
    "overall_rating": "Distracting"
  },
  "incident_id": "284A0C4E-5696-4CEF-84FB-1D7FB4040650",
  "notes": "",
  "plus": {
    "analysis_status": "First pass",
    "analyst": "blackfist",
    "asset": {
      "total": "No"
    },
    "created": "2013-09-11T00:28:00Z",
    "f500": "N",
    "master_id": "284A0C4E-5696-4CEF-84FB-1D7FB4040650",
    "timeline": {
      "notification": {
        "day": 6,
        "month": 9,
        "year": 2013
      }
    }
  },
  "reference": "https://www.societyinforisk.org/content/security-event-society-information-risk-analysts (20130909)",
  "schema_version": "1.2.1",
  "security_incident": "Confirmed",
  "source_id": "vcdb",
  "summary": "A secondary domain hosted by Bluehost was defaced by an opportunistic attack.  We are consolidating the secondary domains in our primary provider and all domains will be pointing to our web site.",
  "timeline": {
    "compromise": {
      "unit": "Unknown"
    },
    "containment": {
      "unit": "Hours"
    },
    "discovery": {
      "unit": "Unknown"
    },
    "exfiltration": {
      "unit": "NA"
    },
    "incident": {
      "day": 6,
      "month": 9,
      "year": 2013
    }
  },
  "victim": {
    "country": "US",
    "employee_count": "1 to 10",
    "industry": "813920",
    "notes": "",
    "victim_id": "Society of Information Risk Analysts"
  }
}