{
  "action": {
    "error": {
      "notes": "Mail",
      "variety": [
        "Misdelivery"
      ],
      "vector": [
        "Unknown"
      ]
    }
  },
  "actor": {
    "internal": {
      "motive": [
        "NA"
      ],
      "variety": [
        "Unknown"
      ]
    }
  },
  "asset": {
    "assets": [
      {
        "variety": "M - Disk media"
      }
    ]
  },
  "attribute": {
    "confidentiality": {
      "data": [
        {
          "variety": "Personal"
        }
      ],
      "data_disclosure": "Potentially",
      "data_total": 200
    }
  },
  "discovery_method": "Unknown",
  "incident_id": "28526970-7023-42AC-A134-4CD1FCC51AB0",
  "plus": {
    "analysis_status": "First pass",
    "created": "2013-09-10T20:13:32Z",
    "master_id": "28526970-7023-42AC-A134-4CD1FCC51AB0",
    "timeline": {
      "notification": {
        "day": 28,
        "month": 3,
        "year": 2013
      }
    }
  },
  "reference": "http://www.ksl.com/?nid=148&sid=24572239, http://www.sltrib.com/sltrib/news/56074611-78/county-brozovich-tooele-data.html.csp",
  "schema_version": "1.2.1",
  "security_incident": "Confirmed",
  "source_id": "vcdb",
  "summary": "A former employee received a CD with the names and Social Security numbers of around 200 current and former employees when he requested his personnel file.  The disc may have held the information of employees who signed up for a specific dental insurance plan in 1996 and workers who joined the Utah Public Employees Association in 1999.  When the HR department realized their mistake they requested that the former employee return the CD.  He initially refused; he then gave the CD to the Tooele County Attorney's office.  ",
  "timeline": {
    "incident": {
      "day": 18,
      "month": 3,
      "year": 2013
    }
  },
  "victim": {
    "country": "US",
    "employee_count": "101 to 1000",
    "industry": "921110",
    "state": "UT",
    "victim_id": "Tooele County"
  }
}