{
  "action": {
    "hacking": {
      "notes": "",
      "variety": [
        "DoS"
      ],
      "vector": [
        "Unknown"
      ]
    }
  },
  "actor": {
    "external": {
      "country": [
        "Unknown"
      ],
      "motive": [
        "Unknown"
      ],
      "variety": [
        "Unknown"
      ]
    }
  },
  "asset": {
    "assets": [
      {
        "variety": "S - Other"
      }
    ]
  },
  "attribute": {
    "confidentiality": {
      "data": [
        {
          "variety": "Bank"
        },
        {
          "variety": "Personal"
        }
      ],
      "data_disclosure": "Yes",
      "data_total": 500,
      "notes": "Unknown digital intruders stole personal data such as user names, home addresses, phone numbers and bank account numbers. ",
      "state": [
        "Stored unencrypted"
      ]
    }
  },
  "discovery_method": "Unknown",
  "impact": {
    "overall_rating": "Unknown"
  },
  "incident_id": "286CEBFF-BF96-4234-846A-2C6715C7C5C2",
  "notes": "",
  "plus": {
    "analysis_status": "First pass",
    "analyst": "abooker",
    "asset": {
      "total": "No"
    },
    "attribute": {
      "confidentiality": {
        "credit_monitoring": "U",
        "data_abuse": "Y",
        "data_subject": "Customer"
      }
    },
    "created": "2013-03-15T13:44:05Z",
    "f500": "U",
    "master_id": "286CEBFF-BF96-4234-846A-2C6715C7C5C2",
    "timeline": {
      "notification": {
        "day": 10,
        "month": 2,
        "year": 2012
      }
    }
  },
  "reference": "http://www.databreaches.net/?p=23293  ",
  "schema_version": "1.2.1",
  "security_incident": "Confirmed",
  "source_id": "vcdb",
  "summary": "Unknown digital intruders stole personal data such as user names, home addresses, phone numbers and bank account numbers.",
  "timeline": {
    "incident": {
      "day": 27,
      "month": 1,
      "year": 2012
    }
  },
  "victim": {
    "country": "NL",
    "employee_count": "25001 to 50000",
    "industry": "517110",
    "notes": "Koninklijke KPN, which is also known as Royal KPN, is the leading provider of telecommunications services in the Netherlands, where it has more than 4 million fixed-line phone customers. ",
    "revenue": {
      "amount": 29000000000,
      "iso_currency_code": "USD"
    },
    "victim_id": "Koninklijke KPN N.V"
  }
}