{
  "action": {
    "misuse": {
      "notes": "",
      "variety": [
        "Knowledge abuse",
        "Privilege abuse"
      ],
      "vector": [
        "LAN access"
      ]
    }
  },
  "actor": {
    "internal": {
      "motive": [
        "Unknown"
      ],
      "notes": "",
      "variety": [
        "End-user"
      ]
    }
  },
  "asset": {
    "assets": [
      {
        "variety": "S - Database"
      }
    ],
    "notes": ""
  },
  "attribute": {
    "confidentiality": {
      "data": [
        {
          "amount": 34000,
          "variety": "Personal"
        }
      ],
      "data_disclosure": "Yes",
      "data_total": 34000,
      "notes": "",
      "state": [
        "Stored unencrypted"
      ]
    }
  },
  "discovery_method": "Unknown",
  "impact": {
    "overall_rating": "Unknown"
  },
  "incident_id": "2874BC09-B6F0-4BDA-8B82-526EFC0698B3",
  "notes": "",
  "plus": {
    "analysis_status": "First pass",
    "analyst": "swidup",
    "asset": {
      "total": "No"
    },
    "attribute": {
      "confidentiality": {
        "credit_monitoring": "Y",
        "data_abuse": "Y",
        "data_subject": "Partner"
      }
    },
    "created": "2013-02-22T16:38:45Z",
    "f500": "Y",
    "master_id": "2874BC09-B6F0-4BDA-8B82-526EFC0698B3",
    "timeline": {
      "notification": {
        "day": 24,
        "month": 8,
        "year": 2007
      }
    }
  },
  "reference": "http://www.pharmalot.com/2007/09/another-pfizer-security-breach/",
  "schema_version": "1.2.1",
  "security_incident": "Confirmed",
  "source_id": "vcdb",
  "summary": "They say bad things often happen in threes\u2026. The latest snafu reportedly affects an estimated 34,000 current and former Pfizer employees who, of course, are now at risk for identity theft, according to an Aug. 24 letter to employees obtained by The Detroit News. The breach may have caused employee names, Social Security numbers, addresses, dates of birth, phone numbers, bank account numbers, credit card info, signatures and other personal data to be publicly exposed.  The breach occurred late last year when a Pfizer employee removed copies of confidential info from a Pfizer computer system without the drugmaker\u2019s knowledge or approval, the paper reports. Pfizer didn\u2019t become aware of the breach until July 10.  The latest breach is likely the most serious, the News writes, because it appears the ex-employee \u2018maliciously\u2019 went after the data, according tod Judd Rousseau, chief operations officer of Identify Theft 911, an identity management company. \u201cThis appears to be an intentional theft which puts potential victims in the highest-risk category,\u201d he says. \u201cThe perpetrator likely knew the value of this information.\u201d",
  "timeline": {
    "incident": {
      "year": 2007
    }
  },
  "victim": {
    "country": "US",
    "employee_count": "Over 100000",
    "industry": "325412",
    "notes": "",
    "revenue": {
      "amount": 58990000,
      "iso_currency_code": "USD"
    },
    "state": "NY",
    "victim_id": "Pfizer, Inc."
  }
}