{
  "action": {
    "error": {
      "variety": [
        "Loss"
      ],
      "vector": [
        "Unknown"
      ]
    }
  },
  "actor": {
    "internal": {
      "motive": [
        "NA"
      ],
      "variety": [
        "Unknown"
      ]
    }
  },
  "asset": {
    "assets": [
      {
        "variety": "M - Flash drive"
      }
    ]
  },
  "attribute": {
    "availability": {
      "variety": [
        "Loss"
      ]
    },
    "confidentiality": {
      "data": [
        {
          "variety": "Personal"
        },
        {
          "variety": "Medical"
        }
      ],
      "data_disclosure": "Potentially"
    }
  },
  "discovery_method": "Unknown",
  "incident_id": "28F48C17-97BB-4EFE-B94D-047DE5CCCA62",
  "plus": {
    "analysis_status": "First pass",
    "created": "2013-09-10T20:13:32Z",
    "master_id": "28F48C17-97BB-4EFE-B94D-047DE5CCCA62",
    "timeline": {
      "notification": {
        "day": 3,
        "month": 1,
        "year": 2013
      }
    }
  },
  "reference": "https://www.privacyrights.org/node/55611",
  "schema_version": "1.2.1",
  "security_incident": "Confirmed",
  "source_id": "vcdb",
  "summary": "Someone called Mission Hospital on August 28, 2012 and claimed that he found a flash drive with sensitive patient information in his garage.  The flash drive was returned to Mission Hospital via mailed envelope on September 11, 2012.  Patients who received services at Mission Hospital between September and November of 2008 may have had their information exposed. The notice that was sent to patients was dated September 14, 2012.  It appears that a contractor or employee misplaced the unencrypted flash drive.The flash drive contained names, medical record numbers, and account numbers. Additionally, the flash drive may have contained some combination of date of admission, age, birth date, vital readings, physical examination, gender, race, name of physician, medical history, past and current treatment and illnesses, history of substance use, family history, lab tests and results, imaging tests and results, body weight, physician notes on patient, care plan, employment status and employer, prognosis, diagnosis, treatment recommendations, allergies, medications, comments about patient's appearance, patient health complaint, symptoms, reason for referral, and reason for admission information.",
  "timeline": {
    "incident": {
      "day": 11,
      "month": 9,
      "year": 2012
    }
  },
  "victim": {
    "country": "US",
    "employee_count": "1001 to 10000",
    "industry": "622110",
    "secondary": {
      "amount": 1,
      "victim_id": [
        "St. Joseph Health"
      ]
    },
    "state": "CA",
    "victim_id": "Mission Hospital"
  }
}