{
  "action": {
    "error": {
      "notes": " [through Mail]",
      "variety": [
        "Misdelivery"
      ],
      "vector": [
        "Unknown"
      ]
    }
  },
  "actor": {
    "internal": {
      "motive": [
        "NA"
      ],
      "variety": [
        "Unknown"
      ]
    }
  },
  "asset": {
    "assets": [
      {
        "variety": "S - Mail"
      }
    ]
  },
  "attribute": {
    "confidentiality": {
      "data": [
        {
          "variety": "Bank"
        },
        {
          "variety": "Classified"
        },
        {
          "variety": "Personal"
        }
      ],
      "data_disclosure": "Potentially",
      "data_total": 100,
      "notes": "The data included details of housing benefits entitlements and other benefits, the name of the bank each tenant used, their rent account number and any supporting people\u2019s transfer details.",
      "state": [
        "Unknown"
      ]
    }
  },
  "discovery_method": "Unknown",
  "impact": {
    "overall_rating": "Unknown"
  },
  "incident_id": "29AEA135-067D-428F-8D15-4AE0F6A14BA1",
  "notes": "",
  "plus": {
    "analysis_status": "First pass",
    "analyst": "abooker",
    "asset": {
      "total": "No"
    },
    "attribute": {
      "confidentiality": {
        "credit_monitoring": "U",
        "data_abuse": "U",
        "data_subject": "Customer"
      }
    },
    "created": "2013-03-14T20:21:34Z",
    "f500": "N",
    "master_id": "29AEA135-067D-428F-8D15-4AE0F6A14BA1",
    "timeline": {
      "notification": {
        "day": 4,
        "month": 5,
        "year": 2012
      }
    }
  },
  "reference": "http://www.databreaches.net/?p=24164 ",
  "schema_version": "1.2.1",
  "security_incident": "Confirmed",
  "source_id": "vcdb",
  "summary": "A mailing error resulted in rent statements being sent out with the first page belonging to one tenant\u2019s account and the second page belonging to a different person.",
  "timeline": {
    "incident": {
      "year": 2012
    }
  },
  "victim": {
    "country": "GB",
    "employee_count": "1001 to 10000",
    "industry": "624190",
    "notes": "",
    "victim_id": "Kingston Council"
  }
}