{
  "action": {
    "misuse": {
      "notes": "",
      "variety": [
        "Knowledge abuse",
        "Privilege abuse",
        "Data mishandling"
      ],
      "vector": [
        "LAN access"
      ]
    }
  },
  "actor": {
    "internal": {
      "motive": [
        "Espionage"
      ],
      "notes": "",
      "variety": [
        "Executive"
      ]
    }
  },
  "asset": {
    "assets": [
      {
        "variety": "S - Other"
      },
      {
        "variety": "U - Laptop"
      }
    ],
    "notes": ""
  },
  "attribute": {
    "confidentiality": {
      "data": [
        {
          "amount": 760,
          "variety": "Internal"
        },
        {
          "amount": 760,
          "variety": "Secrets"
        }
      ],
      "data_disclosure": "Yes",
      "data_total": 760,
      "notes": "",
      "state": [
        "Stored"
      ]
    }
  },
  "discovery_method": "Other",
  "impact": {
    "overall_rating": "Unknown"
  },
  "incident_id": "29C7C4B5-BDDF-4FFF-923E-E55569259260",
  "notes": "",
  "plus": {
    "analysis_status": "First pass",
    "analyst": "swidup",
    "asset": {
      "total": "No"
    },
    "attribute": {
      "confidentiality": {
        "credit_monitoring": "U",
        "data_abuse": "Y",
        "data_subject": "Other"
      }
    },
    "created": "2013-02-22T17:03:38Z",
    "f500": "N",
    "master_id": "29C7C4B5-BDDF-4FFF-923E-E55569259260",
    "timeline": {
      "notification": {
        "year": 2012
      }
    }
  },
  "reference": "http://www.scribd.com/doc/110003006/Zynga-vs-Patmore, http://www.darkreading.com/insider-threat/167801100/security/security-management/240144559/five-significant-insider-attacks-of-2012.html?utm_source=twitter&utm_medium=social&utm_content=fc582eb7-df18-4f0f-bbb6-0bd955a8762c ",
  "schema_version": "1.2.1",
  "security_incident": "Confirmed",
  "source_id": "vcdb",
  "summary": "Insider executive leaves the company and takes over 700 files containing intellectual property.  Zynga sues.",
  "timeline": {
    "incident": {
      "day": 15,
      "month": 8,
      "year": 2012
    }
  },
  "victim": {
    "country": "US",
    "employee_count": "1001 to 10000",
    "industry": "511210",
    "notes": "",
    "revenue": {
      "amount": 1280000000,
      "iso_currency_code": "USD"
    },
    "state": "CA",
    "victim_id": "Zynga"
  }
}