{
  "action": {
    "physical": {
      "location": [
        "Partner facility"
      ],
      "notes": "",
      "variety": [
        "Theft"
      ],
      "vector": [
        "Bypassed controls"
      ]
    }
  },
  "actor": {
    "external": {
      "country": [
        "IE"
      ],
      "motive": [
        "Financial"
      ],
      "notes": "",
      "variety": [
        "Unknown"
      ]
    },
    "partner": {
      "country": [
        "IE"
      ],
      "industry": "52213",
      "motive": [
        "NA"
      ],
      "notes": ""
    }
  },
  "asset": {
    "assets": [
      {
        "variety": "U - Laptop"
      }
    ],
    "hosting": "External",
    "management": "External",
    "notes": ""
  },
  "attribute": {
    "availability": {
      "variety": [
        "Loss"
      ]
    },
    "confidentiality": {
      "data": [
        {
          "variety": "Unknown"
        }
      ],
      "data_disclosure": "Potentially",
      "notes": "",
      "state": [
        "Unknown"
      ]
    }
  },
  "discovery_method": "Unknown",
  "impact": {
    "overall_rating": "Unknown"
  },
  "incident_id": "29ED02AF-F3B9-4499-A80F-256C20E1515B",
  "notes": "",
  "plus": {
    "analysis_status": "First pass",
    "analyst": "swidup",
    "asset": {
      "total": "No"
    },
    "attribute": {
      "confidentiality": {
        "credit_monitoring": "U",
        "data_abuse": "U",
        "data_subject": "Partner"
      }
    },
    "created": "2013-06-26T23:32:56Z",
    "f500": "N",
    "master_id": "29ED02AF-F3B9-4499-A80F-256C20E1515B",
    "timeline": {
      "notification": {
        "day": 13,
        "month": 6,
        "year": 2013
      }
    }
  },
  "reference": "http://www.irishtimes.com/news/laptop-stolen-from-credit-union-1.1065762",
  "schema_version": "1.2.1",
  "security_incident": "Confirmed",
  "source_id": "vcdb",
  "summary": "  The office of the Data Protection Commissioner is to conduct an investigation after a laptop with information pertaining to up to 900 Bord G\u00e1is employees was stolen from a Dublin-based credit union.  The laptop, which was password protected but not encrypted, contained the names, addresses and financial details of affected credit union members. It was the property of the Bord G\u00e1is employees\u2019 credit union, and was stolen on June 4th from its office in Foley Street.  A spokeswoman for the credit union said described the matter as an \u201cexceptionally regretful incident\u201d. She said garda\u00ed had been informed of the theft, which occurred when a window in the office was smashed. ",
  "timeline": {
    "incident": {
      "year": 2013
    }
  },
  "victim": {
    "country": "IE",
    "employee_count": "Unknown",
    "industry": "211",
    "notes": "",
    "victim_id": "Bord Gais Employee Credit Union"
  }
}