{
  "action": {
    "error": {
      "notes": "Victim work area",
      "variety": [
        "Loss"
      ],
      "vector": [
        "Carelessness"
      ]
    }
  },
  "actor": {
    "internal": {
      "motive": [
        "NA"
      ],
      "variety": [
        "Unknown"
      ]
    }
  },
  "asset": {
    "assets": [
      {
        "variety": "M - Documents"
      }
    ]
  },
  "attribute": {
    "availability": {
      "variety": [
        "Loss"
      ]
    },
    "confidentiality": {
      "data": [
        {
          "amount": 47,
          "variety": "Personal"
        }
      ],
      "data_disclosure": "Potentially",
      "data_total": 47,
      "notes": "",
      "state": [
        "Stored unencrypted"
      ]
    }
  },
  "discovery_method": "Int - reported by user",
  "impact": {
    "loss": [
      {
        "rating": "Unknown",
        "variety": "Asset and fraud"
      },
      {
        "rating": "Unknown",
        "variety": "Brand damage"
      },
      {
        "rating": "Unknown",
        "variety": "Business disruption"
      },
      {
        "rating": "Unknown",
        "variety": "Operating costs"
      },
      {
        "rating": "Unknown",
        "variety": "Legal and regulatory"
      },
      {
        "rating": "Unknown",
        "variety": "Competitive advantage"
      },
      {
        "rating": "Unknown",
        "variety": "Response and recovery"
      }
    ],
    "overall_rating": "Unknown"
  },
  "incident_id": "2A273C32-F366-42EA-A38A-B17D9F8D3EE5",
  "notes": "Not sure when notification happened.  Used the date of the source article.",
  "plus": {
    "analysis_status": "First pass",
    "analyst": "blackfist",
    "asset": {
      "total": "No"
    },
    "attribute": {
      "confidentiality": {
        "credit_monitoring": "U",
        "data_abuse": "U",
        "data_subject": "Student"
      }
    },
    "created": "2013-02-20T17:35:41Z",
    "f500": "N",
    "master_id": "2A273C32-F366-42EA-A38A-B17D9F8D3EE5",
    "timeline": {
      "notification": {
        "day": 12,
        "month": 2,
        "year": 2012
      }
    }
  },
  "reference": "http://www.bbc.co.uk/news/uk-england-cambridgeshire-17002503 (20130220)",
  "schema_version": "1.2.1",
  "security_incident": "Confirmed",
  "source_id": "vcdb",
  "summary": "Documents containing non-public patient information went missing while in transit using inter-office mail.",
  "timeline": {
    "compromise": {
      "unit": "Unknown"
    },
    "containment": {
      "unit": "NA"
    },
    "discovery": {
      "unit": "Days"
    },
    "exfiltration": {
      "unit": "Unknown"
    },
    "incident": {
      "day": 13,
      "month": 1,
      "year": 2012
    }
  },
  "victim": {
    "country": "GB",
    "employee_count": "101 to 1000",
    "industry": "622110",
    "notes": "",
    "revenue": {
      "amount": 183000000,
      "iso_currency_code": "USD"
    },
    "victim_id": "Cambridgeshire and Peterborough NHS Foundation Trust"
  }
}