{
  "action": {
    "hacking": {
      "cve": "",
      "notes": "Details of the hack at http://cryptome.org/2013/02/parastoo-janes-cbrn.htm",
      "variety": [
        "Brute force",
        "SQLi"
      ],
      "vector": [
        "Web application"
      ]
    }
  },
  "actor": {
    "external": {
      "country": [
        "IR"
      ],
      "motive": [
        "Ideology"
      ],
      "notes": "Parastoo group claims responsibility",
      "variety": [
        "Activist"
      ]
    }
  },
  "asset": {
    "assets": [
      {
        "variety": "S - Database"
      },
      {
        "variety": "S - Web application"
      }
    ],
    "hosting": "External",
    "notes": ""
  },
  "attribute": {
    "confidentiality": {
      "data": [
        {
          "variety": "Credentials"
        },
        {
          "variety": "Payment"
        },
        {
          "variety": "Personal"
        }
      ],
      "data_disclosure": "Yes",
      "notes": "",
      "state": [
        "Stored unencrypted"
      ]
    },
    "integrity": {
      "variety": [
        "Misappropriation"
      ]
    }
  },
  "discovery_method": "Unknown",
  "impact": {
    "loss": [
      {
        "rating": "Unknown",
        "variety": "Asset and fraud"
      },
      {
        "rating": "Unknown",
        "variety": "Brand damage"
      },
      {
        "rating": "Unknown",
        "variety": "Business disruption"
      },
      {
        "rating": "Unknown",
        "variety": "Operating costs"
      },
      {
        "rating": "Unknown",
        "variety": "Legal and regulatory"
      },
      {
        "rating": "Unknown",
        "variety": "Competitive advantage"
      },
      {
        "rating": "Unknown",
        "variety": "Response and recovery"
      }
    ],
    "overall_rating": "Unknown"
  },
  "incident_id": "2A701C62-9D6B-4816-B47B-2460D710AD93",
  "notes": "",
  "plus": {
    "analysis_status": "First pass",
    "analyst": "blackfist",
    "asset": {
      "total": "No"
    },
    "attribute": {
      "confidentiality": {
        "credit_monitoring": "U",
        "data_abuse": "Y",
        "data_subject": "Customer"
      }
    },
    "created": "2013-05-29T16:50:27Z",
    "f500": "N",
    "master_id": "2A701C62-9D6B-4816-B47B-2460D710AD93",
    "timeline": {
      "notification": {
        "day": 22,
        "month": 2,
        "year": 2013
      }
    }
  },
  "reference": "http://oag.ca.gov/ecrime/databreach/reports/sb24-41789 (20130529) http://siliconangle.com/blog/2013/02/28/iran-hackers-threaten-vice-president-domestic-u-s-drone-attack-leak-ihs-janes-cbrn-documents/ (20130529) http://wikileak.ir/en/leaks/13 (20130529) http://cryptome.org/2013/02/parastoo-janes-cbrn.htm (20130529)",
  "schema_version": "1.2.1",
  "security_incident": "Confirmed",
  "source_id": "vcdb",
  "summary": "External activists gained access to victim network and may have gained access to customer information",
  "timeline": {
    "compromise": {
      "unit": "Unknown"
    },
    "containment": {
      "unit": "Unknown"
    },
    "discovery": {
      "unit": "Months"
    },
    "exfiltration": {
      "unit": "Unknown"
    },
    "incident": {
      "day": 22,
      "month": 11,
      "year": 2012
    }
  },
  "victim": {
    "country": "US",
    "employee_count": "1001 to 10000",
    "industry": "519130",
    "notes": "",
    "revenue": {
      "amount": 1530000000,
      "iso_currency_code": "USD"
    },
    "state": "CO",
    "victim_id": "IHS Inc"
  }
}