{
  "action": {
    "physical": {
      "location": [
        "Personal vehicle"
      ],
      "variety": [
        "Theft"
      ],
      "vector": [
        "Unknown"
      ]
    }
  },
  "actor": {
    "external": {
      "country": [
        "Unknown"
      ],
      "motive": [
        "Financial"
      ],
      "variety": [
        "Unknown"
      ]
    }
  },
  "asset": {
    "assets": [
      {
        "variety": "M - Documents"
      }
    ]
  },
  "attribute": {
    "availability": {
      "variety": [
        "Loss"
      ]
    },
    "confidentiality": {
      "data": [
        {
          "amount": 1431,
          "variety": "Medical"
        }
      ],
      "data_disclosure": "Yes",
      "data_total": 1431,
      "notes": "",
      "state": [
        "Unknown"
      ]
    }
  },
  "discovery_method": "Int - reported by user",
  "impact": {
    "overall_rating": "Unknown"
  },
  "incident_id": "2A84FA72-1AF3-48D3-8D1C-6B8110DAF89D",
  "notes": "",
  "plus": {
    "analysis_status": "First pass",
    "analyst": "swidup",
    "asset": {
      "total": "No"
    },
    "attribute": {
      "confidentiality": {
        "credit_monitoring": "U",
        "data_abuse": "U",
        "data_subject": "Patient"
      }
    },
    "created": "2013-02-23T03:25:39Z",
    "f500": "N",
    "master_id": "2A84FA72-1AF3-48D3-8D1C-6B8110DAF89D",
    "timeline": {
      "notification": {
        "day": 2,
        "month": 3,
        "year": 2012
      }
    }
  },
  "reference": "http://www.turnto23.com/news/your-neighborhood/east-county/kern-medical-center-resident-physician-loses-1-500-patient-records, http://oag.ca.gov/system/files/English%20Letter.pdf? ",
  "schema_version": "1.2.1",
  "security_incident": "Confirmed",
  "source_id": "vcdb",
  "summary": "Research documents were stolen from an employee's vehicle.  They contained confidential patient information.  Officials said the resident took home the records in a computer bag, which she left in her car parked at her apartment complex.  The records contained information, including names, health information and test results, and possible insurance information, officials said.  There were no addresses, Social Security numbers or financial information in the records, officials said.",
  "timeline": {
    "incident": {
      "year": 2012
    }
  },
  "victim": {
    "country": "US",
    "employee_count": "Unknown",
    "industry": "621112",
    "notes": "",
    "state": "CA",
    "victim_id": "Kern Medical Center"
  }
}