{
  "action": {
    "hacking": {
      "cve": "",
      "notes": "",
      "variety": [
        "Unknown"
      ],
      "vector": [
        "Unknown"
      ]
    }
  },
  "actor": {
    "external": {
      "country": [
        "US"
      ],
      "motive": [
        "Unknown"
      ],
      "notes": "The actor has since been identified as a former student.",
      "variety": [
        "Other"
      ]
    }
  },
  "asset": {
    "assets": [
      {
        "variety": "S - Database"
      }
    ],
    "notes": ""
  },
  "attribute": {
    "confidentiality": {
      "data": [
        {
          "amount": 8500,
          "variety": "Personal"
        }
      ],
      "data_disclosure": "Yes",
      "data_total": 8500,
      "notes": "The article states that credit monitoring will be given to those employees who ask for it.",
      "state": [
        "Stored"
      ]
    }
  },
  "discovery_method": "Int - reported by user",
  "impact": {
    "overall_rating": "Unknown"
  },
  "incident_id": "2AE42D0E-A960-4B62-B9ED-7BD28CDA15F8",
  "notes": "",
  "plus": {
    "analysis_status": "First pass",
    "analyst": "swidup",
    "asset": {
      "total": "No"
    },
    "attribute": {
      "confidentiality": {
        "credit_monitoring": "Y",
        "data_abuse": "U",
        "data_subject": "Partner"
      }
    },
    "created": "2013-02-20T04:29:01Z",
    "f500": "N",
    "master_id": "2AE42D0E-A960-4B62-B9ED-7BD28CDA15F8",
    "timeline": {
      "notification": {
        "day": 12,
        "month": 10,
        "year": 2012
      }
    }
  },
  "reference": "http://www.bizjournals.com/atlanta/news/2012/10/12/uga-employee-data-breached.html, http://www.bizjournals.com/atlanta/news/2012/12/11/uga-dead-former-student-responsible.html ",
  "schema_version": "1.2.1",
  "security_incident": "Confirmed",
  "source_id": "vcdb",
  "summary": "Hackers have gotten to the personnel records of at least 8,500 current and former The University of Georgia employees, UGA Vice President for Information Technology Timothy M. Chester reported Friday.  The initial intrusion may have occurred as early as Sept. 28. The investigation began Oct. 1 after it was discovered that the MyID passwords of two UGA employees, both of whom work in sensitive information technology positions, were reset by someone unknown. The perpetrators then used those accounts to access data contained in university information systems holding personnel records, UGA said.  Accessed data included names, Social Security numbers aand other personal information. Current and former employees whose records may have been compromised will be notified directly by e-mail or U.S. mail as addresses are available for them, UGA said.  UGA also will provide credit monitoring for affected employees who ask for it.",
  "timeline": {
    "incident": {
      "day": 28,
      "month": 9,
      "year": 2012
    }
  },
  "victim": {
    "country": "US",
    "employee_count": "10001 to 25000",
    "industry": "611310",
    "notes": "",
    "revenue": {
      "amount": 1298000000,
      "iso_currency_code": "USD"
    },
    "state": "GA",
    "victim_id": "University of Georgia"
  }
}