{
  "action": {},
  "actor": {
    "unknown": {}
  },
  "asset": {
    "assets": [
      {
        "variety": "M - Documents"
      }
    ]
  },
  "attribute": {
    "confidentiality": {
      "data": [
        {
          "amount": 2000,
          "variety": "Medical"
        }
      ],
      "data_disclosure": "Potentially",
      "data_total": 2000
    }
  },
  "discovery_method": "Unknown",
  "impact": {
    "overall_rating": "Unknown"
  },
  "incident_id": "2B0FEF7B-272A-42D5-8AD4-63C08491389D",
  "plus": {
    "analysis_status": "First pass",
    "created": "2013-04-12T22:29:56Z",
    "master_id": "2B0FEF7B-272A-42D5-8AD4-63C08491389D"
  },
  "schema_version": "1.2.1",
  "security_incident": "Confirmed",
  "source_id": "vcdb",
  "timeline": {
    "discovery": {
      "unit": "Unknown"
    },
    "incident": {
      "day": 6,
      "month": 5,
      "year": 2010
    }
  },
  "victim": {
    "country": "US",
    "employee_count": "Unknown",
    "industry": "621210",
    "state": "Pr",
    "victim_id": "Centro de Ortodoncia"
  }
}