{
  "action": {
    "physical": {
      "location": [
        "Personal vehicle"
      ],
      "variety": [
        "Theft"
      ],
      "vector": [
        "Unknown"
      ]
    }
  },
  "actor": {
    "external": {
      "country": [
        "Unknown"
      ],
      "motive": [
        "Financial"
      ],
      "variety": [
        "Unknown"
      ]
    }
  },
  "asset": {
    "assets": [
      {
        "variety": "U - Laptop"
      }
    ]
  },
  "attribute": {
    "availability": {
      "variety": [
        "Loss"
      ]
    },
    "confidentiality": {
      "data": [
        {
          "variety": "Personal"
        }
      ],
      "data_disclosure": "Potentially",
      "notes": "",
      "state": [
        "Stored unencrypted"
      ]
    }
  },
  "discovery_method": "Unknown",
  "impact": {
    "overall_rating": "Unknown"
  },
  "incident_id": "2B203B70-1BB5-4D26-BB8A-2DE1D9C39781",
  "notes": "",
  "plus": {
    "analysis_status": "First pass",
    "analyst": "swidup",
    "asset": {
      "total": "No"
    },
    "attribute": {
      "confidentiality": {
        "credit_monitoring": "Y",
        "data_abuse": "U",
        "data_subject": "Partner"
      }
    },
    "created": "2013-07-12T23:32:30Z",
    "f500": "N",
    "master_id": "2B203B70-1BB5-4D26-BB8A-2DE1D9C39781",
    "timeline": {
      "notification": {
        "day": 2,
        "month": 4,
        "year": 2013
      }
    }
  },
  "reference": "http://doj.nh.gov/consumer/security-breaches/documents/tradebe-20130402.pdf",
  "schema_version": "1.2.1",
  "security_incident": "Confirmed",
  "source_id": "vcdb",
  "summary": "Laptop stolen from employee's vehicle puts current and former employee data at risk.",
  "timeline": {
    "incident": {
      "month": 3,
      "year": 2013
    }
  },
  "victim": {
    "country": "US",
    "employee_count": "101 to 1000",
    "industry": "562211",
    "notes": "",
    "revenue": {
      "amount": 21100000,
      "iso_currency_code": "USD"
    },
    "state": "IL",
    "victim_id": "Tradebe Environmental Services"
  }
}