{
  "action": {
    "hacking": {
      "variety": [
        "Unknown"
      ],
      "vector": [
        "Unknown"
      ]
    }
  },
  "actor": {
    "external": {
      "country": [
        "Unknown"
      ],
      "motive": [
        "Unknown"
      ],
      "variety": [
        "Unknown"
      ]
    }
  },
  "asset": {
    "assets": [
      {
        "variety": "S - Web application"
      }
    ]
  },
  "attribute": {
    "confidentiality": {
      "data_disclosure": "Potentially",
      "data_total": 50000000
    }
  },
  "discovery_method": "Unknown",
  "incident_id": "2B6CD665-2937-4729-AAD6-2B7E211A6D81",
  "plus": {
    "analysis_status": "First pass",
    "created": "2013-09-10T20:13:32Z",
    "master_id": "2B6CD665-2937-4729-AAD6-2B7E211A6D81",
    "timeline": {
      "notification": {
        "day": 3,
        "month": 3,
        "year": 2013
      }
    }
  },
  "reference": "http://www.digitalspy.co.uk/tech/news/a462959/evernote-resets-passwords-after-major-security-breach.html, http://www.bbc.co.uk/news/technology-21644317, http://nakedsecurity.sophos.com/2013/03/02/evernote-hacked-almost-50-million-passwords-reset-after-security-breach/",
  "schema_version": "1.2.1",
  "security_incident": "Confirmed",
  "source_id": "vcdb",
  "summary": "A hacker or hackers attacked and may have accessed Evernote's online system. Evernote reset all user passwords as a precaution.  User names, email addresses, and encrypted passwords may have been exposed. UPDATE (03/09/2013): A total of 50 million users were told to reset their passwords.",
  "timeline": {
    "incident": {
      "year": 2013
    }
  },
  "victim": {
    "country": "US",
    "employee_count": "11 to 100",
    "industry": "511210",
    "state": "CA",
    "victim_id": "Evernote"
  }
}