{
  "action": {
    "error": {
      "notes": " [through Mail]",
      "variety": [
        "Misdelivery"
      ],
      "vector": [
        "Unknown"
      ]
    }
  },
  "actor": {
    "internal": {
      "motive": [
        "NA"
      ],
      "variety": [
        "End-user"
      ]
    }
  },
  "asset": {
    "assets": [
      {
        "variety": "M - Documents"
      }
    ]
  },
  "attribute": {
    "confidentiality": {
      "data": [
        {
          "variety": "Medical"
        },
        {
          "amount": 150,
          "variety": "Personal"
        }
      ],
      "data_disclosure": "Yes",
      "data_total": 150,
      "notes": "",
      "state": [
        "Unknown"
      ]
    }
  },
  "discovery_method": "Unknown",
  "impact": {
    "overall_rating": "Unknown"
  },
  "incident_id": "2BECA049-709F-4D3E-A674-2081859DD3CD",
  "notes": "",
  "plus": {
    "analysis_status": "First pass",
    "analyst": "swidup",
    "asset": {
      "total": "No"
    },
    "attribute": {
      "confidentiality": {
        "credit_monitoring": "U",
        "data_abuse": "U",
        "data_subject": "Customer"
      }
    },
    "created": "2013-06-05T22:35:32Z",
    "f500": "N",
    "master_id": "2BECA049-709F-4D3E-A674-2081859DD3CD",
    "timeline": {
      "notification": {
        "day": 31,
        "month": 5,
        "year": 2013
      }
    }
  },
  "reference": "http://www.thisisleicestershire.co.uk/Children-s-health-details-sent-wrong-parents/story-19144883-detail/story.html#axzz2UryGFoOQ",
  "schema_version": "1.2.1",
  "security_incident": "Confirmed",
  "source_id": "vcdb",
  "summary": "More than 150 letters containing results from a school programme measuring children's heights and weights were sent to the wrong addresses a fortnight ago. The issue came to light when a head teacher contacted Leicestershire County Council and a parent Leicestershire Partnership NHS Trust, which was responsible for sending out the letters. ",
  "timeline": {
    "incident": {
      "year": 2013
    }
  },
  "victim": {
    "country": "GB",
    "employee_count": "101 to 1000",
    "industry": "621999",
    "notes": "",
    "revenue": {
      "amount": 2800000,
      "iso_currency_code": "USD"
    },
    "victim_id": "Leicestershire Partnership NHS Trust"
  }
}