{
  "action": {
    "physical": {
      "location": [
        "Public facility"
      ],
      "variety": [
        "Tampering"
      ],
      "vector": [
        "Unknown"
      ]
    }
  },
  "actor": {
    "external": {
      "country": [
        "Unknown"
      ],
      "motive": [
        "Financial"
      ],
      "variety": [
        "Unknown"
      ]
    }
  },
  "asset": {
    "assets": [
      {
        "variety": "T - ATM"
      }
    ]
  },
  "attribute": {
    "confidentiality": {
      "data": [
        {
          "variety": "Payment"
        }
      ],
      "data_disclosure": "Yes",
      "notes": "",
      "state": [
        "Stored"
      ]
    },
    "integrity": {
      "notes": "",
      "variety": [
        "Fraudulent transaction"
      ]
    }
  },
  "discovery_method": "Unknown",
  "impact": {
    "overall_rating": "Unknown"
  },
  "incident_id": "2C138890-5D0F-4CC3-B5A4-67BC8CF571F7",
  "notes": "",
  "plus": {
    "analysis_status": "First pass",
    "analyst": "swidup",
    "asset": {
      "total": "No"
    },
    "attribute": {
      "confidentiality": {
        "credit_monitoring": "N",
        "data_abuse": "Y",
        "data_subject": "Customer"
      }
    },
    "created": "2013-02-05T18:57:37Z",
    "f500": "N",
    "master_id": "2C138890-5D0F-4CC3-B5A4-67BC8CF571F7",
    "timeline": {
      "notification": {
        "day": 13,
        "month": 12,
        "year": 2012
      }
    }
  },
  "reference": "http://oag.ca.gov/system/files/Yolo%20FCU%20IDENTITY%20THEFT%20VICTIMS-Immediate%20Steps_1.pdf?, http://oag.ca.gov/system/files/Yolo%20Skim%20Notice_0.pdf?, http://www.mercurynews.com/crime-courts/ci_22502375/bank-card-scam-skimming-devices-target-consumers-at ",
  "schema_version": "1.2.1",
  "security_incident": "Confirmed",
  "source_id": "vcdb",
  "summary": "The notice only says that it identified the cardholder's card as one that had potentially been compromised and they blocked it.  They don't say what triggered that belief.  They were called out specifically in the article by mercurynews.com as ATM skimming.",
  "timeline": {
    "incident": {
      "day": 27,
      "month": 10,
      "year": 2012
    }
  },
  "victim": {
    "country": "US",
    "employee_count": "11 to 100",
    "industry": "522130",
    "notes": "This was multiple skimming incidents reported as one to the CA OAG.  ",
    "revenue": {
      "amount": 7110000,
      "iso_currency_code": "USD"
    },
    "state": "CA",
    "victim_id": "Yolo Credit Union"
  }
}