{
  "action": {
    "physical": {
      "location": [
        "Personal residence"
      ],
      "variety": [
        "Theft"
      ],
      "vector": [
        "Unknown"
      ]
    }
  },
  "actor": {
    "external": {
      "country": [
        "Unknown"
      ],
      "motive": [
        "Financial"
      ],
      "variety": [
        "Unknown"
      ]
    }
  },
  "asset": {
    "assets": [
      {
        "variety": "U - Laptop"
      }
    ]
  },
  "attribute": {
    "availability": {
      "variety": [
        "Loss"
      ]
    },
    "confidentiality": {
      "data": [
        {
          "variety": "Internal"
        }
      ],
      "data_disclosure": "Potentially",
      "notes": "",
      "state": [
        "Stored unencrypted"
      ]
    }
  },
  "discovery_method": "Unknown",
  "impact": {
    "overall_rating": "Unknown"
  },
  "incident_id": "2C18B9E6-2469-4CD5-9D81-DB26D8067450",
  "notes": "",
  "plus": {
    "analysis_status": "First pass",
    "analyst": "swidup",
    "asset": {
      "total": "No"
    },
    "attribute": {
      "confidentiality": {
        "credit_monitoring": "U",
        "data_abuse": "U",
        "data_subject": "Partner"
      }
    },
    "created": "2013-06-27T00:18:13Z",
    "f500": "N",
    "master_id": "2C18B9E6-2469-4CD5-9D81-DB26D8067450",
    "timeline": {
      "notification": {
        "day": 4,
        "month": 3,
        "year": 2013
      }
    }
  },
  "reference": "http://asia.eurosport.com/rugby-league/laptop-theft-hits-rhinos-plans_sto3695090/story.shtml",
  "schema_version": "1.2.1",
  "security_incident": "Confirmed",
  "source_id": "vcdb",
  "summary": " The Super League champions have appealed for the return of a laptop containing vital data which was stolen during a break-in at the Halifax home of the club's conditioning coach Richard Hunwick on Tuesday night.  Theives stole the keys to Hunwick's car, a VW Golf, and a rucksack containing the computer and GPS equipment used to monitor the players' fitness.  Hunwick said: \"The laptop is useless to anyone apart from us as it just has data and spreadsheets on it. ",
  "timeline": {
    "incident": {
      "month": 3,
      "year": 2013
    }
  },
  "victim": {
    "country": "GB",
    "employee_count": "11 to 100",
    "industry": "711219",
    "notes": "",
    "victim_id": "Leeds Rhinos"
  }
}