{
  "action": {},
  "actor": {
    "unknown": {}
  },
  "asset": {
    "assets": [
      {
        "variety": "S - Other"
      }
    ]
  },
  "attribute": {
    "confidentiality": {
      "data": [
        {
          "amount": 3655,
          "variety": "Medical"
        }
      ],
      "data_disclosure": "Potentially",
      "data_total": 3655
    }
  },
  "discovery_method": "Unknown",
  "impact": {
    "overall_rating": "Unknown"
  },
  "incident_id": "2C46C49B-9E51-4A4B-BE71-C297B4060783",
  "plus": {
    "analysis_status": "First pass",
    "created": "2013-04-12T22:29:56Z",
    "master_id": "2C46C49B-9E51-4A4B-BE71-C297B4060783"
  },
  "schema_version": "1.2.1",
  "security_incident": "Confirmed",
  "source_id": "vcdb",
  "timeline": {
    "discovery": {
      "unit": "Unknown"
    },
    "incident": {
      "day": 8,
      "month": 2,
      "year": 2011
    }
  },
  "victim": {
    "country": "US",
    "employee_count": "1001 to 10000",
    "industry": "622110",
    "state": "Wv",
    "victim_id": "Charleston Area Medical Center, Inc"
  }
}