{
  "action": {
    "hacking": {
      "notes": "",
      "variety": [
        "Unknown"
      ],
      "vector": [
        "Unknown"
      ]
    }
  },
  "actor": {
    "external": {
      "country": [
        "Unknown"
      ],
      "motive": [
        "Ideology"
      ],
      "variety": [
        "Unknown"
      ]
    }
  },
  "asset": {
    "assets": [
      {
        "variety": "S - Database"
      }
    ]
  },
  "attribute": {
    "confidentiality": {
      "data": [
        {
          "variety": "Classified"
        },
        {
          "variety": "Personal"
        }
      ],
      "data_disclosure": "Yes",
      "data_total": 180,
      "notes": "The information released to the public was a list of suspended students, along with phone numbers, email address and grade point averages of the students.  ",
      "state": [
        "Stored"
      ]
    }
  },
  "discovery_method": "Unknown",
  "impact": {
    "overall_rating": "Unknown"
  },
  "incident_id": "2C679AE9-95A6-4E23-B3F4-BBF4D4BE244F",
  "notes": "Lindenwood University is a private school in St. Charles.  ",
  "plus": {
    "analysis_status": "First pass",
    "analyst": "abooker",
    "asset": {
      "total": "No"
    },
    "attribute": {
      "confidentiality": {
        "credit_monitoring": "N",
        "data_abuse": "U",
        "data_subject": "Student"
      }
    },
    "created": "2013-02-15T20:39:24Z",
    "f500": "N",
    "master_id": "2C679AE9-95A6-4E23-B3F4-BBF4D4BE244F",
    "timeline": {
      "notification": {
        "day": 7,
        "month": 3,
        "year": 2012
      }
    }
  },
  "reference": "http://www.stltoday.com/news/local/education/confidential-lindenwood-university-student-information-posted-on-twitter/article_7c20d51c-67d6-11e1-8114-001a4bcf6878.htmlhttp://www.stltoday.com/news/local/education/confidential-lindenwood-university-student-information-posted-on-twitter/article_7c20d51c-67d6-11e1-8114-001a4bcf6878.htmlhttp://www.stltoday.com/news/local/education/confidential-lindenwood-university-student-information-posted-on-twitter/article_7c20d51c-67d6-11e1-8114-001a4bcf6878.htmlhttp://www.stltoday.com/news/local/education/confidential-lindenwood-university-student-information-posted-on-twitter/article_7c20d51c-67d6-11e1-8114-001a4bcf6878.htmlhttp://www.stltoday.com/news/local/education/confidential-lindenwood-university-student-information-posted-on-twitter/article_7c20d51c-67d6-11e1-8114-001a4bcf6878.html ",
  "schema_version": "1.2.1",
  "security_incident": "Confirmed",
  "source_id": "vcdb",
  "summary": "The Twitter account held in the name of @LindenLeaks for Lindenwood University published a document listing the names of students suspended last semester.  ",
  "timeline": {
    "incident": {
      "year": 2012
    }
  },
  "victim": {
    "country": "US",
    "employee_count": "1001 to 10000",
    "industry": "611310",
    "notes": "",
    "revenue": {
      "amount": 23000000,
      "iso_currency_code": "USD"
    },
    "state": "MO",
    "victim_id": "Lindenwood University"
  }
}