{
  "action": {},
  "actor": {
    "unknown": {}
  },
  "asset": {},
  "attribute": {
    "confidentiality": {
      "data": [
        {
          "amount": 2643,
          "variety": "Medical"
        }
      ],
      "data_disclosure": "Potentially",
      "data_total": 2643
    }
  },
  "discovery_method": "Unknown",
  "impact": {
    "overall_rating": "Unknown"
  },
  "incident_id": "2C8A2E5F-2A3E-4D25-ACDB-4B133E3A385B",
  "plus": {
    "analysis_status": "First pass",
    "created": "2013-04-12T22:29:56Z",
    "master_id": "2C8A2E5F-2A3E-4D25-ACDB-4B133E3A385B",
    "timeline": {
      "notification": {}
    }
  },
  "schema_version": "1.2.1",
  "security_incident": "Confirmed",
  "source_id": "vcdb",
  "timeline": {
    "discovery": {
      "unit": "Months",
      "value": 2
    },
    "incident": {
      "day": 17,
      "month": 1,
      "year": 2013
    }
  },
  "victim": {
    "country": "US",
    "employee_count": "1001 to 10000",
    "industry": "9231",
    "state": "Ca",
    "victim_id": "Calif. Dept. of Health Care Services (DHCS)"
  }
}