{
  "action": {
    "error": {
      "notes": "",
      "variety": [
        "Misconfiguration"
      ],
      "vector": [
        "Unknown"
      ]
    }
  },
  "actor": {
    "internal": {
      "motive": [
        "NA"
      ],
      "notes": "",
      "variety": [
        "System admin"
      ]
    }
  },
  "asset": {
    "assets": [
      {
        "variety": "S - Database"
      }
    ],
    "notes": ""
  },
  "attribute": {
    "confidentiality": {
      "data": [
        {
          "variety": "Personal"
        }
      ],
      "data_disclosure": "Yes",
      "notes": "",
      "state": [
        "Stored unencrypted"
      ]
    }
  },
  "discovery_method": "Unknown",
  "impact": {
    "overall_rating": "Unknown"
  },
  "incident_id": "2D0DFF0A-17AD-47D1-B1A9-806156A1974A",
  "notes": "",
  "plus": {
    "analysis_status": "First pass",
    "analyst": "swidup",
    "asset": {
      "total": "No"
    },
    "attribute": {
      "confidentiality": {
        "credit_monitoring": "Y",
        "data_abuse": "U",
        "data_subject": "Customer"
      }
    },
    "created": "2013-02-08T04:58:17Z",
    "f500": "N",
    "master_id": "2D0DFF0A-17AD-47D1-B1A9-806156A1974A",
    "timeline": {
      "notification": {
        "day": 6,
        "month": 12,
        "year": 2012
      }
    }
  },
  "reference": "http://doj.nh.gov/consumer/security-breaches/documents/lexisnexis-20121206.pdf, http://www.atg.state.vt.us/assets/files/12%2012%2010%20LexusNexis%20Risk%20Solutions%20Security%20Breach%20Notice%20Ltr%20to%20consumer.pdf",
  "schema_version": "1.2.1",
  "security_incident": "Confirmed",
  "source_id": "vcdb",
  "summary": "An error in a technical change made to a process used to generate reports caused certain sensitive PII to become unmasked and displayed in full on consumer's reports.  Sometimes this also affected others in the household of a claimant, for example.  ",
  "timeline": {
    "incident": {
      "day": 30,
      "month": 10,
      "year": 2012
    }
  },
  "victim": {
    "country": "US",
    "employee_count": "1001 to 10000",
    "industry": "812990",
    "notes": "",
    "revenue": {
      "amount": 100700000,
      "iso_currency_code": "USD"
    },
    "state": "GA",
    "victim_id": "LexisNexis"
  }
}