{
  "action": {
    "error": {
      "notes": " [through Mail]",
      "variety": [
        "Misdelivery"
      ],
      "vector": [
        "Unknown"
      ]
    }
  },
  "actor": {
    "internal": {
      "motive": [
        "NA"
      ],
      "variety": [
        "Unknown"
      ]
    }
  },
  "asset": {
    "assets": [
      {
        "variety": "M - Documents"
      }
    ]
  },
  "attribute": {
    "confidentiality": {
      "data": [
        {
          "variety": "Personal"
        }
      ],
      "data_disclosure": "Yes",
      "data_total": 10,
      "notes": "",
      "state": [
        "Stored unencrypted"
      ]
    }
  },
  "discovery_method": "Ext - customer",
  "impact": {
    "overall_rating": "Unknown"
  },
  "incident_id": "2D6B9AE7-CF26-40D1-8121-4B25755DDE2B",
  "notes": "",
  "plus": {
    "analysis_status": "First pass",
    "analyst": "swidup",
    "asset": {
      "total": "No"
    },
    "attribute": {
      "confidentiality": {
        "credit_monitoring": "U",
        "data_abuse": "U",
        "data_subject": "Student"
      }
    },
    "created": "2013-02-12T18:27:29Z",
    "f500": "N",
    "master_id": "2D6B9AE7-CF26-40D1-8121-4B25755DDE2B",
    "timeline": {
      "notification": {
        "day": 26,
        "month": 1,
        "year": 2012
      }
    }
  },
  "reference": "http://triblocal.com/naperville/2012/01/26/report-cards-mistakenly-delivered-to-emergency-contacts/",
  "schema_version": "1.2.1",
  "security_incident": "Confirmed",
  "source_id": "vcdb",
  "summary": "Naperville Unit District 203 may not get very high marks in the subject of report card distribution this semester.  The district recently learned copies of some high school students\u2019 report cards were accidentally sent to the person listed as their emergency contact.  Chief Information Officer Roger Brunelle said a vendor made an unauthorized change to the computer program that generates report cards, which led to duplicates being mailed in some cases.",
  "timeline": {
    "incident": {
      "year": 2012
    }
  },
  "victim": {
    "country": "US",
    "employee_count": "Unknown",
    "industry": "6111",
    "notes": "",
    "state": "IL",
    "victim_id": "Naperville Unit School District 203"
  }
}