{
  "action": {
    "error": {
      "notes": " [through Web]",
      "variety": [
        "Publishing error"
      ],
      "vector": [
        "Unknown"
      ]
    }
  },
  "actor": {
    "internal": {
      "motive": [
        "NA"
      ],
      "variety": [
        "Unknown"
      ]
    }
  },
  "asset": {
    "assets": [
      {
        "variety": "S - File"
      }
    ]
  },
  "attribute": {
    "confidentiality": {
      "data": [
        {
          "variety": "Personal"
        }
      ],
      "data_disclosure": "Yes",
      "data_total": 8505,
      "notes": "",
      "state": [
        "Stored"
      ]
    }
  },
  "discovery_method": "Unknown",
  "impact": {
    "overall_rating": "Unknown"
  },
  "incident_id": "2D7303FD-34AE-4B48-9AAF-E28D6D57E1A2",
  "notes": "",
  "plus": {
    "analysis_status": "First pass",
    "analyst": "swidup",
    "asset": {
      "total": "No"
    },
    "attribute": {
      "confidentiality": {
        "credit_monitoring": "U",
        "data_abuse": "U",
        "data_subject": "Student"
      }
    },
    "created": "2013-02-06T18:35:25Z",
    "f500": "N",
    "master_id": "2D7303FD-34AE-4B48-9AAF-E28D6D57E1A2",
    "timeline": {
      "notification": {
        "day": 15,
        "month": 1,
        "year": 2012
      }
    }
  },
  "reference": "www.news.gov.hk/en/categories/admin/html/2013/01/20130115_162131.shtml",
  "schema_version": "1.2.1",
  "security_incident": "Confirmed",
  "source_id": "vcdb",
  "summary": "The Office of the Privacy Commissioner for Personal Data has discovered that sensitive personal information of students has inadvertently been exposed online, potentially affecting as many as 8,505 students from 11 local schools, including tertiary institutions.",
  "timeline": {
    "incident": {
      "year": 2012
    }
  },
  "victim": {
    "country": "HK",
    "employee_count": "Unknown",
    "industry": "6111",
    "notes": "",
    "victim_id": "Hong Kong Institute of Education\u2019s School of Continuing & Professional Education"
  }
}