{
  "action": {
    "hacking": {
      "notes": "",
      "variety": [
        "Unknown"
      ],
      "vector": [
        "Web application"
      ]
    }
  },
  "actor": {
    "external": {
      "country": [
        "SY"
      ],
      "motive": [
        "Ideology"
      ],
      "notes": "ZCompany Hacking Crew (ZHC)",
      "variety": [
        "Activist"
      ]
    }
  },
  "asset": {
    "assets": [
      {
        "variety": "S - Web application"
      }
    ]
  },
  "attribute": {
    "integrity": {
      "notes": "",
      "variety": [
        "Modify data",
        "Misappropriation"
      ]
    }
  },
  "discovery_method": "Ext - actor disclosure",
  "impact": {
    "overall_rating": "Unknown"
  },
  "incident_id": "2D84BBE8-32E0-4712-9B7F-F9446F7B4DD5",
  "notes": "",
  "plus": {
    "analysis_status": "First pass",
    "analyst": "blackfist",
    "created": "2013-09-11T00:28:00Z",
    "f500": "N",
    "issue_id": "201",
    "master_id": "2D84BBE8-32E0-4712-9B7F-F9446F7B4DD5",
    "timeline": {
      "notification": {
        "day": 12,
        "month": 9,
        "year": 2013
      }
    }
  },
  "reference": "http://news.softpedia.com/news/Site-of-Indian-Passport-and-Visa-Application-Center-in-Bahrain-Hacked-by-ZHC-382370.shtml (20130912)",
  "schema_version": "1.2.1",
  "security_incident": "Confirmed",
  "source_id": "vcdb",
  "summary": "The ZCompany Hacking Crew (ZHC) is back with another pro-Kashmir attack. A few hours ago, they hacked the website of the Indian Passport and Visa Application Center in Manama, Bahrain, owned by Octic International (octicinternational.com).",
  "timeline": {
    "incident": {
      "day": 12,
      "month": 9,
      "year": 2013
    }
  },
  "victim": {
    "country": "BH",
    "employee_count": "Unknown",
    "industry": "921120",
    "notes": "",
    "victim_id": "Indian Passport and Visa Application Center in Manama, Bahrain"
  }
}