{
  "action": {
    "hacking": {
      "notes": "",
      "variety": [
        "Unknown"
      ],
      "vector": [
        "Web application"
      ]
    }
  },
  "actor": {
    "external": {
      "country": [
        "Unknown"
      ],
      "motive": [
        "Unknown"
      ],
      "variety": [
        "Unknown"
      ]
    }
  },
  "asset": {
    "assets": [
      {
        "variety": "Unknown"
      }
    ]
  },
  "attribute": {
    "confidentiality": {
      "data": [
        {
          "variety": "Personal"
        },
        {
          "variety": "Internal"
        }
      ],
      "data_disclosure": "Yes",
      "notes": "The compromised account data included email addresses, encrypted passwords, player names and dates of birth. For a small number of players, their first and last names, as well as their encrypted security questions and answers, were also compromised. ",
      "state": [
        "Stored"
      ]
    }
  },
  "discovery_method": "Unknown",
  "impact": {
    "overall_rating": "Unknown"
  },
  "incident_id": "2DC852BA-88E8-47EA-9C8D-762C33F53353",
  "notes": "",
  "plus": {
    "analysis_status": "First pass",
    "analyst": "abooker",
    "asset": {
      "total": "No"
    },
    "attribute": {
      "confidentiality": {
        "credit_monitoring": "U",
        "data_abuse": "U",
        "data_subject": "Customer"
      }
    },
    "created": "2013-03-18T14:44:09Z",
    "f500": "N",
    "master_id": "2DC852BA-88E8-47EA-9C8D-762C33F53353",
    "timeline": {
      "notification": {
        "day": 11,
        "month": 6,
        "year": 2012
      }
    }
  },
  "reference": "http://www.pcworld.com/article/257292/european_league_of_legends_game_players_have_their_account_data_compromised.html",
  "schema_version": "1.2.1",
  "security_incident": "Confirmed",
  "source_id": "vcdb",
  "summary": "Hackers gained access to certain personal player data contained in certain EU West and EU Nordic & East databases.",
  "timeline": {
    "incident": {
      "day": 9,
      "month": 6,
      "year": 2012
    }
  },
  "victim": {
    "country": "US",
    "employee_count": "Unknown",
    "industry": "541511",
    "notes": "Distributed by Riot Games",
    "state": "CA",
    "victim_id": "League of Legends (LoL)"
  }
}