{
  "action": {
    "physical": {
      "location": [
        "Victim grounds"
      ],
      "variety": [
        "Theft"
      ],
      "vector": [
        "Unknown"
      ]
    }
  },
  "actor": {
    "external": {
      "country": [
        "Unknown"
      ],
      "motive": [
        "Unknown"
      ],
      "variety": [
        "Unknown"
      ]
    }
  },
  "asset": {
    "assets": [
      {
        "variety": "U - Laptop"
      }
    ]
  },
  "attribute": {
    "availability": {
      "variety": [
        "Loss"
      ]
    },
    "confidentiality": {
      "data": [
        {
          "variety": "Medical"
        },
        {
          "variety": "Personal"
        }
      ],
      "data_disclosure": "Potentially",
      "data_total": 585,
      "notes": "Potential exposure of protected health information from psychology patients. ",
      "state": [
        "Stored"
      ]
    }
  },
  "discovery_method": "Unknown",
  "impact": {
    "overall_rating": "Unknown"
  },
  "incident_id": "2DCEE70C-1C59-4EC9-B623-FDDB0179E528",
  "notes": "",
  "plus": {
    "analysis_status": "First pass",
    "analyst": "abooker",
    "asset": {
      "total": "No"
    },
    "attribute": {
      "confidentiality": {
        "credit_monitoring": "U",
        "data_abuse": "U",
        "data_subject": "Patient"
      }
    },
    "created": "2013-03-21T19:19:43Z",
    "f500": "N",
    "master_id": "2DCEE70C-1C59-4EC9-B623-FDDB0179E528",
    "timeline": {
      "notification": {
        "day": 27,
        "month": 7,
        "year": 2012
      }
    }
  },
  "reference": "http://www.phiprivacy.net/?p=9907; http://www.privacyrights.org/data-breach?order=field_breach_total_value&sort=asc&title=",
  "schema_version": "1.2.1",
  "security_incident": "Confirmed",
  "source_id": "vcdb",
  "summary": "A laptop was stolen that contained patient information. ",
  "timeline": {
    "discovery": {
      "unit": "Months"
    },
    "incident": {
      "day": 16,
      "month": 6,
      "year": 2012
    }
  },
  "victim": {
    "country": "US",
    "employee_count": "1 to 10",
    "industry": "621330",
    "notes": "",
    "revenue": {
      "amount": 230000,
      "iso_currency_code": "USD"
    },
    "state": "TX",
    "victim_id": "Sharon L. Rogers, Ph.D., ABPP"
  }
}