{
  "action": {
    "hacking": {
      "notes": "",
      "variety": [
        "SQLi"
      ],
      "vector": [
        "Web application"
      ]
    }
  },
  "actor": {
    "external": {
      "country": [
        "Unknown"
      ],
      "motive": [
        "Financial"
      ],
      "variety": [
        "Unknown"
      ]
    }
  },
  "asset": {
    "assets": [
      {
        "variety": "S - Web application"
      }
    ]
  },
  "attribute": {
    "confidentiality": {
      "data": [
        {
          "variety": "Payment"
        }
      ],
      "data_disclosure": "Yes",
      "notes": "",
      "state": [
        "Unknown"
      ]
    },
    "integrity": {
      "variety": [
        "Misappropriation"
      ]
    }
  },
  "discovery_method": "Int - reported by user",
  "impact": {
    "overall_rating": "Unknown"
  },
  "incident_id": "2DE823A6-FC65-4328-8ADD-CF91281E0D49",
  "notes": "",
  "plus": {
    "analysis_status": "First pass",
    "analyst": "swidup",
    "asset": {
      "total": "No"
    },
    "attribute": {
      "confidentiality": {
        "credit_monitoring": "N",
        "data_abuse": "U",
        "data_subject": "Customer"
      }
    },
    "created": "2013-02-05T23:58:00Z",
    "f500": "N",
    "master_id": "2DE823A6-FC65-4328-8ADD-CF91281E0D49",
    "timeline": {
      "notification": {
        "day": 11,
        "month": 9,
        "year": 2012
      }
    }
  },
  "reference": "http://oag.ca.gov/system/files/Security%20Breach%208282012_0.pdf? ",
  "schema_version": "1.2.1",
  "security_incident": "Confirmed",
  "source_id": "vcdb",
  "summary": "Web site was hacked and despite using \"industry standard encryption\" the credit card numbers in their \"secured database\" were compromised.  The website is AtWhatGreatSkin.com.",
  "timeline": {
    "incident": {
      "day": 28,
      "month": 8,
      "year": 2012
    }
  },
  "victim": {
    "country": "US",
    "employee_count": "1 to 10",
    "industry": "713940",
    "notes": "",
    "revenue": {
      "amount": 850000,
      "iso_currency_code": "USD"
    },
    "state": "CA",
    "victim_id": "Healing Touch Day Spa"
  }
}