{
  "action": {
    "physical": {
      "location": [
        "Personal vehicle"
      ],
      "variety": [
        "Theft"
      ],
      "vector": [
        "Unknown"
      ]
    }
  },
  "actor": {
    "external": {
      "country": [
        "Unknown"
      ],
      "motive": [
        "Unknown"
      ],
      "variety": [
        "Unknown"
      ]
    }
  },
  "asset": {
    "assets": [
      {
        "variety": "M - Other"
      }
    ]
  },
  "attribute": {
    "availability": {
      "variety": [
        "Loss"
      ]
    },
    "confidentiality": {
      "data": [
        {
          "variety": "Personal"
        },
        {
          "variety": "Unknown"
        }
      ],
      "data_disclosure": "Potentially",
      "data_total": 1253,
      "notes": "PII of student applicants ",
      "state": [
        "Unknown"
      ]
    }
  },
  "discovery_method": "Int - reported by user",
  "impact": {
    "overall_rating": "Unknown"
  },
  "incident_id": "2DFBF5F2-74E7-425A-AE12-13234751A946",
  "notes": "",
  "plus": {
    "analysis_status": "First pass",
    "analyst": "abooker",
    "asset": {
      "total": "No"
    },
    "attribute": {
      "confidentiality": {
        "credit_monitoring": "U",
        "data_abuse": "U",
        "data_subject": "Student"
      }
    },
    "created": "2013-02-21T14:32:05Z",
    "f500": "N",
    "master_id": "2DFBF5F2-74E7-425A-AE12-13234751A946",
    "timeline": {
      "notification": {
        "day": 26,
        "month": 4,
        "year": 2012
      }
    }
  },
  "reference": "http://www.efortresses.com/2012-Breaches-Matrix.htm ",
  "schema_version": "1.2.1",
  "security_incident": "Confirmed",
  "source_id": "vcdb",
  "summary": "External hard drive containing student applicant's information was stolen from a teacher's vehicle.  ",
  "timeline": {
    "incident": {
      "year": 2012
    }
  },
  "victim": {
    "country": "US",
    "employee_count": "Unknown",
    "industry": "61",
    "notes": "",
    "state": "TX",
    "victim_id": "North East School of the Arts"
  }
}