{
  "action": {
    "error": {
      "notes": " [through ]",
      "variety": [
        "Disposal error"
      ],
      "vector": [
        "Unknown"
      ]
    }
  },
  "actor": {
    "internal": {
      "motive": [
        "NA"
      ],
      "variety": [
        "Maintenance"
      ]
    }
  },
  "asset": {
    "assets": [
      {
        "variety": "M - Documents"
      }
    ]
  },
  "attribute": {
    "confidentiality": {
      "data": [
        {
          "variety": "Personal"
        }
      ],
      "data_disclosure": "Potentially",
      "data_total": 3000,
      "notes": "The document included the following types of information: name, mailing address, telephone number, date of birth and social security numbers.  ",
      "state": [
        "Unknown"
      ]
    }
  },
  "discovery_method": "Ext - unrelated party",
  "impact": {
    "overall_rating": "Unknown"
  },
  "incident_id": "2E3ABBCD-2707-4467-81BD-3897D749C7C5",
  "notes": "",
  "plus": {
    "analysis_status": "First pass",
    "analyst": "abooker",
    "asset": {
      "total": "No"
    },
    "attribute": {
      "confidentiality": {
        "credit_monitoring": "Y",
        "data_abuse": "U",
        "data_subject": "Patient"
      }
    },
    "created": "2013-03-11T18:50:49Z",
    "f500": "U",
    "master_id": "2E3ABBCD-2707-4467-81BD-3897D749C7C5",
    "timeline": {
      "notification": {
        "day": 15,
        "month": 3,
        "year": 2012
      }
    }
  },
  "reference": "http://www.dhs.state.ia.us/docs/Warren%20County%20Fire%20FAQ%20.pdf ",
  "schema_version": "1.2.1",
  "security_incident": "Confirmed",
  "source_id": "vcdb",
  "summary": "Due to a fire at the Iowa Department of Human Resources building in Warren County partially burned documents were found on neighbors' lawns containing confidential information.  ",
  "timeline": {
    "incident": {
      "day": 4,
      "month": 12,
      "year": 2011
    }
  },
  "victim": {
    "country": "US",
    "employee_count": "10001 to 25000",
    "industry": "923130",
    "notes": "",
    "state": "IA",
    "victim_id": "Iowa Department of Human Services"
  }
}