{
  "action": {
    "physical": {
      "location": [
        "Victim secure area"
      ],
      "notes": "",
      "variety": [
        "Theft"
      ],
      "vector": [
        "Bypassed controls"
      ]
    }
  },
  "actor": {
    "external": {
      "country": [
        "US"
      ],
      "motive": [
        "Unknown"
      ],
      "notes": "",
      "variety": [
        "Unknown"
      ]
    }
  },
  "asset": {
    "assets": [
      {
        "variety": "M - Documents"
      }
    ],
    "notes": ""
  },
  "attribute": {
    "availability": {
      "duration": {
        "unit": "Unknown"
      },
      "notes": "Paper records were stolen.  No indication of duplication on other media or in other locations are mentioned in the source document.",
      "variety": [
        "Loss"
      ]
    },
    "confidentiality": {
      "data": [
        {
          "amount": 23,
          "variety": "Medical"
        },
        {
          "amount": 23,
          "variety": "Personal"
        }
      ],
      "data_disclosure": "Yes",
      "data_total": 23,
      "notes": "",
      "state": [
        "Stored unencrypted"
      ]
    }
  },
  "discovery_method": "Unknown",
  "impact": {
    "overall_rating": "Unknown"
  },
  "incident_id": "2E49D4D7-1214-45EC-9F2E-2B04060CDD8B",
  "notes": "",
  "plus": {
    "analysis_status": "First pass",
    "analyst": "swidup",
    "asset": {
      "total": "No"
    },
    "attribute": {
      "confidentiality": {
        "credit_monitoring": "N",
        "data_abuse": "U",
        "data_subject": "Customer"
      }
    },
    "created": "2013-04-29T20:55:41Z",
    "f500": "N",
    "master_id": "2E49D4D7-1214-45EC-9F2E-2B04060CDD8B",
    "timeline": {
      "notification": {
        "day": 22,
        "month": 4,
        "year": 2013
      }
    }
  },
  "reference": "http://doj.nh.gov/consumer/security-breaches/documents/child-family-services-nh-20130422.pdf",
  "schema_version": "1.2.1",
  "security_incident": "Confirmed",
  "source_id": "vcdb",
  "summary": "On March 19, 2013, CFS learned that 23 client files were stolen from a secure area in CFS's main office some time between 3/15 and 3/18/13.  The information in the files contained names, addresses, DOB, Medicaid Number and health information/notes.  The files did not contain SSNs or other financial data.",
  "timeline": {
    "incident": {
      "day": 18,
      "month": 3,
      "year": 2013
    }
  },
  "victim": {
    "country": "US",
    "employee_count": "Unknown",
    "industry": "923120",
    "notes": "",
    "state": "NH",
    "victim_id": "Child and Family Services of New Hampshire"
  }
}