{
  "action": {
    "error": {
      "notes": " [through Email]",
      "variety": [
        "Misdelivery"
      ],
      "vector": [
        "Unknown"
      ]
    }
  },
  "actor": {
    "internal": {
      "motive": [
        "NA"
      ],
      "variety": [
        "Unknown"
      ]
    }
  },
  "asset": {
    "assets": [
      {
        "variety": "S - File"
      }
    ]
  },
  "attribute": {
    "confidentiality": {
      "data": [
        {
          "variety": "Personal"
        }
      ],
      "data_disclosure": "Yes",
      "notes": "",
      "state": [
        "Transmitted"
      ]
    }
  },
  "discovery_method": "Unknown",
  "impact": {
    "overall_rating": "Unknown"
  },
  "incident_id": "2F2F5FF0-71CF-4504-8268-4051262DB679",
  "notes": "",
  "plus": {
    "analysis_status": "First pass",
    "analyst": "swidup",
    "asset": {
      "total": "No"
    },
    "attribute": {
      "confidentiality": {
        "credit_monitoring": "Y",
        "data_abuse": "U",
        "data_subject": "Customer"
      }
    },
    "created": "2013-02-06T02:51:03Z",
    "f500": "N",
    "master_id": "2F2F5FF0-71CF-4504-8268-4051262DB679",
    "timeline": {
      "notification": {
        "day": 23,
        "month": 8,
        "year": 2012
      }
    }
  },
  "reference": "http://oag.ca.gov/system/files/AG%20Data%20Breach%20Notice%20Letter%2008%2023%2012_0.pdf? ",
  "schema_version": "1.2.1",
  "security_incident": "Confirmed",
  "source_id": "vcdb",
  "summary": "I am writing to inform you that the John Stewart Company (\u201cJSCo\u201d) recently inadvertently included your name, social security number and, in some cases, birth date, in e-mails that were sent to various JSCo employees on August 7, 2012 and August 13, 2012. We regret this inadvertent disclosure and have taken immediate steps to (a) delete the e-mail from every computer to which it was sent, (b) prevent any similar event from occurring in the future, and (c) provide you with assistance to both protect your credit and deal with any issues that may arise from this inadvertent disclosure.",
  "timeline": {
    "incident": {
      "day": 7,
      "month": 8,
      "year": 2012
    }
  },
  "victim": {
    "country": "US",
    "employee_count": "1001 to 10000",
    "industry": "531210",
    "notes": "",
    "revenue": {
      "amount": 28890000,
      "iso_currency_code": "USD"
    },
    "state": "CA",
    "victim_id": "The John Stewart Company"
  }
}