{
  "action": {},
  "actor": {
    "unknown": {}
  },
  "asset": {
    "assets": [
      {
        "variety": "M - Documents"
      }
    ]
  },
  "attribute": {
    "confidentiality": {
      "data": [
        {
          "amount": 845,
          "variety": "Medical"
        }
      ],
      "data_disclosure": "Potentially",
      "data_total": 845
    }
  },
  "discovery_method": "Unknown",
  "impact": {
    "overall_rating": "Unknown"
  },
  "incident_id": "2F7B8440-BB96-46BE-8F97-EDC6300057E6",
  "plus": {
    "analysis_status": "First pass",
    "created": "2013-04-12T22:29:56Z",
    "master_id": "2F7B8440-BB96-46BE-8F97-EDC6300057E6",
    "timeline": {
      "notification": {}
    }
  },
  "schema_version": "1.2.1",
  "security_incident": "Confirmed",
  "source_id": "vcdb",
  "timeline": {
    "discovery": {
      "unit": "Months",
      "value": 3
    },
    "incident": {
      "day": 19,
      "month": 11,
      "year": 2010
    }
  },
  "victim": {
    "country": "US",
    "employee_count": "Unknown",
    "industry": "623110",
    "state": "In",
    "victim_id": "Manor Care of Indy (South), LLC"
  }
}