{
  "action": {
    "error": {
      "notes": "",
      "variety": [
        "Loss"
      ],
      "vector": [
        "Unknown"
      ]
    }
  },
  "actor": {
    "partner": {
      "country": [
        "US"
      ],
      "industry": "541513",
      "motive": [
        "NA"
      ],
      "notes": ""
    }
  },
  "asset": {
    "assets": [
      {
        "variety": "M - Flash drive"
      }
    ],
    "hosting": "External",
    "management": "External",
    "notes": ""
  },
  "attribute": {
    "availability": {
      "variety": [
        "Loss"
      ]
    },
    "confidentiality": {
      "data": [
        {
          "variety": "Personal"
        }
      ],
      "data_disclosure": "Potentially",
      "notes": "",
      "state": [
        "Stored"
      ]
    }
  },
  "discovery_method": "Unknown",
  "impact": {
    "overall_rating": "Unknown"
  },
  "incident_id": "2FB40B5D-E711-4DB9-996B-AE3D542C2552",
  "notes": "",
  "plus": {
    "analysis_status": "First pass",
    "analyst": "swidup",
    "asset": {
      "total": "No"
    },
    "attribute": {
      "confidentiality": {
        "credit_monitoring": "Y",
        "data_abuse": "U",
        "data_subject": "Customer"
      }
    },
    "created": "2013-04-29T22:29:11Z",
    "f500": "N",
    "master_id": "2FB40B5D-E711-4DB9-996B-AE3D542C2552",
    "timeline": {
      "notification": {
        "month": 4,
        "year": 2013
      }
    }
  },
  "reference": "http://oag.ca.gov/system/files/Form%20Individual%20Notification%20Letter_0.pdf?",
  "schema_version": "1.2.1",
  "security_incident": "Confirmed",
  "source_id": "vcdb",
  "summary": "CSC is a contractor for the State of North Carolina. In the course of performing services for the State, we put information from the Medicare Exclusion Database on a thumb drive. This information included your name, Social Security Number (SSN), federal tax Employer Identification Number (EIN), and date of birth. It also included other information from the database that is publicly available. In early March, we discovered the loss of this thumb drive in CSC facilities in Raleigh, North Carolina. Although not discovered until March, the thumb drive containing this information is believed to have been lost in late February.",
  "timeline": {
    "incident": {
      "month": 2,
      "year": 2013
    }
  },
  "victim": {
    "country": "US",
    "employee_count": "Unknown",
    "industry": "92",
    "notes": "",
    "state": "NC",
    "victim_id": "State of North Carolina"
  }
}