{
  "action": {
    "physical": {
      "location": [
        "Unknown"
      ],
      "variety": [
        "Theft"
      ],
      "vector": [
        "Unknown"
      ]
    }
  },
  "actor": {
    "external": {
      "country": [
        "Unknown"
      ],
      "motive": [
        "Financial"
      ],
      "variety": [
        "Unknown"
      ]
    }
  },
  "asset": {
    "assets": [
      {
        "variety": "U - Laptop"
      }
    ]
  },
  "attribute": {
    "availability": {
      "variety": [
        "Loss"
      ]
    },
    "confidentiality": {
      "data": [
        {
          "variety": "Personal"
        }
      ],
      "data_disclosure": "Potentially",
      "notes": "",
      "state": [
        "Stored unencrypted"
      ]
    }
  },
  "discovery_method": "Other",
  "impact": {
    "overall_rating": "Unknown"
  },
  "incident_id": "2FCEB5A2-BC6E-4936-987C-C77193D64203",
  "notes": "",
  "plus": {
    "analysis_status": "First pass",
    "analyst": "swidup",
    "asset": {
      "total": "No"
    },
    "attribute": {
      "confidentiality": {
        "credit_monitoring": "U",
        "data_abuse": "U",
        "data_subject": "Partner"
      }
    },
    "created": "2013-02-08T23:49:29Z",
    "f500": "N",
    "master_id": "2FCEB5A2-BC6E-4936-987C-C77193D64203",
    "timeline": {
      "notification": {
        "day": 15,
        "month": 11,
        "year": 2012
      }
    }
  },
  "reference": "http://doj.nh.gov/consumer/security-breaches/documents/sourcefire-20121115.pdf ",
  "schema_version": "1.2.1",
  "security_incident": "Confirmed",
  "source_id": "vcdb",
  "summary": "A company laptop was stolen on November 6, 2012. Through our investigation, we have determined that the password-protected laptop contained files that include information related to SourceFire employees, including name and Social Security number.",
  "timeline": {
    "incident": {
      "day": 6,
      "month": 11,
      "year": 2012
    }
  },
  "victim": {
    "country": "US",
    "employee_count": "101 to 1000",
    "industry": "511210",
    "notes": "",
    "revenue": {
      "amount": 165650000,
      "iso_currency_code": "USD"
    },
    "state": "MD",
    "victim_id": "SourceFire"
  }
}