{
  "action": {
    "misuse": {
      "notes": "",
      "variety": [
        "Knowledge abuse",
        "Embezzlement"
      ],
      "vector": [
        "Physical access"
      ]
    }
  },
  "actor": {
    "internal": {
      "motive": [
        "Financial"
      ],
      "notes": "",
      "variety": [
        "Cashier"
      ]
    }
  },
  "asset": {
    "assets": [
      {
        "variety": "M - Payment card"
      },
      {
        "variety": "P - Customer"
      }
    ],
    "notes": ""
  },
  "attribute": {
    "confidentiality": {
      "data": [
        {
          "amount": 1,
          "variety": "Payment"
        }
      ],
      "data_disclosure": "Yes",
      "data_total": 1,
      "notes": "",
      "state": [
        "Stored unencrypted"
      ]
    }
  },
  "discovery_method": "Other",
  "impact": {
    "overall_rating": "Unknown"
  },
  "incident_id": "2FE778A5-DEBE-4D59-BF2C-EB6E21D6D3AA",
  "notes": "",
  "plus": {
    "analysis_status": "First pass",
    "analyst": "swidup",
    "asset": {
      "total": "No"
    },
    "attribute": {
      "confidentiality": {
        "credit_monitoring": "U",
        "data_abuse": "Y",
        "data_subject": "Customer"
      }
    },
    "created": "2013-06-24T23:48:42Z",
    "f500": "Y",
    "master_id": "2FE778A5-DEBE-4D59-BF2C-EB6E21D6D3AA",
    "timeline": {
      "notification": {
        "day": 12,
        "month": 6,
        "year": 2013
      }
    }
  },
  "reference": "http://articles.sun-sentinel.com/2013-06-12/news/fl-greenacres-walmart-fraud-20130611_1_credit-card-personal-identification-information-customer",
  "schema_version": "1.2.1",
  "security_incident": "Confirmed",
  "source_id": "vcdb",
  "summary": "Nayeliz Soto told police she knew it was wrong to use credit card numbers stolen from customers to make more than $6,000 in purchases at the Greenacres Walmart where she worked.  But she wanted to help co-worker Nadia Saint Jean feed her children, according to Greenacres police.  Both women were arrested Monday at the Walmart, at 6294 Forest Hill Blvd., after a camera captured Soto writing down a customer's credit card information on May 22 and giving it to Saint Jean, who used it to buy two Visa gift cards, according to a Greenacres police arrest report.",
  "timeline": {
    "incident": {
      "month": 5,
      "year": 2013
    }
  },
  "victim": {
    "country": "US",
    "employee_count": "Over 100000",
    "industry": "452910",
    "notes": "",
    "revenue": {
      "amount": 469160000000,
      "iso_currency_code": "USD"
    },
    "state": "FL",
    "victim_id": "Walmart"
  }
}