{
  "action": {
    "hacking": {
      "notes": "",
      "variety": [
        "Unknown"
      ],
      "vector": [
        "Backdoor or C2"
      ]
    }
  },
  "actor": {
    "external": {
      "country": [
        "Unknown"
      ],
      "motive": [
        "Grudge"
      ],
      "variety": [
        "Activist"
      ]
    }
  },
  "asset": {
    "assets": [
      {
        "variety": "Unknown"
      }
    ]
  },
  "attribute": {
    "confidentiality": {
      "data": [
        {
          "variety": "Personal"
        },
        {
          "variety": "Internal"
        }
      ],
      "data_disclosure": "Potentially",
      "notes": "The information taken includes the site's database structure along with names, usernames, email addresses and password hashes. ",
      "state": [
        "Stored"
      ]
    }
  },
  "discovery_method": "Ext - actor disclosure",
  "impact": {
    "overall_rating": "Unknown"
  },
  "incident_id": "3009282C-BC59-43A2-AD32-6385ECEE5CD8",
  "notes": "",
  "plus": {
    "analysis_status": "First pass",
    "analyst": "abooker",
    "asset": {
      "total": "No"
    },
    "attribute": {
      "confidentiality": {
        "credit_monitoring": "U",
        "data_abuse": "Y",
        "data_subject": "Customer"
      }
    },
    "created": "2013-03-13T16:58:57Z",
    "f500": "U",
    "master_id": "3009282C-BC59-43A2-AD32-6385ECEE5CD8",
    "timeline": {
      "notification": {
        "day": 20,
        "month": 3,
        "year": 2012
      }
    }
  },
  "reference": "http://news.softpedia.com/news/International-Police-Association-Australia-Hacked-by-S3rver-exe-259635.shtml; http://www.vestabyjgs.com/?p=782 ",
  "schema_version": "1.2.1",
  "security_incident": "Confirmed",
  "source_id": "vcdb",
  "summary": "A hacker known as S3rver.exe managed to breach the official website of the International Police Association of Australia (ipa-australiapolice.com.au), defacing the Houses domain.",
  "timeline": {
    "incident": {
      "year": 2012
    }
  },
  "victim": {
    "country": "AU",
    "employee_count": "Unknown",
    "industry": "813990",
    "notes": "",
    "victim_id": "International Police Association of Australia"
  }
}