{
  "action": {
    "physical": {
      "location": [
        "Personal vehicle"
      ],
      "variety": [
        "Theft"
      ],
      "vector": [
        "Unknown"
      ]
    }
  },
  "actor": {
    "external": {
      "country": [
        "Unknown"
      ],
      "motive": [
        "Financial"
      ],
      "variety": [
        "Unknown"
      ]
    }
  },
  "asset": {
    "assets": [
      {
        "variety": "M - Documents"
      }
    ]
  },
  "attribute": {
    "availability": {
      "variety": [
        "Loss"
      ]
    },
    "confidentiality": {
      "data": [
        {
          "variety": "Medical"
        },
        {
          "variety": "Personal"
        }
      ],
      "data_disclosure": "Yes",
      "notes": "",
      "state": [
        "Stored"
      ]
    }
  },
  "discovery_method": "Int - reported by user",
  "impact": {
    "overall_rating": "Unknown"
  },
  "incident_id": "3035B23B-BF32-4745-BB6F-7D8C58E5254C",
  "notes": "",
  "plus": {
    "analysis_status": "First pass",
    "analyst": "swidup",
    "asset": {
      "total": "No"
    },
    "attribute": {
      "confidentiality": {
        "credit_monitoring": "N",
        "data_abuse": "U",
        "data_subject": "Patient"
      }
    },
    "created": "2013-02-06T16:27:46Z",
    "f500": "N",
    "master_id": "3035B23B-BF32-4745-BB6F-7D8C58E5254C",
    "timeline": {
      "notification": {
        "day": 1,
        "month": 6,
        "year": 2012
      }
    }
  },
  "reference": "http://oag.ca.gov/system/files/BR2012-014%20Breach%20Notification%20Letter_0.pdf?",
  "schema_version": "1.2.1",
  "security_incident": "Confirmed",
  "source_id": "vcdb",
  "summary": "After conducting a survey at the Bakersfield Memorial Hospital, an L&C employee mistakenly left the survey binder in an unattended vehicle.  Later, the vehicle was broken into and the survey binder was stolen.   The information exposed includes name, DOB, medications, room number and medical record number.",
  "timeline": {
    "incident": {
      "day": 7,
      "month": 5,
      "year": 2012
    }
  },
  "victim": {
    "country": "US",
    "employee_count": "Unknown",
    "industry": "921",
    "notes": "",
    "state": "CA",
    "victim_id": "California Department of Public Health"
  }
}