{
  "action": {
    "error": {
      "notes": " [through Web]",
      "variety": [
        "Publishing error"
      ],
      "vector": [
        "Unknown"
      ]
    }
  },
  "actor": {
    "internal": {
      "motive": [
        "NA"
      ],
      "variety": [
        "Other"
      ]
    }
  },
  "asset": {
    "assets": [
      {
        "variety": "S - File"
      }
    ]
  },
  "attribute": {
    "confidentiality": {
      "data": [
        {
          "amount": 842,
          "variety": "Medical"
        },
        {
          "amount": 147,
          "variety": "Personal"
        }
      ],
      "data_disclosure": "Potentially",
      "data_total": 842,
      "notes": "",
      "state": [
        "Stored unencrypted"
      ]
    }
  },
  "discovery_method": "Unknown",
  "impact": {
    "overall_rating": "Unknown"
  },
  "incident_id": "30A3B892-01E7-480E-ABA5-3DCA29D89D7F",
  "notes": "",
  "plus": {
    "analysis_status": "First pass",
    "analyst": "swidup",
    "asset": {
      "total": "No"
    },
    "attribute": {
      "confidentiality": {
        "credit_monitoring": "U",
        "data_abuse": "U",
        "data_subject": "Patient"
      }
    },
    "created": "2013-06-06T16:28:02Z",
    "f500": "N",
    "master_id": "30A3B892-01E7-480E-ABA5-3DCA29D89D7F",
    "timeline": {
      "notification": {
        "day": 26,
        "month": 4,
        "year": 2013
      }
    }
  },
  "reference": "http://www.deseretnews.com/article/865579041/Life-Flight-informs-patients-of-possible-confidential-information-breach.html",
  "schema_version": "1.2.1",
  "security_incident": "Confirmed",
  "source_id": "vcdb",
  "summary": "Patients flown by Life Flight helicopters during at least three months of 2004 were advised Friday that their personal information may have been compromised.  The information, collected from patients in April, May and June of that year, was inadvertently put on an employee website where it may have been accessed by individuals outside of the emergency transport company.",
  "timeline": {
    "incident": {
      "year": 2013
    }
  },
  "victim": {
    "country": "US",
    "employee_count": "Unknown",
    "industry": "485999",
    "notes": "",
    "state": "UT",
    "victim_id": "Life Flight"
  }
}