{
  "action": {
    "hacking": {
      "variety": [
        "Unknown"
      ],
      "vector": [
        "Unknown"
      ]
    }
  },
  "actor": {
    "external": {
      "country": [
        "Unknown"
      ],
      "motive": [
        "Unknown"
      ],
      "variety": [
        "Unknown"
      ]
    }
  },
  "asset": {
    "assets": [
      {
        "variety": "S - Other"
      }
    ]
  },
  "attribute": {
    "confidentiality": {
      "data": [
        {
          "amount": 1000,
          "variety": "Medical"
        }
      ],
      "data_disclosure": "Yes",
      "data_total": 1000
    }
  },
  "discovery_method": "Unknown",
  "impact": {
    "overall_rating": "Unknown"
  },
  "incident_id": "30ADD540-CB73-4D12-B69F-28BA20197B30",
  "plus": {
    "analysis_status": "First pass",
    "created": "2013-04-12T22:29:56Z",
    "master_id": "30ADD540-CB73-4D12-B69F-28BA20197B30",
    "timeline": {
      "notification": {}
    }
  },
  "schema_version": "1.2.1",
  "security_incident": "Confirmed",
  "source_id": "vcdb",
  "timeline": {
    "discovery": {
      "unit": "Months",
      "value": 4
    },
    "incident": {
      "day": 4,
      "month": 1,
      "year": 2011
    }
  },
  "victim": {
    "country": "US",
    "employee_count": "1 to 10",
    "industry": "621210",
    "state": "Md",
    "victim_id": "Gary C. Spinks, DMD, PC"
  }
}