{
  "action": {
    "error": {
      "notes": " [through Web]",
      "variety": [
        "Publishing error"
      ],
      "vector": [
        "Unknown"
      ]
    }
  },
  "actor": {
    "internal": {
      "motive": [
        "NA"
      ],
      "variety": [
        "End-user"
      ]
    }
  },
  "asset": {
    "assets": [
      {
        "variety": "S - File"
      }
    ]
  },
  "attribute": {
    "confidentiality": {
      "data": [
        {
          "amount": 14000,
          "variety": "Personal"
        }
      ],
      "data_disclosure": "Yes",
      "data_total": 14000,
      "notes": "Monitoring available upon request.",
      "state": [
        "Stored unencrypted"
      ]
    }
  },
  "discovery_method": "Unknown",
  "impact": {
    "overall_rating": "Unknown"
  },
  "incident_id": "30CB9C2A-F0E0-4D20-9B6F-6FC0668C06F7",
  "notes": "",
  "plus": {
    "analysis_status": "First pass",
    "analyst": "swidup",
    "asset": {
      "total": "No"
    },
    "attribute": {
      "confidentiality": {
        "credit_monitoring": "Y",
        "data_abuse": "U",
        "data_subject": "Student"
      }
    },
    "created": "2013-02-13T21:28:52Z",
    "f500": "N",
    "master_id": "30CB9C2A-F0E0-4D20-9B6F-6FC0668C06F7",
    "timeline": {
      "notification": {
        "year": 2012
      }
    }
  },
  "reference": "http://www.volstate.edu/securityID/, http://www.esecurityplanet.com/network-security/tennessee-community-college-acknowledges-massive-security-breach.html ",
  "schema_version": "1.2.1",
  "security_incident": "Confirmed",
  "source_id": "vcdb",
  "summary": "Some 14,000 Volunteer State Community College students and faculty are being notified that some of their personal data was placed on a web server. Based on a review of server logs, it is unlikely that the files have been accessed since 2008, outside of college personnel. Although it\u2019s possible that this data could have been accessed by unauthorized individuals on the web, campus officials say they have no direct evidence that it has been discovered or used by anyone maliciously.  There was no credit card or financial information in these files. This is not the main web server, but one where a course instructor would typically post course syllabi and other relevant academic information. A very limited number of faculty files were involved. The files contained names and Social Security numbers. The files were immediately removed from the web server. We want to reiterate that this information was not placed on Vol State\u2019s main site, www.volstate.edu. The server in question has been removed from the web.  We believe that most of the affected students are former students. Some of our instructors serve as an adjunct instructor at other institutions, so some information posted included a limited number of students attending other institutions. ",
  "timeline": {
    "compromise": {
      "unit": "Unknown"
    },
    "containment": {
      "unit": "Days"
    },
    "discovery": {
      "unit": "Years"
    },
    "exfiltration": {
      "unit": "Unknown"
    },
    "incident": {
      "year": 2008
    }
  },
  "victim": {
    "country": "US",
    "employee_count": "101 to 1000",
    "industry": "611210",
    "notes": "",
    "revenue": {
      "amount": 40000000,
      "iso_currency_code": "USD"
    },
    "state": "TN",
    "victim_id": "Volunteer State Community College"
  }
}