{
  "action": {
    "physical": {
      "location": [
        "Victim work area"
      ],
      "variety": [
        "Theft"
      ],
      "vector": [
        "Unknown"
      ]
    }
  },
  "actor": {
    "external": {
      "country": [
        "Unknown"
      ],
      "motive": [
        "Financial"
      ],
      "variety": [
        "Unaffiliated"
      ]
    }
  },
  "asset": {
    "assets": [
      {
        "variety": "U - Laptop"
      }
    ]
  },
  "attribute": {
    "availability": {
      "variety": [
        "Loss"
      ]
    },
    "confidentiality": {
      "data": [
        {
          "amount": 600,
          "variety": "Personal"
        }
      ],
      "data_disclosure": "Potentially",
      "data_total": 600,
      "notes": "",
      "state": [
        "Stored unencrypted"
      ]
    }
  },
  "discovery_method": "Int - reported by user",
  "impact": {
    "loss": [
      {
        "rating": "Unknown",
        "variety": "Asset and fraud"
      },
      {
        "rating": "Unknown",
        "variety": "Brand damage"
      },
      {
        "rating": "Unknown",
        "variety": "Business disruption"
      },
      {
        "rating": "Unknown",
        "variety": "Operating costs"
      },
      {
        "rating": "Unknown",
        "variety": "Legal and regulatory"
      },
      {
        "rating": "Unknown",
        "variety": "Competitive advantage"
      },
      {
        "rating": "Unknown",
        "variety": "Response and recovery"
      }
    ],
    "overall_rating": "Unknown"
  },
  "incident_id": "311179EA-D06F-4AC8-B9E7-7E5FE7B2A2D5",
  "notes": "",
  "plus": {
    "analysis_status": "First pass",
    "analyst": "blackfist",
    "asset": {
      "total": "No"
    },
    "attribute": {
      "confidentiality": {
        "credit_monitoring": "U",
        "data_abuse": "U",
        "data_subject": "Student"
      }
    },
    "created": "2013-02-19T03:46:01Z",
    "f500": "N",
    "master_id": "311179EA-D06F-4AC8-B9E7-7E5FE7B2A2D5",
    "timeline": {
      "notification": {
        "day": 2,
        "month": 4,
        "year": 2012
      }
    }
  },
  "reference": "http://www.cleveland.com/metro/index.ssf/2012/04/case_western_reserve_notifies.html (20130218) https://www.attevo.com/blog/600-alumni-of-case-western-reserve-university-involved-in-data-b/ (20130218)",
  "schema_version": "1.2.1",
  "security_incident": "Confirmed",
  "source_id": "vcdb",
  "summary": "Stolen laptop results in potentially exposed PII for 600 former students",
  "timeline": {
    "compromise": {
      "unit": "Unknown"
    },
    "containment": {
      "unit": "Unknown"
    },
    "discovery": {
      "unit": "Unknown"
    },
    "exfiltration": {
      "unit": "Unknown"
    },
    "incident": {
      "day": 12,
      "month": 2,
      "year": 2012
    }
  },
  "victim": {
    "country": "US",
    "employee_count": "1001 to 10000",
    "industry": "611310",
    "notes": "",
    "revenue": {
      "amount": 959000000,
      "iso_currency_code": "USD"
    },
    "state": "OH",
    "victim_id": "Case Western Reserve University"
  }
}