{
  "action": {
    "physical": {
      "location": [
        "Public vehicle"
      ],
      "variety": [
        "Theft"
      ],
      "vector": [
        "Unknown"
      ]
    }
  },
  "actor": {
    "external": {
      "country": [
        "Unknown"
      ],
      "motive": [
        "Financial"
      ],
      "variety": [
        "Unknown"
      ]
    }
  },
  "asset": {
    "assets": [
      {
        "variety": "M - Documents"
      }
    ]
  },
  "attribute": {
    "availability": {
      "variety": [
        "Loss"
      ]
    },
    "confidentiality": {
      "data": [
        {
          "amount": 683,
          "variety": "Personal"
        }
      ],
      "data_disclosure": "Yes",
      "data_total": 683,
      "notes": "",
      "state": [
        "Stored unencrypted"
      ]
    }
  },
  "discovery_method": "Int - reported by user",
  "impact": {
    "overall_rating": "Unknown"
  },
  "incident_id": "31209D67-E1A2-49A2-8C79-C4E43C77D165",
  "notes": "HHS Breach Tool",
  "plus": {
    "analysis_status": "First pass",
    "analyst": "swidup",
    "asset": {
      "total": "No"
    },
    "attribute": {
      "confidentiality": {
        "credit_monitoring": "U",
        "data_abuse": "U",
        "data_subject": "Customer"
      }
    },
    "created": "2013-04-05T21:43:47Z",
    "f500": "N",
    "master_id": "31209D67-E1A2-49A2-8C79-C4E43C77D165",
    "timeline": {
      "notification": {
        "day": 4,
        "month": 3,
        "year": 2010
      }
    }
  },
  "reference": "http://www.sbcounty.gov/dbh/announcments/2013/Breach.pdf",
  "schema_version": "1.2.1",
  "security_incident": "Confirmed",
  "source_id": "vcdb",
  "summary": "On January 12, 2013, a listing of DBH client information was stolen from the vehicle of a County of San Bernardino, Human Services (HS) employee.  The HS employee\u2019s vehicle was broken into on January 12, 2013, and amongst the items stolen from the vehicle was the list of DBH clients. A police report was immediately filed with the Highland division of the San Bernardino County Sheriff\u2019s Department. Although the list contained minimal information (first name, last name, date of birth and DBH Medical Record number and indication services are received from a DBH clinic), DBH wanted to let the affected clients as well as the public know of the incident.",
  "timeline": {
    "incident": {
      "day": 12,
      "month": 1,
      "year": 2013
    }
  },
  "victim": {
    "country": "US",
    "employee_count": "Unknown",
    "industry": "923120",
    "notes": "",
    "state": "CA",
    "victim_id": "San Bernardino Department of Behavioral Health"
  }
}