{
  "action": {},
  "actor": {},
  "asset": {
    "assets": [
      {
        "variety": "Unknown"
      }
    ]
  },
  "attribute": {
    "confidentiality": {
      "data": [
        {
          "variety": "Personal"
        }
      ],
      "data_disclosure": "Yes"
    }
  },
  "discovery_method": "Unknown",
  "incident_id": "31C5AD57-8017-4CFE-B51B-C546D3F2568D",
  "plus": {
    "analysis_status": "First pass",
    "created": "2013-09-10T20:13:32Z",
    "master_id": "31C5AD57-8017-4CFE-B51B-C546D3F2568D",
    "timeline": {
      "notification": {
        "day": 16,
        "month": 5,
        "year": 2013
      }
    }
  },
  "reference": "http://www.wqow.com/story/21996096/2013/04/16/weather-shield-employees-find-out-they-are-identity-theft-victims-once-again",
  "schema_version": "1.2.1",
  "security_incident": "Confirmed",
  "source_id": "vcdb",
  "summary": "A total of 55 current and former Weather Shield employees across the country discovered that someone had stolen their identities and filed fraudulent tax refunds.  Several employees who were victims of identity theft in 2012 discovered that they had been affected again when filing their taxes in April of 2013. It is unclear how the 2012 or 2013 breaches occurred.",
  "timeline": {
    "incident": {
      "year": 2012
    }
  },
  "victim": {
    "country": "US",
    "employee_count": "1001 to 10000",
    "industry": "321911",
    "state": "WI",
    "victim_id": "Weather Shield"
  }
}