{
  "action": {
    "physical": {
      "location": [
        "Partner facility"
      ],
      "notes": "",
      "variety": [
        "Theft"
      ],
      "vector": [
        "Bypassed controls"
      ]
    }
  },
  "actor": {
    "external": {
      "country": [
        "US"
      ],
      "motive": [
        "Financial"
      ],
      "notes": "",
      "variety": [
        "Unknown"
      ]
    }
  },
  "asset": {
    "assets": [
      {
        "variety": "M - Tapes"
      },
      {
        "variety": "M - Disk drive"
      }
    ],
    "hosting": "External",
    "management": "External",
    "notes": ""
  },
  "attribute": {
    "availability": {
      "variety": [
        "Loss"
      ]
    },
    "confidentiality": {
      "data": [
        {
          "variety": "Medical"
        },
        {
          "variety": "Personal"
        }
      ],
      "data_disclosure": "Potentially",
      "data_total": 55,
      "notes": "",
      "state": [
        "Stored unencrypted"
      ]
    }
  },
  "discovery_method": "Unknown",
  "impact": {
    "overall_rating": "Unknown"
  },
  "incident_id": "31DD567C-A743-4ACA-807C-79D05B3CB7C1",
  "notes": "This is another Impairment Resources incident.  ",
  "plus": {
    "analysis_status": "First pass",
    "analyst": "swidup",
    "asset": {
      "total": "No"
    },
    "attribute": {
      "confidentiality": {
        "credit_monitoring": "N",
        "data_abuse": "U",
        "data_subject": "Customer"
      }
    },
    "created": "2013-02-08T19:13:16Z",
    "f500": "N",
    "master_id": "31DD567C-A743-4ACA-807C-79D05B3CB7C1",
    "timeline": {
      "notification": {
        "day": 29,
        "month": 5,
        "year": 2012
      }
    }
  },
  "reference": "http://doj.nh.gov/consumer/security-breaches/documents/primex-20120529.pdf ",
  "schema_version": "1.2.1",
  "security_incident": "Confirmed",
  "source_id": "vcdb",
  "summary": "A tape and external drive were stolen from a partner.  Personal identifying and medical data for up to 14,000 workers comp claimants and auto insurance claimant were included after a burglary.",
  "timeline": {
    "incident": {
      "month": 12,
      "year": 2011
    }
  },
  "victim": {
    "country": "US",
    "employee_count": "11 to 100",
    "industry": "524126",
    "notes": "",
    "revenue": {
      "amount": 4700000,
      "iso_currency_code": "USD"
    },
    "state": "NH",
    "victim_id": "Primex"
  }
}