{
  "action": {
    "physical": {
      "location": [
        "Partner vehicle"
      ],
      "variety": [
        "Theft"
      ],
      "vector": [
        "Unknown"
      ]
    }
  },
  "actor": {
    "external": {
      "country": [
        "Unknown"
      ],
      "motive": [
        "Financial"
      ],
      "variety": [
        "Unknown"
      ]
    }
  },
  "asset": {
    "assets": [
      {
        "variety": "U - Laptop"
      }
    ]
  },
  "attribute": {
    "availability": {
      "variety": [
        "Loss"
      ]
    },
    "confidentiality": {
      "data": [
        {
          "variety": "Personal"
        }
      ],
      "data_disclosure": "Potentially",
      "notes": "",
      "state": [
        "Stored"
      ]
    }
  },
  "discovery_method": "Int - reported by user",
  "impact": {
    "overall_rating": "Unknown"
  },
  "incident_id": "31EA1BF8-978D-4A87-BB54-2E019D6B569E",
  "notes": "",
  "plus": {
    "analysis_status": "First pass",
    "analyst": "swidup",
    "asset": {
      "total": "No"
    },
    "attribute": {
      "confidentiality": {
        "credit_monitoring": "Y",
        "data_abuse": "U",
        "data_subject": "Partner"
      }
    },
    "created": "2013-02-05T19:05:54Z",
    "f500": "N",
    "master_id": "31EA1BF8-978D-4A87-BB54-2E019D6B569E",
    "timeline": {
      "notification": {
        "day": 16,
        "month": 11,
        "year": 2012
      }
    }
  },
  "reference": "http://oag.ca.gov/system/files/CA.FormNotce_0.PDF?",
  "schema_version": "1.2.1",
  "security_incident": "Confirmed",
  "source_id": "vcdb",
  "summary": "Laptop stolen from Partner CPA firm's vehicle.  It contained employee data including name, SSN, DOB and payroll information.",
  "timeline": {
    "incident": {
      "day": 10,
      "month": 10,
      "year": 2012
    }
  },
  "victim": {
    "country": "US",
    "employee_count": "101 to 1000",
    "industry": "541211",
    "notes": "",
    "revenue": {
      "amount": 16800000,
      "iso_currency_code": "USD"
    },
    "state": "NJ",
    "victim_id": "Accume Partners"
  }
}