{
  "action": {
    "hacking": {
      "notes": "",
      "variety": [
        "Unknown"
      ],
      "vector": [
        "Unknown"
      ]
    }
  },
  "actor": {
    "external": {
      "country": [
        "Unknown"
      ],
      "motive": [
        "Unknown"
      ],
      "variety": [
        "Unknown"
      ]
    }
  },
  "asset": {
    "assets": [
      {
        "variety": "Unknown"
      }
    ]
  },
  "attribute": {
    "confidentiality": {
      "data": [
        {
          "variety": "Personal"
        },
        {
          "variety": "Internal"
        }
      ],
      "data_disclosure": "Yes",
      "data_total": 132,
      "notes": "Names, usernames, email addresses and passwords dumped on the Internet",
      "state": [
        "Stored"
      ]
    }
  },
  "discovery_method": "Unknown",
  "impact": {
    "overall_rating": "Unknown"
  },
  "incident_id": "31F035FF-B2BE-4128-99DD-B56DDEBA9A9B",
  "notes": "",
  "plus": {
    "analysis_status": "First pass",
    "analyst": "abooker",
    "asset": {
      "total": "No"
    },
    "attribute": {
      "confidentiality": {
        "credit_monitoring": "U",
        "data_abuse": "Y",
        "data_subject": "Unknown"
      }
    },
    "created": "2013-03-18T14:08:59Z",
    "f500": "N",
    "master_id": "31F035FF-B2BE-4128-99DD-B56DDEBA9A9B",
    "timeline": {
      "notification": {
        "day": 17,
        "month": 5,
        "year": 2012
      }
    }
  },
  "reference": "http://www.efortresses.com/2012-Breaches-Matrix.htm ",
  "schema_version": "1.2.1",
  "security_incident": "Confirmed",
  "source_id": "vcdb",
  "summary": "Names, usernames, email addresses and passwords dumped on the Internet",
  "timeline": {
    "incident": {
      "year": 2012
    }
  },
  "victim": {
    "country": "CA",
    "employee_count": "Unknown",
    "industry": "611519",
    "notes": "Technically, the LDRC is based in Ontario, Canada with our server and development team located in the city of Toronto. But, because the LDRC is a virtual organization, we are not restricted to serving individuals from a specific region or locale. Many of us are members of the University of Toronto's Adaptive Technology Resource Centre (ATRC) research and development team. Our location/mailing address is:  LDRC Adaptive Technology Resource Centre University of Toronto 130 St. George St. First Floor Toronto, Ontario Canada, M5S 3H1",
    "victim_id": "Learning Disabilities Resource Community"
  }
}