{
  "action": {
    "error": {
      "notes": " [through Mail]",
      "variety": [
        "Misdelivery"
      ],
      "vector": [
        "Unknown"
      ]
    }
  },
  "actor": {
    "internal": {
      "motive": [
        "NA"
      ],
      "variety": [
        "End-user"
      ]
    }
  },
  "asset": {
    "assets": [
      {
        "variety": "M - Documents"
      }
    ]
  },
  "attribute": {
    "confidentiality": {
      "data": [
        {
          "amount": 700,
          "variety": "Personal"
        }
      ],
      "data_disclosure": "Yes",
      "data_total": 700,
      "notes": "",
      "state": [
        "Stored unencrypted"
      ]
    }
  },
  "discovery_method": "Unknown",
  "impact": {
    "overall_rating": "Unknown"
  },
  "incident_id": "31F5693C-B409-448B-AA0E-716ECD09FD90",
  "notes": "",
  "plus": {
    "analysis_status": "First pass",
    "analyst": "swidup",
    "asset": {
      "total": "No"
    },
    "attribute": {
      "confidentiality": {
        "credit_monitoring": "U",
        "data_abuse": "U",
        "data_subject": "Patient"
      }
    },
    "created": "2013-07-02T16:29:55Z",
    "f500": "N",
    "master_id": "31F5693C-B409-448B-AA0E-716ECD09FD90",
    "timeline": {
      "notification": {
        "day": 26,
        "month": 3,
        "year": 2013
      }
    }
  },
  "reference": "http://www.beckershospitalreview.com/healthcare-information-technology/texas-tech-data-breach-could-affect-700-patients.html, http://www.esecurityplanet.com/network-security/texas-tech-university-health-sciences-center-admits-data-breach.html",
  "schema_version": "1.2.1",
  "security_incident": "Confirmed",
  "source_id": "vcdb",
  "summary": "Texas Tech University Health Sciences Center has announced a data breach that could affect approximately 700 patients, according to an eSecurity Planet report.  The error occurred on Feb. 18 while processing billing statements for around 700 patients. Their billing statements were mistakenly sent to the mailing addresses of other patients. The information exposed included patients' names, account numbers, invoice numbers, charge amounts and total account balances.  Letters have been sent to the affected patients notifying them of the breach, according to the report. ",
  "timeline": {
    "incident": {
      "day": 18,
      "month": 2,
      "year": 2013
    }
  },
  "victim": {
    "country": "US",
    "employee_count": "1001 to 10000",
    "industry": "611310",
    "notes": "",
    "revenue": {
      "amount": 452400000,
      "iso_currency_code": "USD"
    },
    "state": "TX",
    "victim_id": "Texas Tech University Health Sciences Center"
  }
}