{
  "action": {
    "hacking": {
      "notes": "\"a malicious user added a file to our server\"",
      "variety": [
        "Unknown"
      ],
      "vector": [
        "Web application"
      ]
    }
  },
  "actor": {
    "external": {
      "country": [
        "Unknown"
      ],
      "motive": [
        "Financial"
      ],
      "variety": [
        "Unknown"
      ]
    }
  },
  "asset": {
    "assets": [
      {
        "variety": "S - Web application"
      }
    ]
  },
  "attribute": {
    "confidentiality": {
      "data": [
        {
          "variety": "Payment"
        }
      ],
      "data_disclosure": "Yes",
      "notes": "",
      "state": [
        "Stored"
      ]
    }
  },
  "discovery_method": "Unknown",
  "impact": {
    "loss": [
      {
        "rating": "Unknown",
        "variety": "Asset and fraud"
      },
      {
        "rating": "Unknown",
        "variety": "Brand damage"
      },
      {
        "rating": "Unknown",
        "variety": "Business disruption"
      },
      {
        "rating": "Unknown",
        "variety": "Operating costs"
      },
      {
        "rating": "Unknown",
        "variety": "Legal and regulatory"
      },
      {
        "rating": "Unknown",
        "variety": "Competitive advantage"
      },
      {
        "rating": "Unknown",
        "variety": "Response and recovery"
      }
    ],
    "overall_rating": "Unknown"
  },
  "incident_id": "3298E1F5-BAD2-462B-B32E-BCE1C5027D92",
  "notes": "",
  "plus": {
    "analysis_status": "First pass",
    "analyst": "swidup",
    "asset": {
      "total": "No"
    },
    "attribute": {
      "confidentiality": {
        "credit_monitoring": "Y",
        "data_abuse": "U",
        "data_subject": ""
      }
    },
    "created": "2013-02-05T00:33:59Z",
    "f500": "U",
    "master_id": "3298E1F5-BAD2-462B-B32E-BCE1C5027D92",
    "timeline": {
      "notification": {
        "day": 10,
        "month": 12,
        "year": 2012
      }
    }
  },
  "reference": "http://oag.ca.gov/ecrime/databreach/reports/sb24-37224, http://doj.nh.gov/consumer/security-breaches/documents/wilton-brands-20121212.pdf, http://www.atg.state.vt.us/issues/consumer-protection/privacy-and-Data-Security/documents-and-resources5/wilton-brands-llc-security-breach-notice-letter-to-consumer.php ",
  "schema_version": "1.2.1",
  "security_incident": "Confirmed",
  "source_id": "vcdb",
  "summary": "On or about October 31, 2012 a service provider of Wilton discovered that a malicious user had added a file to a computer server that hosts www.wilton.com and www.copco.com. During the period of July 19, 2012-October 2, 2012 this activity resulted in the malicious user being able to view some Wilton/Copco user information, including name, address, city, state, telephone, and payment card information, including card number, expiration date and security codes (e.g. CVV2/CVC2/CID). We believe that your personal information could have been accessed as a result of this incident.",
  "timeline": {
    "compromise": {
      "unit": "Unknown"
    },
    "containment": {
      "unit": "Unknown"
    },
    "discovery": {
      "unit": "Unknown"
    },
    "exfiltration": {
      "unit": "Unknown"
    },
    "incident": {
      "year": 2012
    }
  },
  "victim": {
    "country": "US",
    "employee_count": "1001 to 10000",
    "industry": "332215",
    "notes": "www.wilton.com and www.copco.com were affected",
    "revenue": {
      "amount": 119500000,
      "iso_currency_code": "USD"
    },
    "state": "IL",
    "victim_id": "Wilton Brands"
  }
}