{
  "action": {
    "misuse": {
      "notes": "",
      "variety": [
        "Privilege abuse"
      ],
      "vector": [
        "LAN access"
      ]
    }
  },
  "actor": {
    "internal": {
      "motive": [
        "Financial"
      ],
      "notes": "",
      "variety": [
        "End-user"
      ]
    }
  },
  "asset": {
    "assets": [
      {
        "variety": "S - Database"
      }
    ],
    "hosting": "External",
    "management": "External",
    "notes": ""
  },
  "attribute": {
    "confidentiality": {
      "data": [
        {
          "amount": 3700,
          "variety": "Personal"
        }
      ],
      "data_disclosure": "Yes",
      "data_total": 3700,
      "notes": "",
      "state": [
        "Stored"
      ]
    }
  },
  "discovery_method": "Int - IT audit",
  "impact": {
    "overall_rating": "Unknown"
  },
  "incident_id": "32B511FC-EE16-4F2F-A95E-5963851B603B",
  "notes": "",
  "plus": {
    "analysis_status": "First pass",
    "analyst": "swidup",
    "asset": {
      "total": "No"
    },
    "attribute": {
      "confidentiality": {
        "credit_monitoring": "U",
        "data_abuse": "Y",
        "data_subject": "Customer"
      }
    },
    "created": "2013-02-22T00:50:01Z",
    "f500": "N",
    "master_id": "32B511FC-EE16-4F2F-A95E-5963851B603B",
    "timeline": {
      "notification": {
        "day": 28,
        "month": 4,
        "year": 2012
      }
    }
  },
  "reference": "http://www.kare11.com/news/article/974638/391/Personal-information-of-3700-Minnesota-drivers-leaked ",
  "schema_version": "1.2.1",
  "security_incident": "Confirmed",
  "source_id": "vcdb",
  "summary": "The Minnesota Department of Public Safety Driver and Vehicle Services (DVS) announced Friday that the personal information of 3,700 licensed Minnesota drivers has been compromised.  An internal audit revealed the illegal access. DVS says there are no indications that the data is being used for criminal purposes, but the agency is sending letters to affected individuals to make them aware of the breech.  The DVS says an audit revealed that an employee at a Minnesota car dealer who was authorized to access vehicle data to process consumer sales allegedly provided his system login information to a friend who worked at a vehicle repossession company.  That individual, who did not have authorization to access Minnesota vehicle records, either viewed the data or allowed others within the company to view it. ",
  "timeline": {
    "incident": {
      "year": 2012
    }
  },
  "victim": {
    "country": "US",
    "employee_count": "Unknown",
    "industry": "926120",
    "notes": "",
    "state": "MN",
    "victim_id": "Minnesota Department of Public Safety Driver and Vehicle Services (DVS)"
  }
}