{
  "action": {
    "misuse": {
      "variety": [
        "Privilege abuse"
      ],
      "vector": [
        "LAN access"
      ]
    }
  },
  "actor": {
    "internal": {
      "motive": [
        "Financial"
      ],
      "variety": [
        "Other"
      ]
    }
  },
  "asset": {
    "assets": [
      {
        "variety": "S - Database"
      }
    ]
  },
  "attribute": {
    "confidentiality": {
      "data": [
        {
          "amount": 3700,
          "variety": "Medical"
        }
      ],
      "data_disclosure": "Yes",
      "data_total": 3700,
      "notes": "",
      "state": [
        "Stored"
      ]
    },
    "integrity": {
      "notes": "",
      "variety": [
        "Fraudulent transaction"
      ]
    }
  },
  "discovery_method": "Unknown",
  "impact": {
    "overall_rating": "Unknown"
  },
  "incident_id": "32F4DDA3-EEBC-40B2-8815-A30CD20C35EA",
  "notes": "",
  "plus": {
    "analysis_status": "First pass",
    "analyst": "swidup",
    "asset": {
      "total": "No"
    },
    "attribute": {
      "confidentiality": {
        "credit_monitoring": "U",
        "data_abuse": "Y",
        "data_subject": "Patient"
      }
    },
    "created": "2013-08-22T23:05:24Z",
    "f500": "U",
    "master_id": "32F4DDA3-EEBC-40B2-8815-A30CD20C35EA",
    "timeline": {
      "notification": {
        "day": 8,
        "month": 8,
        "year": 2013
      }
    }
  },
  "reference": "http://hamptonroads.com/2013/08/two-former-sentara-workers-charged-identity-theft; http://hamptonroads.com/2013/10/sentara-employees-took-info-3700-beach-patients, ",
  "schema_version": "1.2.1",
  "security_incident": "Confirmed",
  "source_id": "vcdb",
  "summary": " Two former Sentara Healthcare nurse's aides were indicted Wednesday on charges of stealing the identities of at least a dozen patients as part of an elaborate scheme that netted more than $116,000 in fraudulent tax refunds.  Festus Ighalo, 36, of Virginia Beach and Emmanuel Effiong, 35, of Dallas, Texas, are charged with conspiracy to defraud the government, conspiracy to commit wire fraud and numerous counts of aggravated identity theft.  Effiong maintains his innocence, according to his attorney, Paul Todd Sartwell. He said that the two men were roommates in Virginia Beach, but that Effiong moved to Texas about the time the alleged scheme began.   The 47-count indictment doesn\u2019t specify where \u00adIghalo and Effiong worked, but several of the victims were patients at Sentara Virginia Beach General Hospital. All were patients of Sentara medical facilities in Virginia Beach, documents said.  According to the Virginia Department of Health Professions, both men were licensed last year as nurse\u2019s aides. \u00adIghalo\u2019s license remains in good standing.  The scheme stretched from about September 2011 through April 2013, the indictment said. The men would take names, birth dates and Social Security numbers and give them to other people. Those accomplices, not identified in the indictment, would file false income tax returns collect refunds.",
  "timeline": {
    "discovery": {
      "unit": "Years"
    },
    "incident": {
      "month": 9,
      "year": 2011
    }
  },
  "victim": {
    "country": "US",
    "employee_count": "Unknown",
    "industry": "0000",
    "notes": "",
    "state": "VA",
    "victim_id": "Sentara General Hospital."
  }
}