{
  "action": {
    "error": {
      "notes": " [through ]",
      "variety": [
        "Misdelivery"
      ],
      "vector": [
        "Unknown"
      ]
    }
  },
  "actor": {
    "internal": {
      "motive": [
        "NA"
      ],
      "variety": [
        "Unknown"
      ]
    }
  },
  "asset": {
    "assets": [
      {
        "variety": "M - Documents"
      }
    ]
  },
  "attribute": {
    "confidentiality": {
      "data": [
        {
          "amount": 1,
          "variety": "Medical"
        },
        {
          "amount": 1,
          "variety": "Personal"
        }
      ],
      "data_disclosure": "Yes",
      "data_total": 1,
      "notes": "",
      "state": [
        "Stored unencrypted"
      ]
    }
  },
  "discovery_method": "Unknown",
  "impact": {
    "overall_rating": "Unknown"
  },
  "incident_id": "338BA78D-EF7B-4E6C-8085-2EFD4165285B",
  "notes": "",
  "plus": {
    "analysis_status": "First pass",
    "analyst": "swidup",
    "asset": {
      "total": "No"
    },
    "attribute": {
      "confidentiality": {
        "credit_monitoring": "N",
        "data_abuse": "N",
        "data_subject": "Patient"
      }
    },
    "created": "2013-04-29T21:40:56Z",
    "f500": "N",
    "master_id": "338BA78D-EF7B-4E6C-8085-2EFD4165285B",
    "timeline": {
      "notification": {
        "day": 22,
        "month": 4,
        "year": 2013
      }
    }
  },
  "reference": "http://oag.ca.gov/system/files/OAG%20PHI%20BREACH%20SAMPLE%20NOTICE_0.pdf?",
  "schema_version": "1.2.1",
  "security_incident": "Confirmed",
  "source_id": "vcdb",
  "summary": "One copy of XX\u2019s confidential psychological assessment report containing [patient\u2019s] name; date of birth; current placement history; developmental and psychological treatment history; limited family history; educational history; current psychological concerns; testing data, interpretation, results, and treatment recommendations was incorrectly faxed to an unintended recipient on April 16, 2013. The error resulted from an incorrect fax number entered onto the fax cover sheet (the intended number ended in 0842, while the unintended number ended in 0843). The unintended recipient notified the sender of the information that the fax was incorrectly delivered and the unintended recipient acknowledged that the fax was shredded. The fax was then correctly delivered and receipt was confirmed.",
  "timeline": {
    "incident": {
      "day": 16,
      "month": 4,
      "year": 2013
    }
  },
  "victim": {
    "country": "US",
    "employee_count": "101 to 1000",
    "industry": "621420",
    "notes": "",
    "revenue": {
      "amount": 11240000,
      "iso_currency_code": "USD"
    },
    "state": "CA",
    "victim_id": "WestCoast Children's Clinic"
  }
}