{
  "action": {
    "error": {
      "notes": "Including non-essential private data with proof of claim.",
      "variety": [
        "Publishing error"
      ],
      "vector": [
        "Unknown"
      ]
    }
  },
  "actor": {
    "internal": {
      "motive": [
        "NA"
      ],
      "notes": "",
      "variety": [
        "Finance"
      ]
    }
  },
  "asset": {
    "assets": [
      {
        "variety": "M - Documents"
      }
    ],
    "notes": ""
  },
  "attribute": {
    "confidentiality": {
      "data": [
        {
          "variety": "Medical"
        },
        {
          "variety": "Personal"
        }
      ],
      "data_disclosure": "Yes",
      "notes": "# of customers/patients affected not disclosed.",
      "state": [
        "Unknown"
      ]
    }
  },
  "discovery_method": "Unknown",
  "impact": {
    "overall_rating": "Unknown"
  },
  "incident_id": "33F98FAB-6D50-42D7-9B85-2CA264764FAD",
  "notes": "",
  "plus": {
    "analysis_status": "First pass",
    "analyst": "Splitler",
    "asset": {
      "total": "No"
    },
    "attribute": {
      "confidentiality": {
        "credit_monitoring": "U",
        "data_abuse": "N",
        "data_subject": ""
      }
    },
    "created": "2013-03-14T21:16:46Z",
    "f500": "N",
    "master_id": "33F98FAB-6D50-42D7-9B85-2CA264764FAD",
    "timeline": {
      "notification": {
        "day": 23,
        "month": 3,
        "year": 2012
      }
    }
  },
  "reference": "http://www.dukehealth.org/health_library/news/notice-to-patients-who-previously-filed-chapter-13-bankrupty",
  "schema_version": "1.2.1",
  "security_incident": "Confirmed",
  "source_id": "vcdb",
  "summary": "Billing department included patient PII and medical information with proofs of claim submitted when patients had filed for bankruptcy and it was necessary to prove legitimacy of debt.",
  "timeline": {
    "compromise": {
      "unit": "NA"
    },
    "containment": {
      "unit": "Months"
    },
    "discovery": {
      "unit": "Unknown"
    },
    "exfiltration": {
      "unit": "NA"
    },
    "incident": {
      "month": 1,
      "year": 2012
    }
  },
  "victim": {
    "country": "US",
    "employee_count": "10001 to 25000",
    "industry": "622110",
    "notes": "",
    "revenue": {
      "amount": 3000000000,
      "iso_currency_code": "USD"
    },
    "state": "NC",
    "victim_id": "Duke University Health System"
  }
}