{
  "action": {
    "hacking": {
      "notes": "in support of Anonymous Sweden",
      "variety": [
        "SQLi"
      ],
      "vector": [
        "Web application"
      ]
    }
  },
  "actor": {
    "external": {
      "country": [
        "Unknown"
      ],
      "motive": [
        "Fun"
      ],
      "variety": [
        "Activist"
      ]
    }
  },
  "asset": {
    "assets": [
      {
        "variety": "S - Web application"
      }
    ]
  },
  "attribute": {
    "confidentiality": {
      "data": [
        {
          "variety": "Unknown"
        }
      ],
      "data_disclosure": "Potentially",
      "notes": "The report states that the hacker \"didn't leak any data because it was all unencrypted and he feared that it may cause problems to a lot of individuals.\"",
      "state": [
        "Stored unencrypted"
      ]
    },
    "integrity": {
      "variety": [
        "Misappropriation"
      ]
    }
  },
  "discovery_method": "Ext - actor disclosure",
  "impact": {
    "overall_rating": "Unknown"
  },
  "incident_id": "3409F9D5-44C1-4CE1-A975-EE9090B91590",
  "notes": "",
  "plus": {
    "analysis_status": "First pass",
    "analyst": "swidup",
    "asset": {
      "total": "No"
    },
    "attribute": {
      "confidentiality": {
        "credit_monitoring": "U",
        "data_abuse": "U",
        "data_subject": "Unknown"
      }
    },
    "created": "2013-02-11T22:16:44Z",
    "f500": "N",
    "master_id": "3409F9D5-44C1-4CE1-A975-EE9090B91590",
    "timeline": {
      "notification": {
        "day": 28,
        "month": 2,
        "year": 2012
      }
    }
  },
  "reference": "http://news.softpedia.com/news/Sweden-s-Kalmar-Airport-Hacked-by-Sepo-255578.shtml ",
  "schema_version": "1.2.1",
  "security_incident": "Confirmed",
  "source_id": "vcdb",
  "summary": "After identifying an SQL injection vulnerability in the site (kalmarairport.com), the hacker gained unauthorized access, but didn\u2019t cause any damage. He simply published some information from their server to prove that he gained access.",
  "timeline": {
    "incident": {
      "day": 28,
      "month": 2,
      "year": 2012
    }
  },
  "victim": {
    "country": "SE",
    "employee_count": "11 to 100",
    "industry": "481111",
    "notes": "",
    "revenue": {
      "amount": 5050000,
      "iso_currency_code": "USD"
    },
    "victim_id": "Kalmar Airport"
  }
}