{
  "action": {
    "misuse": {
      "variety": [
        "Privilege abuse"
      ],
      "vector": [
        "LAN access"
      ]
    }
  },
  "actor": {
    "internal": {
      "motive": [
        "Unknown"
      ],
      "variety": [
        "End-user"
      ]
    }
  },
  "asset": {
    "assets": [
      {
        "variety": "Unknown"
      }
    ]
  },
  "attribute": {
    "confidentiality": {
      "data": [
        {
          "variety": "Personal"
        }
      ],
      "data_disclosure": "Yes",
      "notes": "",
      "state": [
        "Stored"
      ]
    }
  },
  "discovery_method": "Unknown",
  "impact": {
    "overall_rating": "Unknown"
  },
  "incident_id": "341E1FB3-72A5-4F2C-9B65-77213DEFF69F",
  "notes": "",
  "plus": {
    "analysis_status": "First pass",
    "analyst": "swidup",
    "asset": {
      "total": "No"
    },
    "attribute": {
      "confidentiality": {
        "credit_monitoring": "N",
        "data_abuse": "U",
        "data_subject": "Unknown"
      }
    },
    "created": "2013-02-09T05:15:47Z",
    "f500": "N",
    "master_id": "341E1FB3-72A5-4F2C-9B65-77213DEFF69F",
    "timeline": {
      "notification": {
        "day": 13,
        "month": 11,
        "year": 2012
      }
    }
  },
  "reference": "http://doj.nh.gov/consumer/security-breaches/documents/sprechman-20121113.pdf, http://www.atg.state.vt.us/issues/consumer-protection/privacy-and-Data-Security/documents-and-resources5/sprechman-and-assoc-security-breach-notice-ltr-to-consumer.php ",
  "schema_version": "1.2.1",
  "security_incident": "Confirmed",
  "source_id": "vcdb",
  "summary": "a former employee of the company may have viewed names addresses dates of birth and Social Security numbers without permission.",
  "timeline": {
    "incident": {
      "year": 2012
    }
  },
  "victim": {
    "country": "US",
    "employee_count": "11 to 100",
    "industry": "541110",
    "notes": "",
    "revenue": {
      "amount": 6600000,
      "iso_currency_code": "USD"
    },
    "state": "FL",
    "victim_id": "Sprechman & Associates"
  }
}