{
  "action": {
    "error": {
      "notes": "Email",
      "variety": [
        "Publishing error"
      ],
      "vector": [
        "Unknown"
      ]
    }
  },
  "actor": {
    "internal": {
      "motive": [
        "NA"
      ],
      "variety": [
        "End-user"
      ]
    }
  },
  "asset": {
    "assets": [
      {
        "variety": "S - Web application"
      }
    ]
  },
  "attribute": {
    "confidentiality": {
      "data": [
        {
          "variety": "Personal"
        }
      ],
      "data_disclosure": "Potentially",
      "data_total": 430
    }
  },
  "discovery_method": "Unknown",
  "incident_id": "343E62FE-8506-414C-8CA1-FD144CDB8208",
  "plus": {
    "analysis_status": "First pass",
    "created": "2013-09-10T20:13:32Z",
    "master_id": "343E62FE-8506-414C-8CA1-FD144CDB8208",
    "timeline": {
      "notification": {
        "day": 24,
        "month": 1,
        "year": 2013
      }
    }
  },
  "reference": "http://www.dennews.com/news/e-number-spreadsheet-leaked/article_de603692-65e5-11e2-81ac-001a4bcf6878.html",
  "schema_version": "1.2.1",
  "security_incident": "Confirmed",
  "source_id": "vcdb",
  "summary": "At least 65 students received information about the grade point average of 430 students during early January 2013.  The breach occurred when a spreadsheet that contained the information and the E-number of 430 students was accidentally made available online.  ",
  "timeline": {
    "incident": {
      "month": 1,
      "year": 2013
    }
  },
  "victim": {
    "country": "US",
    "employee_count": "1001 to 10000",
    "industry": "611310",
    "state": "IL",
    "victim_id": "Eastern Illinois University"
  }
}