{
  "action": {
    "physical": {
      "location": [
        "Personal residence"
      ],
      "variety": [
        "Theft"
      ],
      "vector": [
        "Unknown"
      ]
    }
  },
  "actor": {
    "external": {
      "country": [
        "Unknown"
      ],
      "motive": [
        "Financial"
      ],
      "variety": [
        "Unknown"
      ]
    }
  },
  "asset": {
    "assets": [
      {
        "variety": "U - Laptop"
      }
    ]
  },
  "attribute": {
    "availability": {
      "variety": [
        "Loss"
      ]
    },
    "confidentiality": {
      "data": [
        {
          "amount": 2435,
          "variety": "Personal"
        }
      ],
      "data_disclosure": "Potentially",
      "data_total": 2435,
      "notes": "",
      "state": [
        "Stored unencrypted"
      ]
    }
  },
  "discovery_method": "Unknown",
  "impact": {
    "overall_rating": "Unknown"
  },
  "incident_id": "34B43110-E96B-401F-B91A-E46C80D9DA96",
  "notes": "",
  "plus": {
    "analysis_status": "First pass",
    "analyst": "swidup",
    "asset": {
      "total": "No"
    },
    "attribute": {
      "confidentiality": {
        "credit_monitoring": "Y",
        "data_abuse": "U",
        "data_subject": "Patient"
      }
    },
    "created": "2013-06-26T18:06:38Z",
    "f500": "N",
    "master_id": "34B43110-E96B-401F-B91A-E46C80D9DA96",
    "timeline": {
      "notification": {
        "day": 31,
        "month": 5,
        "year": 2013
      }
    }
  },
  "reference": "http://www.phiprivacy.net/?p=12891",
  "schema_version": "1.2.1",
  "security_incident": "Confirmed",
  "source_id": "vcdb",
  "summary": "On May 7, 2013, Independence Care System, a managed long-term care plan serving senior adults and people with disabilities in New York City, discovered that, during a burglary at the home of a staff member, an ICS laptop containing information regarding 2,435 members was stolen.  For nearly 60% of the affected members, the information included the member\u2019s name, zip code and ICS Member ID number; for the remainder, the information also included the member\u2019s street address, phone number, Medicaid ID number, and enrollment and/or disenrollment dates. No medical, financial or Social Security Number information was contained on the laptop.  This press release is being issued in compliance with Health Insurance Portability and Accountability Act (HIPAA) regulations.  ICS has offered one year of free credit monitoring to affected members.",
  "timeline": {
    "incident": {
      "day": 7,
      "month": 5,
      "year": 2013
    }
  },
  "victim": {
    "country": "US",
    "employee_count": "1 to 10",
    "industry": "541618",
    "notes": "",
    "revenue": {
      "amount": 95310000,
      "iso_currency_code": "USD"
    },
    "state": "NY",
    "victim_id": "Independence Care System"
  }
}