{
  "action": {
    "error": {
      "notes": " [through Email]",
      "variety": [
        "Publishing error"
      ],
      "vector": [
        "Unknown"
      ]
    }
  },
  "actor": {
    "internal": {
      "motive": [
        "NA"
      ],
      "variety": [
        "End-user"
      ]
    }
  },
  "asset": {
    "assets": [
      {
        "variety": "M - Documents"
      }
    ]
  },
  "attribute": {
    "confidentiality": {
      "data": [
        {
          "amount": 1300,
          "variety": "Personal"
        }
      ],
      "data_disclosure": "Yes",
      "data_total": 1300,
      "notes": "",
      "state": [
        "Stored unencrypted"
      ]
    }
  },
  "discovery_method": "Ext - customer",
  "impact": {
    "loss": [
      {
        "rating": "Minor",
        "variety": "Asset and fraud"
      },
      {
        "rating": "Minor",
        "variety": "Brand damage"
      },
      {
        "rating": "Minor",
        "variety": "Business disruption"
      },
      {
        "rating": "Minor",
        "variety": "Operating costs"
      },
      {
        "rating": "Minor",
        "variety": "Legal and regulatory"
      },
      {
        "rating": "Minor",
        "variety": "Competitive advantage"
      },
      {
        "rating": "Minor",
        "variety": "Response and recovery"
      }
    ],
    "overall_rating": "Unknown"
  },
  "incident_id": "352C5EC1-0508-41D5-AE58-AF053F38C47C",
  "notes": "",
  "plus": {
    "analysis_status": "First pass",
    "analyst": "blackfist",
    "asset": {
      "total": "No"
    },
    "attribute": {
      "confidentiality": {
        "credit_monitoring": "N",
        "data_abuse": "U",
        "data_subject": "Student"
      }
    },
    "created": "2013-02-12T21:20:57Z",
    "f500": "N",
    "master_id": "352C5EC1-0508-41D5-AE58-AF053F38C47C",
    "timeline": {
      "notification": {
        "day": 12,
        "month": 3,
        "year": 2012
      }
    }
  },
  "reference": "http://www.heraldextra.com/news/local/education/college/byu-students-information-released-accidentally/article_b7e5695d-6f00-54a8-8c3c-e7bca51b99fe.html (20130212)",
  "schema_version": "1.2.1",
  "security_incident": "Confirmed",
  "source_id": "vcdb",
  "summary": "Email sent to students accidentally contains non-public data for all recipients of the message.",
  "timeline": {
    "compromise": {
      "unit": "NA"
    },
    "containment": {
      "unit": "Unknown"
    },
    "discovery": {
      "unit": "Unknown"
    },
    "exfiltration": {
      "unit": "NA"
    },
    "incident": {
      "day": 12,
      "month": 3,
      "year": 2012
    }
  },
  "victim": {
    "country": "US",
    "employee_count": "1001 to 10000",
    "industry": "6113",
    "notes": "",
    "state": "UT",
    "victim_id": "Bringham Young University"
  }
}