{
  "action": {
    "error": {
      "notes": "Programming error made by business associate caused mailings to go to the wrong clients.",
      "variety": [
        "Misdelivery"
      ],
      "vector": [
        "Other"
      ]
    }
  },
  "actor": {
    "partner": {
      "country": [
        "US"
      ],
      "industry": "51",
      "motive": [
        "NA"
      ],
      "notes": ""
    }
  },
  "asset": {
    "assets": [
      {
        "variety": "M - Documents"
      }
    ],
    "hosting": "External",
    "management": "External",
    "notes": ""
  },
  "attribute": {
    "confidentiality": {
      "data": [
        {
          "amount": 187533,
          "variety": "Personal"
        }
      ],
      "data_disclosure": "Yes",
      "data_total": 187533,
      "notes": "",
      "state": [
        "Unknown"
      ]
    }
  },
  "discovery_method": "Unknown",
  "impact": {
    "overall_rating": "Unknown"
  },
  "incident_id": "35429189-3B9E-4E96-B158-FE290907B437",
  "notes": "",
  "plus": {
    "analysis_status": "First pass",
    "analyst": "swidup",
    "asset": {
      "total": "No"
    },
    "attribute": {
      "confidentiality": {
        "credit_monitoring": "N",
        "data_abuse": "U",
        "data_subject": "Customer"
      }
    },
    "created": "2013-07-18T00:05:34Z",
    "f500": "N",
    "master_id": "35429189-3B9E-4E96-B158-FE290907B437",
    "timeline": {
      "notification": {
        "day": 9,
        "month": 7,
        "year": 2013
      }
    }
  },
  "reference": "http://www.govinfosecurity.com/indiana-agency-notifies-188000-breach-a-5893, http://www.phiprivacy.net/?p=13017, http://www.mondaq.com/unitedstates/x/251472/Healthcare/The+Parade+Of+PHI+Security+Breaches+With+A+New+Large+Breach+Indiana+Family+And+Social+Services+Administration+Marches+Again",
  "schema_version": "1.2.1",
  "security_incident": "Confirmed",
  "source_id": "vcdb",
  "summary": "The Indiana Family and Social Services Administration is notifying almost 188,000 clients that their personal information may have been inadvertently disclosed in mailings to other clients, apparently as a result of a computer programming error by a business associate. The information potentially exposed includes Social Security numbers for about 4,000 clients.",
  "timeline": {
    "incident": {
      "day": 16,
      "month": 4,
      "year": 2013
    }
  },
  "victim": {
    "country": "US",
    "employee_count": "1001 to 10000",
    "industry": "923130",
    "notes": "",
    "state": "IN",
    "victim_id": "Indiana Family and Social Services Administration (FSSA)"
  }
}