{
  "action": {
    "hacking": {
      "notes": "",
      "variety": [
        "Unknown"
      ],
      "vector": [
        "Web application"
      ]
    }
  },
  "actor": {
    "external": {
      "country": [
        "Unknown"
      ],
      "motive": [
        "Ideology"
      ],
      "variety": [
        "Activist"
      ]
    }
  },
  "asset": {
    "assets": [
      {
        "variety": "S - Web application"
      }
    ]
  },
  "attribute": {
    "confidentiality": {
      "data": [
        {
          "variety": "Credentials"
        }
      ],
      "data_disclosure": "Yes",
      "notes": "",
      "state": [
        "Stored"
      ]
    }
  },
  "discovery_method": "Ext - actor disclosure",
  "impact": {
    "overall_rating": "Unknown"
  },
  "incident_id": "35E2D8A6-975B-470F-9534-5C41CAC533FB",
  "notes": "",
  "plus": {
    "analysis_status": "First pass",
    "analyst": "swidup",
    "asset": {
      "total": "No"
    },
    "attribute": {
      "confidentiality": {
        "credit_monitoring": "U",
        "data_abuse": "U",
        "data_subject": "Customer"
      }
    },
    "created": "2013-02-13T17:53:34Z",
    "f500": "N",
    "master_id": "35E2D8A6-975B-470F-9534-5C41CAC533FB",
    "timeline": {
      "notification": {
        "day": 14,
        "month": 3,
        "year": 2012
      }
    }
  },
  "reference": "http://hackmageddon.com/tag/vbcoderz-com/",
  "schema_version": "1.2.1",
  "security_incident": "Confirmed",
  "source_id": "vcdb",
  "summary": "usernames and hashed passwords dumped on the internet by a hacker.",
  "timeline": {
    "incident": {
      "year": 2012
    }
  },
  "victim": {
    "country": "US",
    "employee_count": "Unknown",
    "industry": "51919",
    "notes": "",
    "state": "VA",
    "victim_id": "vBCoderz"
  }
}