{
  "action": {
    "error": {
      "variety": [
        "Loss"
      ],
      "vector": [
        "Carelessness"
      ]
    }
  },
  "actor": {
    "internal": {
      "motive": [
        "NA"
      ],
      "variety": [
        "Unknown"
      ]
    }
  },
  "asset": {
    "assets": [
      {
        "variety": "M - Flash drive"
      }
    ]
  },
  "attribute": {
    "availability": {
      "variety": [
        "Loss"
      ]
    },
    "confidentiality": {
      "data": [
        {
          "amount": 2777,
          "variety": "Medical"
        }
      ],
      "data_disclosure": "Potentially",
      "data_total": 2777
    }
  },
  "discovery_method": "Unknown",
  "impact": {
    "overall_rating": "Unknown"
  },
  "incident_id": "35EB4A31-1161-4A9F-B2B2-69B513995247",
  "plus": {
    "analysis_status": "First pass",
    "created": "2013-04-12T22:29:56Z",
    "master_id": "35EB4A31-1161-4A9F-B2B2-69B513995247"
  },
  "schema_version": "1.2.1",
  "security_incident": "Confirmed",
  "source_id": "vcdb",
  "timeline": {
    "discovery": {
      "unit": "Unknown"
    },
    "incident": {
      "day": 31,
      "month": 1,
      "year": 2011
    }
  },
  "victim": {
    "country": "US",
    "employee_count": "101 to 1000",
    "industry": "622110",
    "state": "Mi",
    "victim_id": "Henry Ford Hospital"
  }
}