{
  "action": {},
  "actor": {
    "external": {
      "country": [
        "Unknown"
      ],
      "motive": [
        "Financial"
      ],
      "notes": "",
      "variety": [
        "Unknown"
      ]
    }
  },
  "asset": {
    "assets": [
      {
        "variety": "S - Web application"
      }
    ],
    "hosting": "External",
    "management": "External",
    "notes": ""
  },
  "attribute": {
    "confidentiality": {
      "data": [
        {
          "variety": "Personal"
        }
      ],
      "data_disclosure": "Yes",
      "notes": "",
      "state": [
        "Stored"
      ]
    }
  },
  "discovery_method": "Unknown",
  "impact": {
    "overall_rating": "Unknown"
  },
  "incident_id": "36480D84-EAEE-4F00-8C28-722078C5BA37",
  "notes": "",
  "plus": {
    "analysis_status": "First pass",
    "analyst": "swidup",
    "asset": {
      "total": "No"
    },
    "attribute": {
      "confidentiality": {
        "credit_monitoring": "N",
        "data_abuse": "U",
        "data_subject": "Customer"
      }
    },
    "created": "2013-07-05T18:45:49Z",
    "f500": "N",
    "master_id": "36480D84-EAEE-4F00-8C28-722078C5BA37",
    "timeline": {
      "notification": {
        "day": 25,
        "month": 4,
        "year": 2013
      }
    }
  },
  "reference": "http://www.oag.state.md.us/idtheft/Breach%20Notices/itu-227162.pdf",
  "schema_version": "1.2.1",
  "security_incident": "Confirmed",
  "source_id": "vcdb",
  "summary": "Their vendor's website was breached, exposing customer data.",
  "timeline": {
    "incident": {
      "month": 1,
      "year": 2013
    }
  },
  "victim": {
    "country": "US",
    "employee_count": "1 to 10",
    "industry": "512240",
    "notes": "",
    "revenue": {
      "amount": 840000,
      "iso_currency_code": "USD"
    },
    "state": "NY",
    "victim_id": "Edge Studio"
  }
}