{
  "action": {
    "error": {
      "notes": "Mail",
      "variety": [
        "Publishing error"
      ],
      "vector": [
        "Unknown"
      ]
    }
  },
  "actor": {
    "partner": {
      "country": [
        "Unknown"
      ],
      "motive": [
        "NA"
      ]
    }
  },
  "asset": {
    "assets": [
      {
        "variety": "M - Documents"
      }
    ]
  },
  "attribute": {
    "confidentiality": {
      "data": [
        {
          "variety": "Personal"
        }
      ],
      "data_disclosure": "Yes"
    }
  },
  "discovery_method": "Unknown",
  "incident_id": "36773F70-51BD-4707-8268-BD9184957C92",
  "plus": {
    "analysis_status": "First pass",
    "created": "2013-09-10T20:13:32Z",
    "master_id": "36773F70-51BD-4707-8268-BD9184957C92",
    "timeline": {
      "notification": {
        "day": 7,
        "month": 2,
        "year": 2013
      }
    }
  },
  "reference": "https://oag.ca.gov/system/files/Employee%20Letter%20Signed_0.pdf?",
  "schema_version": "1.2.1",
  "security_incident": "Confirmed",
  "source_id": "vcdb",
  "summary": "A vendor's mailing error resulted in the exposure of employee Social Security numbers.  Call for Candidacy letters were mailed sometime around January 16 that had Social Security numbers, names, and addresses visible through the address window of the letter.  ",
  "timeline": {
    "incident": {
      "day": 16,
      "month": 1,
      "year": 2013
    }
  },
  "victim": {
    "country": "US",
    "employee_count": "10001 to 25000",
    "industry": "335313",
    "state": "IL",
    "victim_id": "Schneider-Electric"
  }
}