{
  "action": {
    "error": {
      "notes": "Other",
      "variety": [
        "Loss"
      ],
      "vector": [
        "Carelessness"
      ]
    }
  },
  "actor": {
    "internal": {
      "motive": [
        "NA"
      ],
      "variety": [
        "Unknown"
      ]
    }
  },
  "asset": {
    "assets": [
      {
        "variety": "M - Documents"
      }
    ]
  },
  "attribute": {
    "availability": {
      "variety": [
        "Loss"
      ]
    },
    "confidentiality": {
      "data": [
        {
          "variety": "Personal"
        }
      ],
      "data_disclosure": "Yes",
      "notes": "",
      "state": [
        "Unknown"
      ]
    }
  },
  "discovery_method": "Unknown",
  "impact": {
    "overall_rating": "Unknown"
  },
  "incident_id": "36A14CF9-22EB-493B-984C-E764AE705239",
  "notes": "",
  "plus": {
    "analysis_status": "First pass",
    "analyst": "swidup",
    "asset": {
      "total": "No"
    },
    "attribute": {
      "confidentiality": {
        "credit_monitoring": "Y",
        "data_abuse": "U",
        "data_subject": "Customer"
      }
    },
    "created": "2013-02-06T20:39:39Z",
    "f500": "Y",
    "master_id": "36A14CF9-22EB-493B-984C-E764AE705239",
    "timeline": {
      "notification": {
        "day": 13,
        "month": 11,
        "year": 2012
      }
    }
  },
  "reference": "http://doj.nh.gov/consumer/security-breaches/documents/ameriprise-financial-services-20121113.pdf",
  "schema_version": "1.2.1",
  "security_incident": "Confirmed",
  "source_id": "vcdb",
  "summary": "Account transfer forms were mailed out to clients who never received them.  The documents contained client name, address, SSN, account number and client ID.",
  "timeline": {
    "incident": {
      "day": 12,
      "month": 11,
      "year": 2012
    }
  },
  "victim": {
    "country": "US",
    "employee_count": "10001 to 25000",
    "industry": "52",
    "notes": "",
    "revenue": {
      "amount": 10260000000,
      "iso_currency_code": "USD"
    },
    "state": "MN",
    "victim_id": "Ameriprise Financial"
  }
}