{
  "action": {
    "hacking": {
      "variety": [
        "Unknown"
      ],
      "vector": [
        "Unknown"
      ]
    }
  },
  "actor": {
    "external": {
      "country": [
        "Unknown"
      ],
      "motive": [
        "Financial"
      ],
      "variety": [
        "Unknown"
      ]
    }
  },
  "asset": {
    "assets": [
      {
        "variety": "S - Web application"
      }
    ]
  },
  "attribute": {
    "confidentiality": {
      "data": [
        {
          "variety": "Payment"
        }
      ],
      "data_disclosure": "Yes"
    }
  },
  "discovery_method": "Unknown",
  "incident_id": "37611589-D64A-4F2A-9C14-20648E6C9D13",
  "plus": {
    "analysis_status": "First pass",
    "created": "2013-09-10T20:13:32Z",
    "master_id": "37611589-D64A-4F2A-9C14-20648E6C9D13",
    "timeline": {
      "notification": {
        "day": 11,
        "month": 2,
        "year": 2013
      }
    }
  },
  "reference": "https://oag.ca.gov/system/files/Multi-state%20notification%20letter%20-%20Crafts%20Americana%20-%20letterhead_0.PDF?",
  "schema_version": "1.2.1",
  "security_incident": "Confirmed",
  "source_id": "vcdb",
  "summary": "Customers who had credit card numbers on file after using them at Knitpicks.com, ArtistsClub.com, or ConnectingThreads.com may have had their information exposed.  A file on the Crafts Americana Group, Inc. servers was accessible for a period of time before being removed on January 25, 2013.  The file contained names, credit card numbers, addresses, and phone numbers.",
  "timeline": {
    "incident": {
      "day": 25,
      "month": 1,
      "year": 2013
    }
  },
  "victim": {
    "country": "US",
    "employee_count": "11 to 100",
    "industry": "454113",
    "secondary": {
      "amount": 3,
      "victim_id": [
        "Knitpicks.com",
        "ArtistsClub.com",
        "ConnectingThreads.com"
      ]
    },
    "state": "OH",
    "victim_id": "Crafts Americana Group, Inc."
  }
}