{
  "action": {
    "misuse": {
      "notes": "",
      "variety": [
        "Knowledge abuse",
        "Privilege abuse",
        "Data mishandling"
      ],
      "vector": [
        "LAN access"
      ]
    }
  },
  "actor": {
    "internal": {
      "motive": [
        "Unknown"
      ],
      "notes": "This was a contractor.",
      "variety": [
        "Unknown"
      ]
    }
  },
  "asset": {
    "assets": [
      {
        "variety": "M - Documents"
      }
    ],
    "notes": ""
  },
  "attribute": {
    "confidentiality": {
      "data": [
        {
          "variety": "Bank"
        },
        {
          "variety": "Personal"
        }
      ],
      "data_disclosure": "Yes",
      "notes": "",
      "state": [
        "Stored"
      ]
    }
  },
  "discovery_method": "Unknown",
  "impact": {
    "overall_rating": "Unknown"
  },
  "incident_id": "37BDFE6D-170C-4471-87EE-C4E477C39298",
  "notes": "",
  "plus": {
    "analysis_status": "First pass",
    "analyst": "swidup",
    "asset": {
      "total": "No"
    },
    "attribute": {
      "confidentiality": {
        "credit_monitoring": "Y",
        "data_abuse": "U",
        "data_subject": "Customer"
      }
    },
    "created": "2013-02-13T03:43:46Z",
    "f500": "N",
    "master_id": "37BDFE6D-170C-4471-87EE-C4E477C39298",
    "timeline": {
      "notification": {
        "day": 6,
        "month": 4,
        "year": 2012
      }
    }
  },
  "reference": "http://oag.ca.gov/system/files/UBC2905_Letter_1_Fb.pdf? ",
  "schema_version": "1.2.1",
  "security_incident": "Confirmed",
  "source_id": "vcdb",
  "summary": "On February 15, 2012, Union Bank discovered that a former contractor kept proprietary bank data in his possession upon his departure from the bank on January 31, 2012. This data contains with your customer information such as your name, account number, home address, phone number and e-mail address.",
  "timeline": {
    "incident": {
      "day": 31,
      "month": 1,
      "year": 2012
    }
  },
  "victim": {
    "country": "US",
    "employee_count": "11 to 100",
    "industry": "522110",
    "notes": "",
    "revenue": {
      "amount": 12530000,
      "iso_currency_code": "USD"
    },
    "state": "LA",
    "victim_id": "Union Bank"
  }
}