{
  "action": {
    "hacking": {
      "notes": "",
      "variety": [
        "Abuse of functionality"
      ],
      "vector": [
        "Unknown"
      ]
    }
  },
  "actor": {
    "external": {
      "country": [
        "Unknown"
      ],
      "motive": [
        "Unknown"
      ],
      "variety": [
        "Unknown"
      ]
    }
  },
  "asset": {
    "assets": [
      {
        "variety": "S - Database"
      }
    ]
  },
  "attribute": {
    "confidentiality": {
      "data": [
        {
          "variety": "Personal"
        }
      ],
      "data_disclosure": "Yes",
      "data_total": 215,
      "notes": "",
      "state": [
        "Stored"
      ]
    }
  },
  "discovery_method": "Unknown",
  "impact": {
    "overall_rating": "Unknown"
  },
  "incident_id": "37D97D72-87C6-47CD-B697-CA051E00022B",
  "notes": "",
  "plus": {
    "analysis_status": "First pass",
    "analyst": "swidup",
    "asset": {
      "total": "No"
    },
    "attribute": {
      "confidentiality": {
        "credit_monitoring": "U",
        "data_abuse": "Y",
        "data_subject": "Partner"
      }
    },
    "created": "2013-08-25T21:02:26Z",
    "f500": "U",
    "master_id": "37D97D72-87C6-47CD-B697-CA051E00022B",
    "timeline": {
      "notification": {
        "day": 8,
        "month": 3,
        "year": 2013
      }
    }
  },
  "reference": "https://pinboard.in/cached/56116a0f6298/, http://www.kait8.com/story/21557312/asu-employees-still-affected-by-security-breach",
  "schema_version": "1.2.1",
  "security_incident": "Confirmed",
  "source_id": "vcdb",
  "summary": " Arkansas State University says more than 200 university employees have been affected by tax fraud this year \u2014 but the school hasn't yet identified how the employees' personal information was obtained.  Arkansas State first said in February that fraudulent tax returns had been filed on behalf of 27 university employees. At a meeting of the Faculty Senate last week, ASU human resources employees said that number has grown to 215.  The Jonesboro Sun reports (http://is.gd/FHslOB ) that the fraud victims include faculty and staff at ASU's Jonesboro campus and at least one retiree.  Arkansas State says it will pay for a credit monitoring system for each identity theft victim for at least a year.  The university and law enforcement authorities continue to investigate the source of the data breach.",
  "timeline": {
    "incident": {
      "year": 2013
    }
  },
  "victim": {
    "country": "US",
    "employee_count": "Unknown",
    "industry": "0000",
    "notes": "",
    "state": "AR",
    "victim_id": "Arkansas State University"
  }
}