{
  "action": {
    "error": {
      "notes": " [through ]",
      "variety": [
        "Misdelivery"
      ],
      "vector": [
        "Unknown"
      ]
    }
  },
  "actor": {
    "internal": {
      "motive": [
        "NA"
      ],
      "variety": [
        "Unknown"
      ]
    }
  },
  "asset": {
    "assets": [
      {
        "variety": "U - Other"
      }
    ]
  },
  "attribute": {
    "confidentiality": {
      "data": [
        {
          "variety": "Personal"
        },
        {
          "variety": "Internal"
        }
      ],
      "data_disclosure": "Unknown",
      "notes": "",
      "state": [
        "Unknown"
      ]
    }
  },
  "discovery_method": "Int - reported by user",
  "impact": {
    "overall_rating": "Unknown"
  },
  "incident_id": "3815F0DE-0635-4FF1-A04C-DAF7F3824888",
  "notes": "",
  "plus": {
    "analysis_status": "First pass",
    "analyst": "abooker",
    "asset": {
      "total": "No"
    },
    "attribute": {
      "confidentiality": {
        "credit_monitoring": "U",
        "data_abuse": "U",
        "data_subject": "Partner"
      }
    },
    "created": "2013-03-26T20:31:22Z",
    "f500": "N",
    "master_id": "3815F0DE-0635-4FF1-A04C-DAF7F3824888",
    "timeline": {
      "notification": {
        "day": 31,
        "month": 3,
        "year": 2012
      }
    }
  },
  "reference": "http://www.efortresses.com/2012-Breaches-Matrix.htm ",
  "schema_version": "1.2.1",
  "security_incident": "Confirmed",
  "source_id": "vcdb",
  "summary": "Thousands of workers' pay details were sent to others due to printing error. ",
  "timeline": {
    "incident": {
      "year": 2012
    }
  },
  "victim": {
    "country": "GB",
    "employee_count": "101 to 1000",
    "industry": "541512",
    "notes": "",
    "revenue": {
      "amount": 25000000,
      "iso_currency_code": "USD"
    },
    "victim_id": "Opus Trust Marketing"
  }
}