{
  "action": {
    "physical": {
      "location": [
        "Unknown"
      ],
      "variety": [
        "Theft"
      ],
      "vector": [
        "Unknown"
      ]
    }
  },
  "actor": {
    "external": {
      "country": [
        "Unknown"
      ],
      "motive": [
        "Unknown"
      ],
      "variety": [
        "Unknown"
      ]
    }
  },
  "asset": {
    "assets": [
      {
        "variety": "U - Laptop"
      }
    ]
  },
  "attribute": {
    "availability": {
      "variety": [
        "Loss"
      ]
    },
    "confidentiality": {
      "data": [
        {
          "amount": 1870,
          "variety": "Medical"
        }
      ],
      "data_disclosure": "Potentially",
      "data_total": 1870
    }
  },
  "discovery_method": "Unknown",
  "impact": {
    "overall_rating": "Unknown"
  },
  "incident_id": "382E858F-6B90-47CA-9ACB-36762DB41EAB",
  "plus": {
    "analysis_status": "First pass",
    "created": "2013-04-12T22:29:56Z",
    "master_id": "382E858F-6B90-47CA-9ACB-36762DB41EAB"
  },
  "schema_version": "1.2.1",
  "security_incident": "Confirmed",
  "source_id": "vcdb",
  "timeline": {
    "discovery": {
      "unit": "Unknown"
    },
    "incident": {
      "day": 8,
      "month": 7,
      "year": 2011
    }
  },
  "victim": {
    "country": "US",
    "employee_count": "1 to 10",
    "industry": "621330",
    "state": "Tx",
    "victim_id": "Austin Center for Therapy and Assessment, LLC"
  }
}