{
  "action": {
    "error": {
      "variety": [
        "Loss"
      ],
      "vector": [
        "Carelessness"
      ]
    }
  },
  "actor": {
    "partner": {
      "country": [
        "Unknown"
      ],
      "motive": [
        "NA"
      ]
    }
  },
  "asset": {},
  "attribute": {
    "availability": {
      "variety": [
        "Loss"
      ]
    },
    "confidentiality": {
      "data": [
        {
          "amount": 7059,
          "variety": "Medical"
        }
      ],
      "data_disclosure": "Potentially",
      "data_total": 7059
    }
  },
  "discovery_method": "Unknown",
  "impact": {
    "overall_rating": "Unknown"
  },
  "incident_id": "3876E334-B5CE-4D5F-B541-AF6D73938BF8",
  "plus": {
    "analysis_status": "First pass",
    "created": "2013-04-12T22:29:56Z",
    "master_id": "3876E334-B5CE-4D5F-B541-AF6D73938BF8",
    "timeline": {
      "notification": {}
    }
  },
  "schema_version": "1.2.1",
  "security_incident": "Confirmed",
  "source_id": "vcdb",
  "timeline": {
    "discovery": {
      "unit": "Months",
      "value": 9
    },
    "incident": {
      "day": 18,
      "month": 11,
      "year": 2011
    }
  },
  "victim": {
    "country": "US",
    "employee_count": "Unknown",
    "industry": "525120",
    "state": "Mo",
    "victim_id": "Concordia Plan Services(CPS)"
  }
}