{
  "action": {
    "physical": {
      "location": [
        "Unknown"
      ],
      "variety": [
        "Theft"
      ],
      "vector": [
        "Unknown"
      ]
    }
  },
  "actor": {
    "external": {
      "country": [
        "Unknown"
      ],
      "motive": [
        "Unknown"
      ],
      "variety": [
        "Unknown"
      ]
    }
  },
  "asset": {
    "assets": [
      {
        "variety": "M - Documents"
      }
    ]
  },
  "attribute": {
    "availability": {
      "variety": [
        "Loss"
      ]
    },
    "confidentiality": {
      "data": [
        {
          "amount": 1388,
          "variety": "Medical"
        }
      ],
      "data_disclosure": "Potentially",
      "data_total": 1388
    }
  },
  "discovery_method": "Unknown",
  "impact": {
    "overall_rating": "Unknown"
  },
  "incident_id": "387D3F7D-6F08-40C3-94A5-FE98AFF80125",
  "plus": {
    "analysis_status": "First pass",
    "created": "2013-04-12T22:29:56Z",
    "master_id": "387D3F7D-6F08-40C3-94A5-FE98AFF80125"
  },
  "schema_version": "1.2.1",
  "security_incident": "Confirmed",
  "source_id": "vcdb",
  "timeline": {
    "discovery": {
      "unit": "Unknown"
    },
    "incident": {
      "day": 28,
      "month": 9,
      "year": 2010
    }
  },
  "victim": {
    "country": "US",
    "employee_count": "1001 to 10000",
    "industry": "622110",
    "state": "Pa",
    "victim_id": "Indiana Regional Medical Center"
  }
}