{
  "action": {
    "hacking": {
      "notes": "",
      "variety": [
        "Unknown"
      ],
      "vector": [
        "Unknown"
      ]
    }
  },
  "actor": {
    "external": {
      "country": [
        "Unknown"
      ],
      "motive": [
        "Financial"
      ],
      "variety": [
        "Unknown"
      ]
    }
  },
  "asset": {
    "assets": [
      {
        "variety": "Unknown"
      }
    ]
  },
  "attribute": {
    "confidentiality": {
      "data": [
        {
          "variety": "Personal"
        }
      ],
      "data_disclosure": "Yes",
      "notes": "",
      "state": [
        "Stored"
      ]
    }
  },
  "discovery_method": "Unknown",
  "impact": {
    "overall_rating": "Unknown"
  },
  "incident_id": "38C620DF-B8FE-4554-8AB4-D10E35B42510",
  "notes": "",
  "plus": {
    "analysis_status": "First pass",
    "analyst": "swidup",
    "asset": {
      "total": "No"
    },
    "attribute": {
      "confidentiality": {
        "credit_monitoring": "U",
        "data_abuse": "U",
        "data_subject": "Customer"
      }
    },
    "created": "2013-02-12T05:28:41Z",
    "f500": "N",
    "master_id": "38C620DF-B8FE-4554-8AB4-D10E35B42510",
    "timeline": {
      "notification": {
        "day": 20,
        "month": 1,
        "year": 2012
      }
    }
  },
  "reference": "http://www.finextra.com/news/fullstory.aspx?newsitemid=23337 ",
  "schema_version": "1.2.1",
  "security_incident": "Confirmed",
  "source_id": "vcdb",
  "summary": "The Australian Securities and Investments Commission (Asic) is urging the country's online traders to \"urgently review\" their account security after a wave of hacks. The watchdog says that during its regular surveillance it has \"become aware of several stockbroking account intrusions involving unauthorised access and trading\".  Asic is in touch with online broking firms to help affected customers and working with other authorities to find the source, already \"pursuing a line of enquiry consistent with similar incidents in overseas markets\".",
  "timeline": {
    "incident": {
      "year": 2012
    }
  },
  "victim": {
    "country": "AU",
    "employee_count": "Unknown",
    "industry": "5231",
    "notes": "",
    "victim_id": "Australian Securities and Investments Commission"
  }
}