{
  "action": {
    "hacking": {
      "notes": "",
      "variety": [
        "Unknown"
      ],
      "vector": [
        "Web application"
      ]
    }
  },
  "actor": {
    "external": {
      "country": [
        "Unknown"
      ],
      "motive": [
        "Ideology"
      ],
      "variety": [
        "Activist"
      ]
    }
  },
  "asset": {
    "assets": [
      {
        "variety": "S - Web application"
      }
    ]
  },
  "attribute": {
    "confidentiality": {
      "data": [
        {
          "variety": "Credentials"
        }
      ],
      "data_disclosure": "Yes",
      "notes": "",
      "state": [
        "Stored"
      ]
    }
  },
  "discovery_method": "Ext - actor disclosure",
  "impact": {
    "overall_rating": "Unknown"
  },
  "incident_id": "392F3FFB-06FE-4AEC-9BB2-250B52A7F238",
  "notes": "",
  "plus": {
    "analysis_status": "First pass",
    "analyst": "swidup",
    "asset": {
      "total": "No"
    },
    "attribute": {
      "confidentiality": {
        "credit_monitoring": "U",
        "data_abuse": "U",
        "data_subject": "Partner"
      }
    },
    "created": "2013-02-12T23:47:00Z",
    "f500": "N",
    "master_id": "392F3FFB-06FE-4AEC-9BB2-250B52A7F238",
    "timeline": {
      "notification": {
        "day": 3,
        "month": 2,
        "year": 2012
      }
    }
  },
  "reference": "http://centralny.ynn.com/content/top_stories/572563/syracuse-police-website-hacked/ ",
  "schema_version": "1.2.1",
  "security_incident": "Confirmed",
  "source_id": "vcdb",
  "summary": "They are faceless, leaderless by design. The organization exists only in the ether. The internet is the gathering place for those addressing a host of complaints.  It was in this world of \"Anonymous\" that the Syracuse Police Department became a target.  On Wednesday night, usernames and passwords utilized by Syracuse Police personnel on a police department website began appearing on another site frequented by hackers. There was never any access to police files or any sensitive information contained on police department servers.  \u201cBecause it's a completely different system. The internal website is completely encrypted and has a lot of security on it,\u201d said Syracuse Police Department Sgt. Thomas Connellan.  Syracuse was one of three police department sites hit as part of what was called Operation Piggybank. The supposed cause for the targeting? The long delay in response to complaints in the Bernie Fine case.",
  "timeline": {
    "incident": {
      "day": 1,
      "month": 2,
      "year": 2012
    }
  },
  "victim": {
    "country": "US",
    "employee_count": "Unknown",
    "industry": "9221",
    "notes": "",
    "state": "NY",
    "victim_id": "Syracuse Police Department"
  }
}