{
  "action": {
    "hacking": {
      "variety": [
        "Unknown"
      ],
      "vector": [
        "Unknown"
      ]
    }
  },
  "actor": {
    "external": {
      "country": [
        "Unknown"
      ],
      "motive": [
        "Unknown"
      ],
      "variety": [
        "Unknown"
      ]
    }
  },
  "asset": {
    "assets": [
      {
        "variety": "U - Desktop"
      }
    ]
  },
  "attribute": {
    "confidentiality": {
      "data": [
        {
          "amount": 19264,
          "variety": "Medical"
        }
      ],
      "data_disclosure": "Yes",
      "data_total": 19264
    }
  },
  "discovery_method": "Unknown",
  "impact": {
    "overall_rating": "Unknown"
  },
  "incident_id": "39941F5D-5D44-4B08-8136-3724EBCC0037",
  "plus": {
    "analysis_status": "First pass",
    "created": "2013-04-12T22:29:56Z",
    "master_id": "39941F5D-5D44-4B08-8136-3724EBCC0037",
    "timeline": {
      "notification": {}
    }
  },
  "schema_version": "1.2.1",
  "security_incident": "Confirmed",
  "source_id": "vcdb",
  "timeline": {
    "discovery": {
      "unit": "Months",
      "value": 3
    },
    "incident": {
      "day": 1,
      "month": 10,
      "year": 2010
    }
  },
  "victim": {
    "country": "US",
    "employee_count": "Unknown",
    "industry": "621111",
    "state": "Ok",
    "victim_id": "University of Oklahoma-Tulsa, Neurology Clinic"
  }
}