{
  "action": {
    "error": {
      "notes": " [through Email]",
      "variety": [
        "Misdelivery"
      ],
      "vector": [
        "Unknown"
      ]
    }
  },
  "actor": {
    "internal": {
      "motive": [
        "NA"
      ],
      "variety": [
        "Unknown"
      ]
    }
  },
  "asset": {
    "assets": [
      {
        "variety": "S - File"
      }
    ]
  },
  "attribute": {
    "confidentiality": {
      "data": [
        {
          "variety": "Personal"
        }
      ],
      "data_disclosure": "Yes",
      "notes": "",
      "state": [
        "Transmitted unencrypted"
      ]
    }
  },
  "discovery_method": "Unknown",
  "impact": {
    "overall_rating": "Unknown"
  },
  "incident_id": "39A35855-8A9F-498B-861F-D993830D22D8",
  "notes": "",
  "plus": {
    "analysis_status": "First pass",
    "analyst": "swidup",
    "asset": {
      "total": "No"
    },
    "attribute": {
      "confidentiality": {
        "credit_monitoring": "N",
        "data_abuse": "U",
        "data_subject": "Partner"
      }
    },
    "created": "2013-07-09T01:15:08Z",
    "f500": "N",
    "master_id": "39A35855-8A9F-498B-861F-D993830D22D8",
    "timeline": {
      "notification": {
        "day": 14,
        "month": 5,
        "year": 2013
      }
    }
  },
  "reference": "http://doj.nh.gov/consumer/security-breaches/documents/healthmarkets-20130514.pdf",
  "schema_version": "1.2.1",
  "security_incident": "Confirmed",
  "source_id": "vcdb",
  "summary": "Inadvertent distribution of personal non-public information put names, addresses, SSNs, DOB and some financial data of agents at risk.",
  "timeline": {
    "incident": {
      "year": 2013
    }
  },
  "victim": {
    "country": "US",
    "employee_count": "101 to 1000",
    "industry": "524114",
    "notes": "",
    "revenue": {
      "amount": 568280000,
      "iso_currency_code": "USD"
    },
    "state": "TX",
    "victim_id": "HealthMarkets"
  }
}