{
  "action": {
    "error": {
      "variety": [
        "Loss"
      ],
      "vector": [
        "Unknown"
      ]
    }
  },
  "actor": {
    "internal": {
      "motive": [
        "NA"
      ],
      "variety": [
        "Unknown"
      ]
    }
  },
  "asset": {
    "assets": [
      {
        "variety": "U - Laptop"
      }
    ]
  },
  "attribute": {
    " confidentiality": {},
    "availability": {
      "variety": [
        "Loss"
      ]
    }
  },
  "discovery_method": "Unknown",
  "incident_id": "39CF36D5-7DCC-4823-BA14-33D584BE742B",
  "plus": {
    "analysis_status": "First pass",
    "created": "2013-09-10T20:13:32Z",
    "master_id": "39CF36D5-7DCC-4823-BA14-33D584BE742B",
    "timeline": {
      "notification": {
        "day": 9,
        "month": 6,
        "year": 2013
      }
    }
  },
  "reference": "http://www.http://www.hhs.gov/ocr/privacy/hipaa/administrative/breachnotificationrule/breachtool.html.gov/ocr/privacy/hipaa/administrative/breachnotificationrule/breachtool.html",
  "schema_version": "1.2.1",
  "security_incident": "Confirmed",
  "source_id": "vcdb",
  "summary": "A laptop that contained protected health information was lost between the dates of April 4 and April 19.  ",
  "timeline": {
    "incident": {
      "day": 14,
      "month": 4,
      "year": 2013
    }
  },
  "victim": {
    "country": "US",
    "employee_count": "101 to 1000",
    "industry": "921110",
    "state": "OH",
    "victim_id": "City of Norwood"
  }
}