{
  "action": {
    "physical": {
      "location": [
        "Victim work area"
      ],
      "variety": [
        "Other"
      ],
      "vector": [
        "Unknown"
      ]
    }
  },
  "actor": {
    "internal": {
      "motive": [
        "Financial"
      ],
      "variety": [
        "End-user"
      ]
    }
  },
  "asset": {
    "assets": [
      {
        "variety": "M - Documents"
      }
    ]
  },
  "attribute": {
    "confidentiality": {
      "data": [
        {
          "variety": "Personal"
        }
      ],
      "data_disclosure": "Yes",
      "data_total": 261
    }
  },
  "discovery_method": "Unknown",
  "incident_id": "39D6AB90-81BC-42FF-82D9-10CDA2453F6E",
  "plus": {
    "analysis_status": "First pass",
    "created": "2013-09-10T20:13:32Z",
    "master_id": "39D6AB90-81BC-42FF-82D9-10CDA2453F6E",
    "timeline": {
      "notification": {
        "day": 24,
        "month": 1,
        "year": 2013
      }
    }
  },
  "reference": "https://www.privacyrights.org/node/55766",
  "schema_version": "1.2.1",
  "security_incident": "Confirmed",
  "source_id": "vcdb",
  "summary": "A dishonest intern was caught using a cell phone to illegally photograph patient Social Security numbers and names.  The photos were then sent to another person; presumably for fraudulent activity.  The office intern was charged with fraudulent use of personal identification information. It is unclear when the breach was discovered since the photos were taken between May 7 and June 19.",
  "timeline": {
    "incident": {
      "day": 19,
      "month": 6,
      "year": 2013
    }
  },
  "victim": {
    "country": "US",
    "employee_count": "Unknown",
    "industry": "621111",
    "state": "FL",
    "victim_id": "Brentwood Primary Care Clinic"
  }
}