{
  "action": {
    "physical": {
      "location": [
        "Personal vehicle"
      ],
      "variety": [
        "Theft"
      ],
      "vector": [
        "Unknown"
      ]
    }
  },
  "actor": {
    "external": {
      "country": [
        "Unknown"
      ],
      "motive": [
        "Financial"
      ],
      "variety": [
        "Unknown"
      ]
    }
  },
  "asset": {
    "assets": [
      {
        "variety": "U - Laptop"
      },
      {
        "variety": "M - Disk drive"
      },
      {
        "variety": "M - Tapes"
      }
    ]
  },
  "attribute": {
    "availability": {
      "variety": [
        "Loss"
      ]
    },
    "confidentiality": {
      "data": [
        {
          "variety": "Personal"
        }
      ],
      "data_disclosure": "Potentially",
      "data_total": 300000
    }
  },
  "discovery_method": "Unknown",
  "incident_id": "39DD8553-32FE-4124-84A7-57E762F227F3",
  "plus": {
    "analysis_status": "First pass",
    "created": "2013-09-10T20:13:32Z",
    "master_id": "39DD8553-32FE-4124-84A7-57E762F227F3",
    "timeline": {
      "notification": {
        "day": 28,
        "month": 1,
        "year": 2013
      }
    }
  },
  "reference": "http://www.reuters.com/article/2013/01/28/cbr-cordblood-privacy-idUSL1N0AX8IY20130128, http://www.esecurityplanet.com/network-security/cord-blood-registry-settles-with-ftc-over-privacy-breach.html, http://thehill.com/blogs/hillicon-valley/technology/279605-ftc-announces-data-breach-settlement-",
  "schema_version": "1.2.1",
  "security_incident": "Confirmed",
  "source_id": "vcdb",
  "summary": "The 2010 theft of a company laptop, a hard drive, and a number of unencrypted backup tapes resulted in the exposure of sensitive information.  Social security numbers, credit and debit card numbers, driver's license numbers, and dates of birth were contained on one or more of the devices.Cbr Systems reached a settlement with the Federal Trade Commission in early 2013.  Cbr Systems must establish an information security program and be independently audited every other year for 20 years.  The full settlement can be found here: http://ftc.gov/opa/2013/01/cbr.shtm",
  "timeline": {
    "incident": {
      "day": 9,
      "month": 12,
      "year": 2010
    }
  },
  "victim": {
    "country": "US",
    "employee_count": "101 to 1000",
    "industry": "621991",
    "state": "CA",
    "victim_id": "CBR Systems (Cord Blood Bank)"
  }
}