{
  "action": {
    "physical": {
      "location": [
        "Unknown"
      ],
      "variety": [
        "Theft"
      ],
      "vector": [
        "Unknown"
      ]
    }
  },
  "actor": {
    "external": {
      "country": [
        "Unknown"
      ],
      "motive": [
        "Financial"
      ],
      "variety": [
        "Unknown"
      ]
    }
  },
  "asset": {
    "assets": [
      {
        "variety": "U - Laptop"
      }
    ]
  },
  "attribute": {
    "availability": {
      "variety": [
        "Loss"
      ]
    },
    "confidentiality": {
      "data": [
        {
          "amount": 22000,
          "variety": "Medical"
        },
        {
          "amount": 22000,
          "variety": "Personal"
        }
      ],
      "data_disclosure": "Potentially",
      "data_total": 27000,
      "notes": "",
      "state": [
        "Stored unencrypted"
      ]
    }
  },
  "discovery_method": "Int - reported by user",
  "impact": {
    "overall_rating": "Unknown"
  },
  "incident_id": "39DEE424-3638-45D0-A004-1A760B7AB439",
  "notes": "",
  "plus": {
    "analysis_status": "First pass",
    "analyst": "swidup",
    "asset": {
      "total": "No"
    },
    "attribute": {
      "confidentiality": {
        "credit_monitoring": "U",
        "data_abuse": "U",
        "data_subject": "Patient"
      }
    },
    "created": "2013-02-19T00:26:18Z",
    "f500": "N",
    "master_id": "39DEE424-3638-45D0-A004-1A760B7AB439",
    "timeline": {
      "notification": {
        "day": 19,
        "month": 10,
        "year": 2012
      }
    }
  },
  "reference": "http://www.beckershospitalreview.com/healthcare-information-technology/blount-memorial-hospital-data-breach-affects-27k-patients.html ",
  "schema_version": "1.2.1",
  "security_incident": "Confirmed",
  "source_id": "vcdb",
  "summary": "Blount Memorial Hospital in Maryville, Tenn., has notified 27,000 patients whose personal information was compromised when an employee's laptop was stolen in August, according to a Knox News report.  The laptop, which was password protected, contained registration records on approximately 22,000 patients, including their names, dates of birth, responsible party names, addresses, physician names and billing information, according to the report. Information for an additional 5,000 patients was on the laptop as well but with Social Security numbers and other non-medical data.",
  "timeline": {
    "incident": {
      "day": 30,
      "month": 8,
      "year": 2012
    }
  },
  "victim": {
    "country": "US",
    "employee_count": "1001 to 10000",
    "industry": "622110",
    "notes": "",
    "revenue": {
      "amount": 149400000,
      "iso_currency_code": "USD"
    },
    "state": "TN",
    "victim_id": "Blount Memorial Hospital"
  }
}