{
  "action": {},
  "actor": {
    "unknown": {}
  },
  "asset": {
    "assets": [
      {
        "variety": "S - Other"
      }
    ]
  },
  "attribute": {
    "confidentiality": {
      "data": [
        {
          "amount": 42000,
          "variety": "Medical"
        }
      ],
      "data_disclosure": "Potentially",
      "data_total": 42000
    }
  },
  "discovery_method": "Unknown",
  "impact": {
    "overall_rating": "Unknown"
  },
  "incident_id": "39F3B0C6-BEFC-4CB7-A94B-479DE5FDE444",
  "plus": {
    "analysis_status": "First pass",
    "created": "2013-04-12T22:29:56Z",
    "master_id": "39F3B0C6-BEFC-4CB7-A94B-479DE5FDE444",
    "timeline": {
      "notification": {}
    }
  },
  "schema_version": "1.2.1",
  "security_incident": "Confirmed",
  "source_id": "vcdb",
  "timeline": {
    "discovery": {
      "unit": "Months",
      "value": 10
    },
    "incident": {
      "day": 8,
      "month": 6,
      "year": 2012
    }
  },
  "victim": {
    "country": "US",
    "employee_count": "11 to 100",
    "industry": "485991",
    "state": "Az",
    "victim_id": "Safe Ride Services, Inc"
  }
}