{
  "action": {
    "misuse": {
      "notes": "",
      "variety": [
        "Data mishandling"
      ],
      "vector": [
        "LAN access"
      ]
    }
  },
  "actor": {
    "internal": {
      "motive": [
        "Unknown"
      ],
      "notes": "Unknown if employee was planning to misuse the data or was simply moving it so that he could work on it from home.",
      "variety": [
        "Finance"
      ]
    }
  },
  "asset": {
    "assets": [
      {
        "variety": "S - Mainframe"
      }
    ],
    "notes": ""
  },
  "attribute": {
    "confidentiality": {
      "data": [
        {
          "variety": "Personal"
        }
      ],
      "data_disclosure": "Potentially",
      "notes": "",
      "state": [
        "Stored unencrypted"
      ]
    }
  },
  "discovery_method": "Unknown",
  "impact": {
    "loss": [
      {
        "rating": "Unknown",
        "variety": "Asset and fraud"
      },
      {
        "rating": "Unknown",
        "variety": "Brand damage"
      },
      {
        "rating": "Unknown",
        "variety": "Business disruption"
      },
      {
        "rating": "Unknown",
        "variety": "Operating costs"
      },
      {
        "rating": "Unknown",
        "variety": "Legal and regulatory"
      },
      {
        "rating": "Unknown",
        "variety": "Competitive advantage"
      },
      {
        "rating": "Unknown",
        "variety": "Response and recovery"
      }
    ],
    "overall_rating": "Unknown"
  },
  "incident_id": "3A096618-CA8A-4E81-9EA0-A36FFA1BE8A9",
  "notes": "",
  "plus": {
    "analysis_status": "First pass",
    "analyst": "blackfist",
    "asset": {
      "total": "No"
    },
    "attribute": {
      "confidentiality": {
        "credit_monitoring": "U",
        "data_abuse": "U",
        "data_subject": "Student"
      }
    },
    "created": "2013-06-04T15:52:27Z",
    "f500": "N",
    "master_id": "3A096618-CA8A-4E81-9EA0-A36FFA1BE8A9",
    "timeline": {
      "notification": {
        "day": 25,
        "month": 2,
        "year": 2013
      }
    }
  },
  "reference": "http://www.atg.state.vt.us/assets/files/Capella%20University%20Security%20Breach%20Notice%20to%20consumer.pdf (20130604) http://www.privacyrights.org/data-breach-asc (20130604)",
  "schema_version": "1.2.1",
  "security_incident": "Suspected",
  "source_id": "vcdb",
  "summary": "Employee emails unencrypted personal data for students to his home email address in violation of company policy.",
  "timeline": {
    "compromise": {
      "unit": "Unknown"
    },
    "containment": {
      "unit": "Unknown"
    },
    "discovery": {
      "unit": "Unknown"
    },
    "exfiltration": {
      "unit": "Unknown"
    },
    "incident": {
      "month": 1,
      "year": 2013
    }
  },
  "victim": {
    "country": "US",
    "employee_count": "1001 to 10000",
    "industry": "611310",
    "notes": "",
    "revenue": {
      "amount": 1280000,
      "iso_currency_code": "USD"
    },
    "state": "MN",
    "victim_id": "Capella University, Inc."
  }
}