{
  "action": {
    "hacking": {
      "notes": "",
      "variety": [
        "Unknown"
      ],
      "vector": [
        "Web application"
      ]
    }
  },
  "actor": {
    "external": {
      "country": [
        "Unknown"
      ],
      "motive": [
        "Unknown"
      ],
      "variety": [
        "Unknown"
      ]
    }
  },
  "asset": {
    "assets": [
      {
        "variety": "S - Database"
      }
    ]
  },
  "attribute": {
    "confidentiality": {
      "data": [
        {
          "amount": 36000,
          "variety": "Personal"
        }
      ],
      "data_disclosure": "Yes",
      "data_total": 36000,
      "notes": "",
      "state": [
        "Stored unencrypted"
      ]
    }
  },
  "discovery_method": "Unknown",
  "impact": {
    "overall_rating": "Unknown"
  },
  "incident_id": "3A5EE892-E42F-4870-833B-86E8EE2CF8C2",
  "notes": "",
  "plus": {
    "analysis_status": "First pass",
    "analyst": "swidup",
    "asset": {
      "total": "No"
    },
    "attribute": {
      "confidentiality": {
        "credit_monitoring": "U",
        "data_abuse": "U",
        "data_subject": "Partner"
      }
    },
    "created": "2013-02-18T23:15:20Z",
    "f500": "N",
    "master_id": "3A5EE892-E42F-4870-833B-86E8EE2CF8C2",
    "timeline": {
      "notification": {
        "day": 18,
        "month": 12,
        "year": 2012
      }
    }
  },
  "reference": "http://www.app.com/article/20121228/NJNEWS/312280021/Hackers-take-data-36-000-people-fort?nclick_check=1, http://www.darkreading.com/database-security/167901020/security/attacks-breaches/240145376/ssns-salary-information-exposed-in-breach-of-army-servers.html ",
  "schema_version": "1.2.1",
  "security_incident": "Confirmed",
  "source_id": "vcdb",
  "summary": "Army officials have confirmed that cybercriminals obtained personal information of 36,000 people from multiple Army commands and visitors to the former Fort Monmouth base via a server hack.  The Army Communications-Electronics Command (CECOM) told The Asbury Park Press that the data breach \"may have affected CECOM, C4ISR (Command, Control, Communications, Computers, Intelligence, Surveillance and Reconnaissance) and nongovernmental personnel as well as persons who may have visited Fort Monmouth.\"    A CECOM spokesperson told the newspaper that, at the least, names and Social Security numbers were stolen, and that the databases also included birthplace, home addresses, and salary information.  In a Dec. 18 letter to victims whose data was exposed in the breach, CECOM commanding general Maj. Gen. Robert Ferrell said the hack was detected on Dec. 6 and that the breached databases were taken offline.  The databases included information from CECOM Software Engineering Center personnel files and from Fort Monmouth visitor logs, Ferrell said. ",
  "timeline": {
    "incident": {
      "year": 2012
    }
  },
  "victim": {
    "country": "US",
    "employee_count": "Over 100000",
    "industry": "928110",
    "notes": "",
    "state": "DC",
    "victim_id": "United States Army - Fort Monmouth"
  }
}