{
  "action": {
    "physical": {
      "location": [
        "Personal vehicle"
      ],
      "variety": [
        "Theft"
      ],
      "vector": [
        "Unknown"
      ]
    }
  },
  "actor": {
    "external": {
      "country": [
        "Unknown"
      ],
      "motive": [
        "Financial"
      ],
      "variety": [
        "Unknown"
      ]
    }
  },
  "asset": {
    "assets": [
      {
        "variety": "U - Laptop"
      }
    ]
  },
  "attribute": {
    "availability": {
      "variety": [
        "Loss"
      ]
    },
    "confidentiality": {
      "data": [
        {
          "amount": 613,
          "variety": "Personal"
        }
      ],
      "data_disclosure": "Potentially",
      "data_total": 613,
      "notes": "",
      "state": [
        "Stored unencrypted"
      ]
    }
  },
  "discovery_method": "Int - reported by user",
  "impact": {
    "overall_rating": "Unknown"
  },
  "incident_id": "3A734C48-9214-45D5-9F8A-6B6456672CB8",
  "notes": "",
  "plus": {
    "analysis_status": "First pass",
    "analyst": "swidup",
    "asset": {
      "total": "No"
    },
    "attribute": {
      "confidentiality": {
        "credit_monitoring": "N",
        "data_abuse": "U",
        "data_subject": "Customer"
      }
    },
    "created": "2013-02-22T05:21:56Z",
    "f500": "N",
    "master_id": "3A734C48-9214-45D5-9F8A-6B6456672CB8",
    "timeline": {
      "notification": {
        "day": 29,
        "month": 11,
        "year": 2012
      }
    }
  },
  "reference": "http://www.newsnet5.com/dpp/news/local_news/cleveland_metro/laptop-stolen-from-cuyahoga-county-board-of-developmental-disabilities-may-compromise-600-people ",
  "schema_version": "1.2.1",
  "security_incident": "Confirmed",
  "source_id": "vcdb",
  "summary": "The Cuyahoga County Board of Developmental Disabilities has notified 613 people who receive its services that their names and birthdates may have been on the hard drive of a laptop stolen from an employee\u2019s car in North Royalton.  The laptop itself was password protected. The Board of DD believes that, although the information on the laptop could be used ",
  "timeline": {
    "incident": {
      "year": 2012
    }
  },
  "victim": {
    "country": "US",
    "employee_count": "Unknown",
    "industry": "923120",
    "notes": "",
    "state": "OH",
    "victim_id": "Cuyhahoga County Board of Developmental Disabilities"
  }
}