{
  "action": {
    "physical": {
      "location": [
        "Unknown"
      ],
      "variety": [
        "Theft"
      ],
      "vector": [
        "Unknown"
      ]
    }
  },
  "actor": {
    "external": {
      "country": [
        "Unknown"
      ],
      "motive": [
        "Unknown"
      ],
      "variety": [
        "Unknown"
      ]
    }
  },
  "asset": {
    "assets": [
      {
        "variety": "U - Desktop"
      }
    ]
  },
  "attribute": {
    "availability": {
      "variety": [
        "Loss"
      ]
    },
    "confidentiality": {
      "data": [
        {
          "amount": 1200,
          "variety": "Medical"
        }
      ],
      "data_disclosure": "Potentially",
      "data_total": 1200
    }
  },
  "discovery_method": "Unknown",
  "impact": {
    "overall_rating": "Unknown"
  },
  "incident_id": "3A742F30-39E2-4CCF-86FD-29015A6D71AA",
  "plus": {
    "analysis_status": "First pass",
    "created": "2013-04-12T22:29:56Z",
    "master_id": "3A742F30-39E2-4CCF-86FD-29015A6D71AA"
  },
  "schema_version": "1.2.1",
  "security_incident": "Confirmed",
  "source_id": "vcdb",
  "timeline": {
    "discovery": {
      "unit": "Unknown"
    },
    "incident": {
      "day": 29,
      "month": 7,
      "year": 2011
    }
  },
  "victim": {
    "country": "US",
    "employee_count": "1 to 10",
    "industry": "621498",
    "state": "Or",
    "victim_id": "Treatment Services Northwest"
  }
}