{
  "action": {
    "misuse": {
      "notes": "",
      "variety": [
        "Data mishandling"
      ],
      "vector": [
        "Physical access"
      ]
    }
  },
  "actor": {
    "internal": {
      "motive": [
        "NA"
      ],
      "notes": "",
      "variety": [
        "Finance"
      ]
    }
  },
  "asset": {
    "assets": [
      {
        "variety": "M - Documents"
      }
    ],
    "notes": "News report did not specify amount of records that were in the trash."
  },
  "attribute": {
    "confidentiality": {
      "data": [
        {
          "variety": "Bank"
        },
        {
          "variety": "Personal"
        }
      ],
      "data_disclosure": "Yes",
      "notes": "",
      "state": [
        "Stored unencrypted"
      ]
    }
  },
  "discovery_method": "Unknown",
  "impact": {
    "loss": [
      {
        "rating": "Moderate",
        "variety": "Brand damage"
      }
    ],
    "overall_rating": "Unknown"
  },
  "incident_id": "3AAE5222-BB76-4DC7-B959-D3964AA9FA3D",
  "notes": "",
  "plus": {
    "analysis_status": "First pass",
    "analyst": "Splitler",
    "asset": {
      "total": "No"
    },
    "attribute": {
      "confidentiality": {
        "credit_monitoring": "U",
        "data_abuse": "N",
        "data_subject": ""
      }
    },
    "created": "2013-08-05T16:50:20Z",
    "f500": "N",
    "master_id": "3AAE5222-BB76-4DC7-B959-D3964AA9FA3D",
    "timeline": {
      "notification": {
        "day": 23,
        "month": 7,
        "year": 2013
      }
    }
  },
  "reference": "http://local15tv.com/news/features/reality-check/stories/what-happens-your-personal-information-you-give-business-23.shtml  http://local15tv.com/shared/news/features/top-stories/stories/wpmi_dumpster-diving-investigation-continues-1210.shtml",
  "schema_version": "1.2.1",
  "security_incident": "Confirmed",
  "source_id": "vcdb",
  "summary": "News reporter found numerous instances of PII and financial information in title company's unsecured trash located outside of the facility.",
  "timeline": {
    "compromise": {
      "unit": "NA"
    },
    "containment": {
      "unit": "NA"
    },
    "discovery": {
      "unit": "NA"
    },
    "exfiltration": {
      "unit": "NA"
    },
    "incident": {
      "day": 23,
      "month": 7,
      "year": 2013
    }
  },
  "victim": {
    "country": "US",
    "employee_count": "1 to 10",
    "industry": "5223",
    "notes": "",
    "revenue": {
      "amount": 130000,
      "iso_currency_code": "USD"
    },
    "state": "AL",
    "victim_id": "Alabama Title Loans, Inc."
  }
}