{
  "action": {
    "physical": {
      "location": [
        "Victim work area"
      ],
      "variety": [
        "Theft"
      ],
      "vector": [
        "Unknown"
      ]
    }
  },
  "actor": {
    "external": {
      "country": [
        "Unknown"
      ],
      "motive": [
        "Financial"
      ],
      "variety": [
        "Unknown"
      ]
    }
  },
  "asset": {
    "assets": [
      {
        "variety": "U - Laptop"
      }
    ]
  },
  "attribute": {
    "availability": {
      "variety": [
        "Loss"
      ]
    },
    "confidentiality": {
      "data": [
        {
          "variety": "Bank"
        }
      ],
      "data_disclosure": "Potentially",
      "notes": "",
      "state": [
        "Stored"
      ]
    }
  },
  "discovery_method": "Unknown",
  "impact": {
    "overall_rating": "Unknown"
  },
  "incident_id": "3AC09D02-942D-4428-A485-220E33364507",
  "notes": "",
  "plus": {
    "analysis_status": "First pass",
    "analyst": "swidup",
    "asset": {
      "total": "No"
    },
    "attribute": {
      "confidentiality": {
        "credit_monitoring": "U",
        "data_abuse": "U",
        "data_subject": "Customer"
      }
    },
    "created": "2013-02-13T04:08:59Z",
    "f500": "N",
    "master_id": "3AC09D02-942D-4428-A485-220E33364507",
    "timeline": {
      "notification": {
        "day": 20,
        "month": 1,
        "year": 2012
      }
    }
  },
  "reference": "http://www.saanichnews.com/news/137764458.html, http://www.cbc.ca/news/canada/british-columbia/story/2012/01/26/bc-uvic-data-theft.html ",
  "schema_version": "1.2.1",
  "security_incident": "Confirmed",
  "source_id": "vcdb",
  "summary": "Stolen information affecting the bank accounts of thousands of people would never have ended up in the hands of thieves if an existing policy was followed at the University of Victoria.  Before assigning blame, the school wants to wait for two reviews looking into whether an employee failed to follow policy by backing up confidential employee information to a device stolen 10 days ago.  According to UVic\u2019s Information Security Policy, data such as social insurance numbers and financial information must be stored within a controlled-access system with the file being password protected or encrypted. The device must also be locked away.  The university has said the information on the stolen device was not encrypted or password protected, though it was locked up.",
  "timeline": {
    "incident": {
      "year": 2012
    }
  },
  "victim": {
    "country": "CA",
    "employee_count": "1001 to 10000",
    "industry": "611310",
    "notes": "",
    "victim_id": "University of Victoria"
  }
}