{
  "action": {
    "hacking": {
      "variety": [
        "Unknown"
      ],
      "vector": [
        "Unknown"
      ]
    }
  },
  "actor": {
    "external": {
      "country": [
        "Unknown"
      ],
      "motive": [
        "Unknown"
      ],
      "variety": [
        "Unknown"
      ]
    }
  },
  "asset": {
    "assets": [
      {
        "variety": "S - Other"
      }
    ]
  },
  "attribute": {
    "confidentiality": {
      "data": [
        {
          "amount": 31700,
          "variety": "Medical"
        }
      ],
      "data_disclosure": "Yes",
      "data_total": 31700
    }
  },
  "discovery_method": "Unknown",
  "impact": {
    "overall_rating": "Unknown"
  },
  "incident_id": "3ADB1C36-E8BF-43D3-A99F-F7F896DFFD21",
  "plus": {
    "analysis_status": "First pass",
    "created": "2013-04-12T22:29:56Z",
    "master_id": "3ADB1C36-E8BF-43D3-A99F-F7F896DFFD21",
    "timeline": {
      "notification": {}
    }
  },
  "schema_version": "1.2.1",
  "security_incident": "Confirmed",
  "source_id": "vcdb",
  "timeline": {
    "discovery": {
      "unit": "Months",
      "value": 10
    },
    "incident": {
      "day": 6,
      "month": 8,
      "year": 2010
    }
  },
  "victim": {
    "country": "US",
    "employee_count": "25001 to 50000",
    "industry": "524114",
    "state": "In",
    "victim_id": "WellPoint, Inc."
  }
}