{
  "action": {
    "hacking": {
      "notes": "",
      "variety": [
        "Unknown"
      ],
      "vector": [
        "Unknown"
      ]
    }
  },
  "actor": {
    "external": {
      "country": [
        "Unknown"
      ],
      "motive": [
        "Unknown"
      ],
      "variety": [
        "Unknown"
      ]
    }
  },
  "asset": {
    "assets": [
      {
        "variety": "Unknown"
      }
    ]
  },
  "attribute": {
    "confidentiality": {
      "data": [
        {
          "variety": "Personal"
        }
      ],
      "data_disclosure": "Yes",
      "data_total": 19,
      "notes": "Names, addresses, phone numbers, academic degrees, title or position, and dates of birth dumped on the Internet",
      "state": [
        "Stored"
      ]
    }
  },
  "discovery_method": "Unknown",
  "impact": {
    "overall_rating": "Unknown"
  },
  "incident_id": "3B2E0B9B-B4D8-4AAC-B438-F7AB82611771",
  "notes": "",
  "plus": {
    "analysis_status": "First pass",
    "analyst": "abooker",
    "asset": {
      "total": "No"
    },
    "attribute": {
      "confidentiality": {
        "credit_monitoring": "U",
        "data_abuse": "U",
        "data_subject": "Customer"
      }
    },
    "created": "2013-02-20T17:17:27Z",
    "f500": "N",
    "master_id": "3B2E0B9B-B4D8-4AAC-B438-F7AB82611771",
    "timeline": {
      "notification": {
        "day": 29,
        "month": 5,
        "year": 2012
      }
    }
  },
  "reference": "http://www.efortresses.com/2012-Breaches-Matrix.htm ",
  "schema_version": "1.2.1",
  "security_incident": "Confirmed",
  "source_id": "vcdb",
  "summary": "Names, addresses, phone numbers, academic degrees, title or position and dates of birth dumped on the Internet.",
  "timeline": {
    "incident": {
      "year": 2012
    }
  },
  "victim": {
    "country": "NG",
    "employee_count": "Unknown",
    "industry": "325180",
    "notes": "The vision of NSChE is to be the center of excellence for the Chemical Engineering profession in Africa and the prime mover of industrialization in Nigeria",
    "victim_id": "Nigerian Society of Chemical Engineers"
  }
}