{
  "action": {
    "error": {
      "notes": " [through Mail]",
      "variety": [
        "Misdelivery"
      ],
      "vector": [
        "Unknown"
      ]
    }
  },
  "actor": {
    "internal": {
      "motive": [
        "NA"
      ],
      "variety": [
        "Unknown"
      ]
    }
  },
  "asset": {
    "assets": [
      {
        "variety": "M - Documents"
      }
    ]
  },
  "attribute": {
    "confidentiality": {
      "data": [
        {
          "amount": 1,
          "variety": "Personal"
        }
      ],
      "data_disclosure": "Yes",
      "data_total": 1,
      "notes": "",
      "state": [
        "Stored"
      ]
    }
  },
  "discovery_method": "Ext - customer",
  "impact": {
    "overall_rating": "Unknown"
  },
  "incident_id": "3B33FCE7-F4A6-4A04-9B9F-2347098845AD",
  "notes": "",
  "plus": {
    "analysis_status": "First pass",
    "analyst": "swidup",
    "asset": {
      "total": "No"
    },
    "attribute": {
      "confidentiality": {
        "credit_monitoring": "U",
        "data_abuse": "U",
        "data_subject": "Other"
      }
    },
    "created": "2013-02-23T03:32:43Z",
    "f500": "N",
    "master_id": "3B33FCE7-F4A6-4A04-9B9F-2347098845AD",
    "timeline": {
      "notification": {
        "day": 11,
        "month": 12,
        "year": 2012
      }
    }
  },
  "reference": "http://www.voxy.co.nz/politics/another-govt-privacy-breach-nz-first/5/143158 ",
  "schema_version": "1.2.1",
  "security_incident": "Confirmed",
  "source_id": "vcdb",
  "summary": "Corrections spokesperson Asenati Lole-Taylor says the latest breach happened when an individual who wanted to visit an inmate was sent official forms to apply for permission.  \"This individual was sent an envelope with the official forms - but the envelope also contained the personal details of another prisoner who was a complete stranger and details of that prisoner\u2019s visitor.  \"This is an example of Corrections systems failing a visitor, a prisoner and the taxpayers who fund the system\".  Mrs Lole-Taylor says these mistakes and privacy breaches are either the result of carelessness or individuals trying to work in a dysfunctional system.",
  "timeline": {
    "incident": {
      "year": 2012
    }
  },
  "victim": {
    "country": "NZ",
    "employee_count": "Unknown",
    "industry": "9221",
    "notes": "",
    "victim_id": "New Zealand Corrections"
  }
}