{
  "action": {},
  "actor": {
    "unknown": {}
  },
  "asset": {},
  "attribute": {
    "confidentiality": {
      "data": [
        {
          "amount": 7121,
          "variety": "Medical"
        }
      ],
      "data_disclosure": "Potentially",
      "data_total": 7121
    }
  },
  "discovery_method": "Unknown",
  "impact": {
    "overall_rating": "Unknown"
  },
  "incident_id": "3B526D3A-ACCD-4C25-8E94-423BA0837C62",
  "plus": {
    "analysis_status": "First pass",
    "created": "2013-04-12T22:29:56Z",
    "master_id": "3B526D3A-ACCD-4C25-8E94-423BA0837C62",
    "timeline": {
      "notification": {}
    }
  },
  "schema_version": "1.2.1",
  "security_incident": "Confirmed",
  "source_id": "vcdb",
  "timeline": {
    "discovery": {
      "unit": "Months",
      "value": 3
    },
    "incident": {
      "day": 10,
      "month": 5,
      "year": 2012
    }
  },
  "victim": {
    "country": "US",
    "employee_count": "11 to 100",
    "industry": "611310",
    "state": "Ar",
    "victim_id": "University of Arkansas for Medical Sciences"
  }
}