{
  "action": {
    "physical": {
      "location": [
        "Victim work area"
      ],
      "variety": [
        "Theft"
      ],
      "vector": [
        "Unknown"
      ]
    }
  },
  "actor": {
    "external": {
      "country": [
        "Unknown"
      ],
      "motive": [
        "Financial"
      ],
      "variety": [
        "Unknown"
      ]
    }
  },
  "asset": {
    "assets": [
      {
        "variety": "U - Desktop"
      }
    ]
  },
  "attribute": {
    "availability": {
      "variety": [
        "Loss"
      ]
    },
    "confidentiality": {
      "data": [
        {
          "variety": "Personal"
        }
      ],
      "data_disclosure": "Potentially",
      "notes": "",
      "state": [
        "Stored unencrypted"
      ]
    }
  },
  "discovery_method": "Unknown",
  "impact": {
    "overall_rating": "Unknown"
  },
  "incident_id": "3B70C831-A28F-4811-9C4D-CAF41FA67E8D",
  "notes": "",
  "plus": {
    "analysis_status": "First pass",
    "analyst": "swidup",
    "asset": {
      "total": "No"
    },
    "attribute": {
      "confidentiality": {
        "credit_monitoring": "U",
        "data_abuse": "U",
        "data_subject": "Customer"
      }
    },
    "created": "2013-07-01T23:42:26Z",
    "f500": "N",
    "master_id": "3B70C831-A28F-4811-9C4D-CAF41FA67E8D",
    "timeline": {
      "notification": {
        "year": 2008
      }
    }
  },
  "reference": "http://blog.annualcreditreport.co.uk/tagged/data-loss",
  "schema_version": "1.2.1",
  "security_incident": "Confirmed",
  "source_id": "vcdb",
  "summary": "Personal details of residents have been lost by Camden Council following the theft of unencrypted computers.  The losses are revealed in records released under the Freedom of Information Act.  Camden Council has not been able to state how many children and residents were potentially exposed by the thefts of a SEN laptop in October last year and an iPAQ hand-held computer in February containing \u201cwork-related\u201d emails connected to Camden Council\u2019s social inclusion and behaviour team.",
  "timeline": {
    "incident": {
      "month": 10,
      "year": 2007
    }
  },
  "victim": {
    "country": "GB",
    "employee_count": "101 to 1000",
    "industry": "921120",
    "notes": "",
    "victim_id": "Camden Council"
  }
}