{
  "action": {
    "misuse": {
      "variety": [
        "Privilege abuse"
      ],
      "vector": [
        "Physical access"
      ]
    }
  },
  "actor": {
    "internal": {
      "motive": [
        "Financial"
      ],
      "variety": [
        "Executive"
      ]
    }
  },
  "asset": {
    "assets": [
      {
        "variety": "Unknown"
      }
    ]
  },
  "attribute": {
    "confidentiality": {
      "data": [
        {
          "variety": "Medical"
        },
        {
          "variety": "Personal"
        }
      ],
      "data_disclosure": "Yes",
      "notes": "",
      "state": [
        "Unknown"
      ]
    }
  },
  "discovery_method": "Unknown",
  "impact": {
    "overall_rating": "Unknown"
  },
  "incident_id": "3B9429FD-ABC6-49BE-8001-243260F55164",
  "notes": "",
  "plus": {
    "analysis_status": "First pass",
    "analyst": "swidup",
    "asset": {
      "total": "No"
    },
    "attribute": {
      "confidentiality": {
        "credit_monitoring": "N",
        "data_abuse": "U",
        "data_subject": "Customer"
      }
    },
    "created": "2013-08-22T04:51:18Z",
    "f500": "U",
    "master_id": "3B9429FD-ABC6-49BE-8001-243260F55164",
    "timeline": {
      "notification": {
        "day": 23,
        "month": 7,
        "year": 2013
      }
    }
  },
  "reference": "https://oag.ca.gov/system/files/HIPAA%20Breach%20Letter%20-%20San%20Jose%20Medical%20Supply_0.pdf, http://www.sccaseinfo.org/pa6.asp?full_case_number=1-13-CV-244620&crumbs=Civil%20Index&crumbs=Party/Case%20Type%20Search&crumbs=Party/Case%20Type%20Results&crumbs=Cases%20Involving%20Front%20Medical%20Supply,%20Inc., http://www.esecurityplanet.com/network-security/san-jose-medical-supply-acknowledges-security-breach.html, http://www.phiprivacy.net/san-jose-medical-supply-reports-insider-breach-sues-former-employees-and-two-competitors/",
  "schema_version": "1.2.1",
  "security_incident": "Confirmed",
  "source_id": "vcdb",
  "summary": "California's San Jose Medical Supply Company recently began notifying current and former customers of a breach of their personal information, which took place in 2011 but was only recently discovered by the company's new management.  When the company's former owned died in August 2011, the company continued operating under the management of trustees.  In August 2012, current president Jesille Kuizon purchased the company, and discovered what Kuizon describes in the notification letter [PDF] as \"suspicious activity taken by the former employees, officers and/or agents of the prior owner, which may have compromised the security of your health information.\"",
  "timeline": {
    "incident": {
      "year": 2011
    }
  },
  "victim": {
    "country": "US",
    "employee_count": "Unknown",
    "industry": "0000",
    "notes": "",
    "state": "CA",
    "victim_id": "San Jose Medical Supply Company"
  }
}