{
  "action": {
    "error": {
      "variety": [
        "Publishing error"
      ],
      "vector": [
        "Carelessness"
      ]
    }
  },
  "actor": {
    "internal": {
      "motive": [
        "NA"
      ],
      "variety": [
        "Unknown"
      ]
    }
  },
  "asset": {
    "assets": [
      {
        "variety": "M - Documents"
      }
    ]
  },
  "attribute": {
    "confidentiality": {
      "data": [
        {
          "amount": 560,
          "variety": "Medical"
        }
      ],
      "data_disclosure": "Potentially",
      "data_total": 560
    }
  },
  "discovery_method": "Unknown",
  "impact": {
    "overall_rating": "Unknown"
  },
  "incident_id": "3C0B2BD9-85B0-47C1-8C68-063E0633D5DE",
  "plus": {
    "analysis_status": "First pass",
    "created": "2013-04-12T22:29:56Z",
    "master_id": "3C0B2BD9-85B0-47C1-8C68-063E0633D5DE",
    "timeline": {
      "notification": {}
    }
  },
  "schema_version": "1.2.1",
  "security_incident": "Confirmed",
  "source_id": "vcdb",
  "timeline": {
    "discovery": {
      "unit": "Months",
      "value": 3
    },
    "incident": {
      "day": 20,
      "month": 8,
      "year": 2010
    }
  },
  "victim": {
    "country": "US",
    "employee_count": "101 to 1000",
    "industry": "524114",
    "state": "Pa",
    "victim_id": "Penn Treaty Network America Insurance Company"
  }
}