{
  "action": {
    "error": {
      "notes": "Sending the decryption key with the encrypted drive is more than just careless, but it is our best option here.",
      "variety": [
        "Loss"
      ],
      "vector": [
        "Carelessness"
      ]
    }
  },
  "actor": {
    "partner": {
      "country": [
        "US"
      ],
      "industry": "541211",
      "motive": [
        "NA"
      ],
      "notes": ""
    }
  },
  "asset": {
    "assets": [
      {
        "variety": "M - Flash drive"
      }
    ],
    "hosting": "External",
    "management": "External",
    "notes": ""
  },
  "attribute": {
    "availability": {
      "variety": [
        "Loss"
      ]
    },
    "confidentiality": {
      "data": [
        {
          "variety": "Personal"
        }
      ],
      "data_disclosure": "Yes",
      "notes": "Encryption key",
      "state": [
        "Stored encrypted"
      ]
    }
  },
  "discovery_method": "Ext - customer",
  "impact": {
    "overall_rating": "Unknown"
  },
  "incident_id": "3C13195F-810D-4135-A456-93A022124995",
  "notes": "",
  "plus": {
    "analysis_status": "First pass",
    "analyst": "swidup",
    "asset": {
      "total": "No"
    },
    "attribute": {
      "confidentiality": {
        "credit_monitoring": "Y",
        "data_abuse": "U",
        "data_subject": "Partner"
      }
    },
    "created": "2013-02-12T17:32:00Z",
    "f500": "Y",
    "master_id": "3C13195F-810D-4135-A456-93A022124995",
    "timeline": {
      "notification": {
        "day": 23,
        "month": 1,
        "year": 2012
      }
    }
  },
  "reference": "http://blog.al.com/businessnews/2012/01/regions_says_employee_401k_dat.html ",
  "schema_version": "1.2.1",
  "security_incident": "Confirmed",
  "source_id": "vcdb",
  "summary": "Personal information about Regions Financial Corp. current and former employees was lost in November when a flash drive with the data came up missing after being mailed by outside auditor Ernst & Young in the same envelope as the decryption code.",
  "timeline": {
    "incident": {
      "day": 30,
      "month": 11,
      "year": 2011
    }
  },
  "victim": {
    "country": "US",
    "employee_count": "25001 to 50000",
    "industry": "522110",
    "notes": "",
    "revenue": {
      "amount": 6000000000,
      "iso_currency_code": "USD"
    },
    "state": "AL",
    "victim_id": "Regions Financial Corporation"
  }
}