{
  "action": {
    "hacking": {
      "notes": "",
      "variety": [
        "Unknown"
      ],
      "vector": [
        "Web application"
      ]
    }
  },
  "actor": {
    "external": {
      "country": [
        "Unknown"
      ],
      "motive": [
        "Unknown"
      ],
      "variety": [
        "Unknown"
      ]
    }
  },
  "asset": {
    "assets": [
      {
        "variety": "S - Web application"
      }
    ]
  },
  "attribute": {
    "confidentiality": {
      "data": [
        {
          "amount": 6400000,
          "variety": "Credentials"
        }
      ],
      "data_disclosure": "Yes",
      "data_total": 6400000,
      "notes": "",
      "state": [
        "Stored"
      ]
    }
  },
  "discovery_method": "Ext - actor disclosure",
  "impact": {
    "overall_rating": "Unknown"
  },
  "incident_id": "3C3191ED-C7CD-4272-9465-F5B538218F98",
  "notes": "",
  "plus": {
    "analysis_status": "First pass",
    "analyst": "swidup",
    "asset": {
      "total": "No"
    },
    "attribute": {
      "confidentiality": {
        "credit_monitoring": "U",
        "data_abuse": "U",
        "data_subject": "Customer"
      }
    },
    "created": "2013-02-16T22:31:30Z",
    "f500": "N",
    "master_id": "3C3191ED-C7CD-4272-9465-F5B538218F98",
    "timeline": {
      "notification": {
        "day": 8,
        "month": 6,
        "year": 2012
      }
    }
  },
  "reference": "http://in.reuters.com/article/2012/06/07/us-linkedin-breach-idINBRE85511820120607, http://www.zdnet.com/blog/btl/6-46-million-linkedin-passwords-leaked-online/79290 ",
  "schema_version": "1.2.1",
  "security_incident": "Confirmed",
  "source_id": "vcdb",
  "summary": "LinkedIn Corp is working with the FBI as the social network for job seekers and professionals investigates the theft of 6.4 million member passwords, the company said on Thursday.  The company does not know of any accounts that were taken over as a result of the security violations, according to LinkedIn spokesman Hani Durzy.",
  "timeline": {
    "incident": {
      "year": 2012
    }
  },
  "victim": {
    "country": "US",
    "employee_count": "1001 to 10000",
    "industry": "519130",
    "notes": "",
    "revenue": {
      "amount": 972310000,
      "iso_currency_code": "USD"
    },
    "state": "CA",
    "victim_id": "LinkedIn"
  }
}