{
  "action": {
    "malware": {
      "name": "",
      "variety": [
        "Unknown"
      ],
      "vector": [
        "Direct install"
      ]
    }
  },
  "actor": {
    "external": {
      "country": [
        "Unknown"
      ],
      "motive": [
        "Unknown"
      ],
      "variety": [
        "Unknown"
      ]
    }
  },
  "asset": {
    "assets": [
      {
        "variety": "Unknown"
      }
    ]
  },
  "attribute": {
    "confidentiality": {
      "data": [
        {
          "variety": "Personal"
        }
      ],
      "data_disclosure": "Potentially",
      "notes": "The malware placed allowed user IDs and hashed passwords to be transmitted.  The user IDs were among employees, contractors and suppliers worldwide.",
      "state": [
        "Stored"
      ]
    },
    "integrity": {
      "variety": [
        "Software installation"
      ]
    }
  },
  "discovery_method": "Int - reported by user",
  "impact": {
    "overall_rating": "Unknown"
  },
  "incident_id": "3CA2EE94-F4D7-4E11-9EC4-44CED0422B7C",
  "notes": "",
  "plus": {
    "analysis_status": "First pass",
    "analyst": "abooker",
    "asset": {
      "total": "No"
    },
    "attribute": {
      "confidentiality": {
        "credit_monitoring": "U",
        "data_abuse": "U",
        "data_subject": "Partner"
      }
    },
    "created": "2013-02-21T14:10:16Z",
    "f500": "N",
    "master_id": "3CA2EE94-F4D7-4E11-9EC4-44CED0422B7C",
    "timeline": {
      "notification": {
        "day": 23,
        "month": 4,
        "year": 2012
      }
    }
  },
  "reference": "http://www.databreachtoday.com/virus-causes-nissan-data-breach-a-4698; http://nissannews.com/en-US/nissan/usa/releases/statement-nissan-is-taking-actions-to-protect-and-inform-employees-and-customers-following-an-intrusion-into-the-company-s-global-network-systems?la=1&download_url=%2Fen-US%2Fnissan%2Fusa%2Freleases%2Fdb7532f4-1e6e-4b5c-bc51-54f07b4dc502%2Fdownload%2F825faf56-0ccf-4f70-8210-394656dadd32 ",
  "schema_version": "1.2.1",
  "security_incident": "Confirmed",
  "source_id": "vcdb",
  "summary": "Malware placed on Nissan Motor Co.'s network allowed user IDs and hashed passwords to be transmitted.",
  "timeline": {
    "incident": {
      "year": 2012
    }
  },
  "victim": {
    "country": "US",
    "employee_count": "Unknown",
    "industry": "441110",
    "notes": "",
    "state": "TN",
    "victim_id": "Nissan Motor Co."
  }
}