{
  "action": {
    "physical": {
      "location": [
        "Unknown"
      ],
      "variety": [
        "Theft"
      ],
      "vector": [
        "Unknown"
      ]
    }
  },
  "actor": {
    "external": {
      "country": [
        "Unknown"
      ],
      "motive": [
        "Unknown"
      ],
      "variety": [
        "Unknown"
      ]
    }
  },
  "asset": {
    "assets": [
      {
        "variety": "U - Laptop"
      }
    ]
  },
  "attribute": {
    "availability": {
      "variety": [
        "Loss"
      ]
    },
    "confidentiality": {
      "data": [
        {
          "amount": 1220000,
          "variety": "Medical"
        }
      ],
      "data_disclosure": "Yes",
      "data_total": 1220000
    }
  },
  "discovery_method": "Unknown",
  "impact": {
    "overall_rating": "Unknown"
  },
  "incident_id": "3CCF0BF0-EC5D-4F41-B2A2-29EA741FBA4B",
  "plus": {
    "analysis_status": "First pass",
    "created": "2013-04-12T22:29:56Z",
    "master_id": "3CCF0BF0-EC5D-4F41-B2A2-29EA741FBA4B",
    "timeline": {
      "notification": {}
    }
  },
  "reference": "http://www.mainjustice.com/2013/09/05/settlement-reached-in-healthcare-data-breach-lawsuit/",
  "schema_version": "1.2.1",
  "security_incident": "Confirmed",
  "source_id": "vcdb",
  "summary": "The company has settled a class action lawsuit without admitting guilt after the theft of two laptops containing sensitive information on 1.2 million patients.  Subsequent fraudulent use of the data has been confirmed as part of the lawsuit by customers of the company. The settlement details are not currently public.",
  "timeline": {
    "discovery": {
      "unit": "Months",
      "value": 6
    },
    "incident": {
      "day": 4,
      "month": 6,
      "year": 2010
    }
  },
  "victim": {
    "country": "US",
    "employee_count": "11 to 100",
    "industry": "524114",
    "state": "Fl",
    "victim_id": "AvMed, Inc."
  }
}