{
  "action": {
    "hacking": {
      "notes": "",
      "variety": [
        "Unknown"
      ],
      "vector": [
        "Web application"
      ]
    }
  },
  "actor": {
    "external": {
      "country": [
        "Unknown"
      ],
      "motive": [
        "Financial"
      ],
      "variety": [
        "Unknown"
      ]
    }
  },
  "asset": {
    "assets": [
      {
        "variety": "S - Web application"
      }
    ]
  },
  "attribute": {
    "confidentiality": {
      "data": [
        {
          "variety": "Payment"
        },
        {
          "variety": "Personal"
        }
      ],
      "data_disclosure": "Yes",
      "notes": "",
      "state": [
        "Stored encrypted"
      ]
    }
  },
  "discovery_method": "Int - IT audit",
  "impact": {
    "overall_rating": "Unknown"
  },
  "incident_id": "3D69AE3A-8DB3-45C2-B1CE-E0ACD74A6540",
  "notes": "",
  "plus": {
    "analysis_status": "First pass",
    "analyst": "swidup",
    "asset": {
      "total": "No"
    },
    "attribute": {
      "confidentiality": {
        "credit_monitoring": "Y",
        "data_abuse": "U",
        "data_subject": "Customer"
      }
    },
    "created": "2013-02-11T03:45:01Z",
    "f500": "N",
    "master_id": "3D69AE3A-8DB3-45C2-B1CE-E0ACD74A6540",
    "timeline": {
      "notification": {
        "day": 8,
        "month": 3,
        "year": 2012
      }
    }
  },
  "reference": "http://doj.nh.gov/consumer/security-breaches/documents/worldpass-20120327.pdf ",
  "schema_version": "1.2.1",
  "security_incident": "Confirmed",
  "source_id": "vcdb",
  "summary": "around March 5, 2012 we learn through our IT administrator that we were the victim of cyber attacks by someone who gained unauthorized access to parts of our internal network and data systems.  the cyber attacks may have begun as early as July 2010. The database unlawfully accessed in part contained client booking information including username, e-mail addresses, billing addresses, and payment information. We believe information about some of our customers, including the credit card information, was viewed without authorization. The accessed data was stored in a secure way and was put connected by encryption technology but the perpetrator was able to circumvent the security measures. Immediately upon learning of this unauthorized activity we shut down our entire data system to fully investigate the matter and eliminate any further unlawful access to our system. As of the date of this letter, our systems have been restored and are fully functional and operating with increased system security, including enhanced password protection.",
  "timeline": {
    "incident": {
      "day": 31,
      "month": 7,
      "year": 2010
    }
  },
  "victim": {
    "country": "US",
    "employee_count": "11 to 100",
    "industry": "561510",
    "notes": "",
    "revenue": {
      "amount": 4100000,
      "iso_currency_code": "USD"
    },
    "state": "CA",
    "victim_id": "WorldPass"
  }
}