{
  "action": {
    "hacking": {
      "variety": [
        "Unknown"
      ],
      "vector": [
        "Unknown"
      ]
    }
  },
  "actor": {
    "external": {
      "country": [
        "Unknown"
      ],
      "motive": [
        "Unknown"
      ],
      "variety": [
        "Unknown"
      ]
    }
  },
  "asset": {
    "assets": [
      {
        "variety": "S - Other"
      }
    ]
  },
  "attribute": {
    "confidentiality": {
      "data": [
        {
          "amount": 506,
          "variety": "Medical"
        }
      ],
      "data_disclosure": "Yes",
      "data_total": 506
    }
  },
  "discovery_method": "Unknown",
  "impact": {
    "overall_rating": "Unknown"
  },
  "incident_id": "3D95C59B-FB3C-4333-9B4E-B6EB4A83C440",
  "plus": {
    "analysis_status": "First pass",
    "created": "2013-04-12T22:29:56Z",
    "master_id": "3D95C59B-FB3C-4333-9B4E-B6EB4A83C440"
  },
  "schema_version": "1.2.1",
  "security_incident": "Confirmed",
  "source_id": "vcdb",
  "timeline": {
    "discovery": {
      "unit": "Unknown"
    },
    "incident": {
      "day": 9,
      "month": 8,
      "year": 2011
    }
  },
  "victim": {
    "country": "US",
    "employee_count": "1 to 10",
    "industry": "525120",
    "state": "In",
    "victim_id": "Ashley Industrial Molding, Inc. Employee Welfare Benefit Plan"
  }
}