{
  "action": {
    "physical": {
      "location": [
        "Victim work area"
      ],
      "variety": [
        "Tampering"
      ],
      "vector": [
        "Unknown"
      ]
    }
  },
  "actor": {
    "external": {
      "country": [
        "Unknown"
      ],
      "motive": [
        "Financial"
      ],
      "variety": [
        "Unknown"
      ]
    }
  },
  "asset": {
    "assets": [
      {
        "variety": "U - POS terminal"
      }
    ]
  },
  "attribute": {
    "confidentiality": {
      "data": [
        {
          "variety": "Payment"
        }
      ],
      "data_disclosure": "Yes"
    },
    "integrity": {
      "variety": [
        "Unknown"
      ]
    }
  },
  "discovery_method": "Unknown",
  "incident_id": "3DCB616A-0771-48E0-BCDF-2E12A65B1D62",
  "plus": {
    "analysis_status": "First pass",
    "created": "2013-09-10T20:13:32Z",
    "master_id": "3DCB616A-0771-48E0-BCDF-2E12A65B1D62",
    "timeline": {
      "notification": {
        "day": 15,
        "month": 4,
        "year": 2013
      }
    }
  },
  "reference": "http://www.phillyburbs.com/news/local/burlington_county_times_news/skimming-device-found-at-burl-twp-wawa/article_0f424291-e389-5d5c-8db9-980dbb049673.html",
  "schema_version": "1.2.1",
  "security_incident": "Confirmed",
  "source_id": "vcdb",
  "summary": "Customers who shopped at a Wawa on Salem Road in Burlington, New Jersey noticed fraudulent purchases on their credit cards.  Investigators were able to trace the fraud to four people and arrest them. The four men were charged with credit card theft, credit card fraud, identity theft, and having electronic devices for criminal use.  More victims are expected to be found.",
  "timeline": {
    "incident": {
      "year": 2013
    }
  },
  "victim": {
    "country": "US",
    "employee_count": "10001 to 25000",
    "industry": "445120",
    "state": "NJ",
    "victim_id": "Wawa"
  }
}