{
  "action": {
    "physical": {
      "location": [
        "Personal residence"
      ],
      "variety": [
        "Theft"
      ],
      "vector": [
        "Unknown"
      ]
    }
  },
  "actor": {
    "external": {
      "country": [
        "Unknown"
      ],
      "motive": [
        "Unknown"
      ],
      "variety": [
        "Unknown"
      ]
    }
  },
  "asset": {
    "assets": [
      {
        "amount": 1,
        "variety": "U - Laptop"
      }
    ]
  },
  "attribute": {
    "availability": {
      "variety": [
        "Loss"
      ]
    },
    "confidentiality": {
      "data": [
        {
          "amount": 2300,
          "variety": "Medical"
        }
      ],
      "data_disclosure": "Potentially",
      "data_total": 2300
    }
  },
  "discovery_method": "Unknown",
  "impact": {
    "overall_rating": "Unknown"
  },
  "incident_id": "3DF514E1-694D-4332-AFF9-8A7B5986EE3E",
  "plus": {
    "analysis_status": "First pass",
    "created": "2013-04-12T22:29:56Z",
    "master_id": "3DF514E1-694D-4332-AFF9-8A7B5986EE3E",
    "timeline": {
      "notification": {}
    }
  },
  "schema_version": "1.2.1",
  "security_incident": "Confirmed",
  "source_id": "vcdb",
  "timeline": {
    "discovery": {
      "unit": "Months",
      "value": 2
    },
    "incident": {
      "day": 9,
      "month": 6,
      "year": 2010
    }
  },
  "victim": {
    "country": "US",
    "employee_count": "1 to 10",
    "industry": "621112",
    "state": "Mi",
    "victim_id": "Nihal Saran, MD"
  }
}