{
  "action": {
    "hacking": {
      "notes": "",
      "variety": [
        "Unknown"
      ],
      "vector": [
        "Web application"
      ]
    }
  },
  "actor": {
    "external": {
      "country": [
        "Unknown"
      ],
      "motive": [
        "Ideology"
      ],
      "variety": [
        "Activist"
      ]
    }
  },
  "asset": {
    "assets": [
      {
        "variety": "S - Web application"
      }
    ]
  },
  "attribute": {
    "confidentiality": {
      "data": [
        {
          "variety": "Credentials"
        }
      ],
      "data_disclosure": "Yes",
      "notes": "",
      "state": [
        "Stored"
      ]
    }
  },
  "discovery_method": "Unknown",
  "impact": {
    "overall_rating": "Unknown"
  },
  "incident_id": "3E0E16FE-3668-41C2-B879-F179870F0AB6",
  "notes": "",
  "plus": {
    "analysis_status": "First pass",
    "analyst": "swidup",
    "asset": {
      "total": "No"
    },
    "attribute": {
      "confidentiality": {
        "credit_monitoring": "U",
        "data_abuse": "Y",
        "data_subject": "Customer"
      }
    },
    "created": "2013-08-23T04:58:51Z",
    "f500": "U",
    "master_id": "3E0E16FE-3668-41C2-B879-F179870F0AB6",
    "timeline": {
      "notification": {
        "day": 23,
        "month": 7,
        "year": 2013
      }
    }
  },
  "reference": "http://news.softpedia.com/news/Hacker-Claims-to-Have-Breached-Atlanta-Chapter-of-the-Federal-Bar-Association-370237.shtml",
  "schema_version": "1.2.1",
  "security_incident": "Confirmed",
  "source_id": "vcdb",
  "summary": "A hacker that uses the online moniker Ag3nt47 claims to have breached the Atlanta Chapter of the US Federal Bar Association (fedbaratlanta.org).  The hacker has published several user records allegedly stolen from the website\u2019s databases. The leaked data includes administrator names, usernames and passwords.  In addition, Ag3nt47 has posted on Pastebin the names, addresses, email addresses, passwords, and other contact information of around 85 individuals.  I can\u2019t confirm if the leaked data genuinely comes from the systems of Atlanta Chapter of the US Federal Bar Association (FBA). However, many of the names from the file published by the hacker do match the ones of FBA members.  I\u2019ve reached out to the organization in hopes that it can provide more details.  I\u2019ll update this post if it responds.",
  "timeline": {
    "incident": {
      "year": 2013
    }
  },
  "victim": {
    "country": "US",
    "employee_count": "Unknown",
    "industry": "0000",
    "notes": "",
    "state": "GA",
    "victim_id": "Federal Bar Association"
  }
}