{
  "action": {
    "hacking": {
      "notes": "",
      "variety": [
        "Unknown"
      ],
      "vector": [
        "Web application"
      ]
    }
  },
  "actor": {
    "external": {
      "country": [
        "Unknown"
      ],
      "motive": [
        "Financial"
      ],
      "variety": [
        "Unknown"
      ]
    }
  },
  "asset": {
    "assets": [
      {
        "variety": "S - Web application"
      }
    ]
  },
  "attribute": {
    "confidentiality": {
      "data": [
        {
          "variety": "Payment"
        },
        {
          "variety": "Personal"
        }
      ],
      "data_disclosure": "Yes",
      "notes": "",
      "state": [
        "Stored unencrypted"
      ]
    }
  },
  "discovery_method": "Unknown",
  "impact": {
    "overall_rating": "Unknown"
  },
  "incident_id": "3E153AB4-7A28-4174-9C3E-FDDA9C5C5E02",
  "notes": "",
  "plus": {
    "analysis_status": "First pass",
    "analyst": "swidup",
    "asset": {
      "total": "No"
    },
    "attribute": {
      "confidentiality": {
        "credit_monitoring": "N",
        "data_abuse": "Y",
        "data_subject": "Customer"
      }
    },
    "created": "2013-02-07T04:49:57Z",
    "f500": "N",
    "master_id": "3E153AB4-7A28-4174-9C3E-FDDA9C5C5E02",
    "timeline": {
      "notification": {
        "day": 9,
        "month": 1,
        "year": 2013
      }
    }
  },
  "reference": "http://doj.nh.gov/consumer/security-breaches/documents/centric-group-20130109.pdf ",
  "schema_version": "1.2.1",
  "security_incident": "Confirmed",
  "source_id": "vcdb",
  "summary": "Computer system hacked, data included customer name, credit/debit cards, expiration and CVV.  ",
  "timeline": {
    "incident": {
      "month": 8,
      "year": 2010
    }
  },
  "victim": {
    "country": "US",
    "employee_count": "1001 to 10000",
    "industry": "424490",
    "notes": "",
    "revenue": {
      "amount": 750000000,
      "iso_currency_code": "USD"
    },
    "state": "MO",
    "victim_id": "Centric Group, LLC"
  }
}