{
  "action": {
    "hacking": {
      "notes": "",
      "variety": [
        "Unknown"
      ],
      "vector": [
        "Web application"
      ]
    }
  },
  "actor": {
    "external": {
      "country": [
        "Unknown"
      ],
      "motive": [
        "Unknown"
      ],
      "variety": [
        "Unknown"
      ]
    }
  },
  "asset": {
    "assets": [
      {
        "variety": "S - Web application"
      }
    ]
  },
  "attribute": {
    "confidentiality": {
      "data": [
        {
          "amount": 1630,
          "variety": "Credentials"
        }
      ],
      "data_disclosure": "Yes",
      "data_total": 1630,
      "notes": "",
      "state": [
        "Unknown"
      ]
    }
  },
  "discovery_method": "Ext - actor disclosure",
  "impact": {
    "overall_rating": "Unknown"
  },
  "incident_id": "3E175188-D873-4919-821D-D6A03F03B7CD",
  "notes": "",
  "plus": {
    "analysis_status": "First pass",
    "analyst": "swidup",
    "asset": {
      "total": "No"
    },
    "attribute": {
      "confidentiality": {
        "credit_monitoring": "U",
        "data_abuse": "U",
        "data_subject": "Customer"
      }
    },
    "created": "2013-02-15T05:46:41Z",
    "f500": "N",
    "master_id": "3E175188-D873-4919-821D-D6A03F03B7CD",
    "timeline": {
      "notification": {
        "day": 2,
        "month": 4,
        "year": 2012
      }
    }
  },
  "reference": "http://news.softpedia.com/news/Xbox-Live-Clans-Hacked-Used-Data-Leaked-249116.shtml ",
  "schema_version": "1.2.1",
  "security_incident": "Confirmed",
  "source_id": "vcdb",
  "summary": "Usernames, passwords and email addresses dumped on the Internet",
  "timeline": {
    "incident": {
      "year": 2012
    }
  },
  "victim": {
    "country": "GB",
    "employee_count": "Unknown",
    "industry": "5112",
    "notes": "",
    "victim_id": "Xbox Resource"
  }
}