{
  "action": {
    "physical": {
      "location": [
        "Unknown"
      ],
      "variety": [
        "Theft"
      ],
      "vector": [
        "Unknown"
      ]
    }
  },
  "actor": {
    "external": {
      "country": [
        "Unknown"
      ],
      "motive": [
        "Unknown"
      ],
      "variety": [
        "Unknown"
      ]
    }
  },
  "asset": {
    "assets": [
      {
        "variety": "M - Flash drive"
      }
    ]
  },
  "attribute": {
    "availability": {
      "variety": [
        "Loss"
      ]
    },
    "confidentiality": {
      "data": [
        {
          "amount": 10000,
          "variety": "Medical"
        }
      ],
      "data_disclosure": "Potentially",
      "data_total": 10000
    }
  },
  "discovery_method": "Unknown",
  "impact": {
    "overall_rating": "Unknown"
  },
  "incident_id": "3E4C6532-3D5F-4C72-92C7-348F24A18AEE",
  "plus": {
    "analysis_status": "First pass",
    "created": "2013-04-12T22:29:56Z",
    "master_id": "3E4C6532-3D5F-4C72-92C7-348F24A18AEE"
  },
  "schema_version": "1.2.1",
  "security_incident": "Confirmed",
  "source_id": "vcdb",
  "timeline": {
    "discovery": {
      "unit": "Unknown"
    },
    "incident": {
      "day": 1,
      "month": 3,
      "year": 2011
    }
  },
  "victim": {
    "country": "US",
    "employee_count": "1 to 10",
    "industry": "621210",
    "state": "Az",
    "victim_id": "Brian J Daniels D.D.S.,Paul R Daniels D.D.S."
  }
}