{
  "action": {
    "hacking": {
      "notes": "",
      "variety": [
        "SQLi"
      ],
      "vector": [
        "Web application"
      ]
    }
  },
  "actor": {
    "external": {
      "country": [
        "Unknown"
      ],
      "motive": [
        "Ideology"
      ],
      "variety": [
        "Activist"
      ]
    }
  },
  "asset": {
    "assets": [
      {
        "variety": "S - Web application"
      }
    ]
  },
  "attribute": {
    "confidentiality": {
      "data": [
        {
          "variety": "Credentials"
        }
      ],
      "data_disclosure": "Yes",
      "notes": "",
      "state": [
        "Stored"
      ]
    },
    "integrity": {
      "variety": [
        "Misappropriation"
      ]
    }
  },
  "discovery_method": "Ext - actor disclosure",
  "impact": {
    "overall_rating": "Unknown"
  },
  "incident_id": "3ECAF4BA-6AFB-4F52-93E5-AB78E39353AD",
  "notes": "Listed in graphic as Jan 10.  Part of the #OpFreePalestine activity.",
  "plus": {
    "analysis_status": "First pass",
    "analyst": "swidup",
    "asset": {
      "total": "No"
    },
    "attribute": {
      "confidentiality": {
        "credit_monitoring": "U",
        "data_abuse": "U",
        "data_subject": "Unknown"
      }
    },
    "created": "2013-02-12T03:27:13Z",
    "f500": "N",
    "master_id": "3ECAF4BA-6AFB-4F52-93E5-AB78E39353AD",
    "timeline": {
      "notification": {
        "day": 10,
        "month": 1,
        "year": 2012
      }
    }
  },
  "reference": "http://hackmageddon.com/tag/bar-ilan-university-geography-and-environment-department/",
  "schema_version": "1.2.1",
  "security_incident": "Confirmed",
  "source_id": "vcdb",
  "summary": "From Bar-Ilan University Geography and Environment Department (home.geoenv.biu.ac.il):  36 names, email addresses and SHA1 passwords.",
  "timeline": {
    "incident": {
      "day": 10,
      "month": 1,
      "year": 2012
    }
  },
  "victim": {
    "country": "IL",
    "employee_count": "1001 to 10000",
    "industry": "611310",
    "notes": "",
    "revenue": {
      "amount": 293220000,
      "iso_currency_code": "USD"
    },
    "victim_id": "Bar-Ilan University"
  }
}