{
  "action": {
    "physical": {
      "location": [
        "Unknown"
      ],
      "variety": [
        "Theft"
      ],
      "vector": [
        "Unknown"
      ]
    }
  },
  "actor": {
    "external": {
      "country": [
        "Unknown"
      ],
      "motive": [
        "Unknown"
      ],
      "variety": [
        "Unknown"
      ]
    }
  },
  "asset": {
    "assets": [
      {
        "variety": "U - Laptop"
      },
      {
        "variety": "M - Documents"
      }
    ]
  },
  "attribute": {
    "availability": {
      "variety": [
        "Loss"
      ]
    },
    "confidentiality": {
      "data": [
        {
          "amount": 1200,
          "variety": "Medical"
        }
      ],
      "data_disclosure": "Potentially",
      "data_total": 1200
    }
  },
  "discovery_method": "Unknown",
  "impact": {
    "overall_rating": "Unknown"
  },
  "incident_id": "3F00DFE6-0E05-4E36-A298-8982D2B20AE2",
  "plus": {
    "analysis_status": "First pass",
    "created": "2013-04-12T22:29:56Z",
    "master_id": "3F00DFE6-0E05-4E36-A298-8982D2B20AE2",
    "timeline": {
      "notification": {}
    }
  },
  "schema_version": "1.2.1",
  "security_incident": "Confirmed",
  "source_id": "vcdb",
  "timeline": {
    "discovery": {
      "unit": "Months",
      "value": 2
    },
    "incident": {
      "day": 1,
      "month": 10,
      "year": 2010
    }
  },
  "victim": {
    "country": "US",
    "employee_count": "1 to 10",
    "industry": "621111",
    "state": "Ks",
    "victim_id": "Matthew H. Conrad, MD, PA"
  }
}