{
  "action": {
    "malware": {
      "name": "",
      "variety": [
        "Unknown"
      ],
      "vector": [
        "Unknown"
      ]
    }
  },
  "actor": {
    "external": {
      "country": [
        "Unknown"
      ],
      "motive": [
        "Unknown"
      ],
      "variety": [
        "Unknown"
      ]
    }
  },
  "asset": {
    "assets": [
      {
        "variety": "U - POS terminal"
      }
    ]
  },
  "attribute": {
    "confidentiality": {
      "data": [
        {
          "variety": "Payment"
        }
      ],
      "data_disclosure": "Yes",
      "notes": "",
      "state": [
        "Unknown"
      ]
    },
    "integrity": {
      "variety": [
        "Software installation"
      ]
    }
  },
  "discovery_method": "Unknown",
  "impact": {
    "overall_rating": "Unknown"
  },
  "incident_id": "3F2E29D3-8DF5-4C4C-8A0F-19B734BB8896",
  "notes": "",
  "plus": {
    "analysis_status": "First pass",
    "analyst": "swidup",
    "asset": {
      "total": "No"
    },
    "attribute": {
      "confidentiality": {
        "credit_monitoring": "U",
        "data_abuse": "U",
        "data_subject": "Customer"
      }
    },
    "created": "2013-08-22T21:30:06Z",
    "f500": "U",
    "master_id": "3F2E29D3-8DF5-4C4C-8A0F-19B734BB8896",
    "timeline": {
      "notification": {
        "day": 30,
        "month": 4,
        "year": 2013
      }
    }
  },
  "reference": "http://sprouts.com/securityalertfaqs, http://www.kpho.com/story/21311165/sprouts-farmers-market-reports-security-breach-at-az-ca-stores, http://oag.ca.gov/system/files/Sprouts-C2013027013%20CA%20AG%20Letter_Customer%20Letter_0.pdf?, http://www.creditcardmachines.net/789sprouts-farmers-market-hit-credit-card-terminal-breach-customers-alerted-potential-fraud/",
  "schema_version": "1.2.1",
  "security_incident": "Confirmed",
  "source_id": "vcdb",
  "summary": "POS Malware exposes customer payment card data.",
  "timeline": {
    "incident": {
      "day": 17,
      "month": 1,
      "year": 2013
    }
  },
  "victim": {
    "country": "US",
    "employee_count": "Unknown",
    "industry": "0000",
    "notes": "",
    "state": "AZ",
    "victim_id": "Sprouts Farmers Market Inc (USA)"
  }
}