{
  "action": {
    "hacking": {
      "notes": "The Israeli Hackers Team",
      "variety": [
        "Unknown"
      ],
      "vector": [
        "Web application"
      ]
    }
  },
  "actor": {
    "external": {
      "country": [
        "Unknown"
      ],
      "motive": [
        "Ideology"
      ],
      "variety": [
        "Activist"
      ]
    }
  },
  "asset": {
    "assets": [
      {
        "variety": "S - Web application"
      }
    ]
  },
  "attribute": {
    "confidentiality": {
      "data": [
        {
          "variety": "Credentials"
        },
        {
          "variety": "Personal"
        }
      ],
      "data_disclosure": "Yes",
      "notes": "",
      "state": [
        "Stored"
      ]
    }
  },
  "discovery_method": "Ext - actor disclosure",
  "impact": {
    "overall_rating": "Unknown"
  },
  "incident_id": "3F313A84-523E-4B82-B351-A4B7A0C5B51B",
  "notes": "",
  "plus": {
    "analysis_status": "First pass",
    "analyst": "swidup",
    "asset": {
      "total": "No"
    },
    "attribute": {
      "confidentiality": {
        "credit_monitoring": "U",
        "data_abuse": "U",
        "data_subject": "Customer"
      }
    },
    "created": "2013-02-15T16:20:00Z",
    "f500": "N",
    "master_id": "3F313A84-523E-4B82-B351-A4B7A0C5B51B",
    "timeline": {
      "notification": {
        "year": 2012
      }
    }
  },
  "reference": "http://www.cyberwarnews.info/2012/01/16/zone-technologies-hacked-and-accounts-dumped/",
  "schema_version": "1.2.1",
  "security_incident": "Confirmed",
  "source_id": "vcdb",
  "summary": "Small hosting company, Zone Technologies from south Africa has been hit by hackers going under the handle of \u201cThe Israeli Hackers Team\u201d.  The hack has resulted in the dumping of accounts and personal information but its at least worth noting they did encrypt passwords, although there was still clearly a exploit within the server that has allowed hackers to obtain this data. ",
  "timeline": {
    "incident": {
      "year": 2012
    }
  },
  "victim": {
    "country": "ZA",
    "employee_count": "Unknown",
    "industry": "518",
    "notes": "",
    "victim_id": "Zone Technologies"
  }
}