{
  "action": {
    "error": {
      "variety": [
        "Disposal error"
      ],
      "vector": [
        "Unknown"
      ]
    }
  },
  "actor": {
    "internal": {
      "motive": [
        "NA"
      ],
      "variety": [
        "Unknown"
      ]
    }
  },
  "asset": {
    "assets": [
      {
        "variety": "M - Documents"
      }
    ]
  },
  "attribute": {
    "confidentiality": {
      "data": [
        {
          "amount": 1031,
          "variety": "Medical"
        }
      ],
      "data_disclosure": "Potentially",
      "data_total": 1031
    }
  },
  "discovery_method": "Unknown",
  "impact": {
    "overall_rating": "Unknown"
  },
  "incident_id": "3F4AC0DC-BA49-4D50-847C-3597F27CE238",
  "plus": {
    "analysis_status": "First pass",
    "created": "2013-04-12T22:29:56Z",
    "master_id": "3F4AC0DC-BA49-4D50-847C-3597F27CE238"
  },
  "schema_version": "1.2.1",
  "security_incident": "Confirmed",
  "source_id": "vcdb",
  "timeline": {
    "discovery": {
      "unit": "Unknown"
    },
    "incident": {
      "day": 15,
      "month": 3,
      "year": 2011
    }
  },
  "victim": {
    "country": "US",
    "employee_count": "101 to 1000",
    "industry": "621111",
    "state": "Tx",
    "victim_id": "Imaging Center of Garland"
  }
}