{
  "action": {
    "hacking": {
      "notes": "",
      "variety": [
        "Unknown"
      ],
      "vector": [
        "Unknown"
      ]
    }
  },
  "actor": {
    "external": {
      "country": [
        "Unknown"
      ],
      "motive": [
        "Financial"
      ],
      "variety": [
        "Unknown"
      ]
    }
  },
  "asset": {
    "assets": [
      {
        "variety": "S - File"
      }
    ]
  },
  "attribute": {
    "confidentiality": {
      "data": [
        {
          "variety": "Bank"
        },
        {
          "variety": "Personal"
        }
      ],
      "data_disclosure": "Yes",
      "notes": "",
      "state": [
        "Stored"
      ]
    }
  },
  "discovery_method": "Other",
  "impact": {
    "overall_rating": "Unknown"
  },
  "incident_id": "3F62F4F4-FC9B-4CED-9A3A-33ED22C2B40F",
  "notes": "",
  "plus": {
    "analysis_status": "First pass",
    "analyst": "swidup",
    "asset": {
      "total": "No"
    },
    "attribute": {
      "confidentiality": {
        "credit_monitoring": "Y",
        "data_abuse": "U",
        "data_subject": "Partner"
      }
    },
    "created": "2013-02-09T06:11:10Z",
    "f500": "N",
    "master_id": "3F62F4F4-FC9B-4CED-9A3A-33ED22C2B40F",
    "timeline": {
      "notification": {
        "day": 5,
        "month": 9,
        "year": 2012
      }
    }
  },
  "reference": "http://doj.nh.gov/consumer/security-breaches/documents/tiffany-co-20120905.pdf ",
  "schema_version": "1.2.1",
  "security_incident": "Confirmed",
  "source_id": "vcdb",
  "summary": "We were recently informed by J.P. Morgan Chase Bank that there was unauthorized access to chase his computer servers containing personal information of some employees. Chase told us that the affected servers, which contains certain information provided in connection with an employee travel expense reimbursement system, contained personal information such as names, addresses, Social Security numbers and banking information.",
  "timeline": {
    "incident": {
      "year": 2012
    }
  },
  "victim": {
    "country": "US",
    "employee_count": "1001 to 10000",
    "industry": "448310",
    "notes": "",
    "revenue": {
      "amount": 3640000000,
      "iso_currency_code": "USD"
    },
    "state": "NY",
    "victim_id": "Tiffany and Company"
  }
}