{
  "action": {
    "physical": {
      "location": [
        "Victim work area"
      ],
      "variety": [
        "Theft"
      ],
      "vector": [
        "Unknown"
      ]
    }
  },
  "actor": {
    "external": {
      "country": [
        "Unknown"
      ],
      "motive": [
        "Financial"
      ],
      "variety": [
        "Unknown"
      ]
    }
  },
  "asset": {
    "assets": [
      {
        "variety": "U - Desktop"
      }
    ]
  },
  "attribute": {
    "availability": {
      "variety": [
        "Loss"
      ]
    },
    "confidentiality": {
      "data": [
        {
          "variety": "Personal"
        }
      ],
      "data_disclosure": "Potentially",
      "notes": "",
      "state": [
        "Stored unencrypted"
      ]
    }
  },
  "discovery_method": "Other",
  "impact": {
    "overall_rating": "Unknown"
  },
  "incident_id": "3F71EC11-695E-4AD0-833D-01B90D226990",
  "notes": "",
  "plus": {
    "analysis_status": "First pass",
    "analyst": "swidup",
    "asset": {
      "total": "No"
    },
    "attribute": {
      "confidentiality": {
        "credit_monitoring": "Y",
        "data_abuse": "U",
        "data_subject": "Partner"
      }
    },
    "created": "2013-02-16T21:08:16Z",
    "f500": "N",
    "master_id": "3F71EC11-695E-4AD0-833D-01B90D226990",
    "timeline": {
      "notification": {
        "day": 21,
        "month": 12,
        "year": 2012
      }
    }
  },
  "reference": "http://blog.sfgate.com/incontracosta/2012/12/22/password-protected-unencrypted-computer-stolen-from-the-mount-diablo-unified-school-district/, http://www.contracostatimes.com/news/ci_22242452/computer-containing-confidential-information-stolen-from-mt-diablo, http://oag.ca.gov/system/files/Mt%20Diablo%20notification%20letter_0.pdf?, http://doj.nh.gov/consumer/security-breaches/documents/mt-diablo-school-20121218.pdf, http://www.atg.state.vt.us/issues/consumer-protection/privacy-and-Data-Security/documents-and-resources5/mt-diablo-unified-school-district-security-breach-notice-ltr-to-consumer.php ",
  "schema_version": "1.2.1",
  "security_incident": "Confirmed",
  "source_id": "vcdb",
  "summary": "The Mount Diablo Unified School District sent letters out to its current and former employees on Friday December 21, 2012 notifying them that one of their offices had been burglarized on Saturday, December 1, 2012, and a password -protected, unencrypted computer was stolen, according to the source who told Claycord.com about the letter.  According to the anonymous Claycordian who sent us the information, the stolen computer contained Excel and Word files that included employee names, SSNs, dates of birth and addresses for employees and former employees who worked at the district between 1998 and 2010.",
  "timeline": {
    "incident": {
      "day": 1,
      "month": 12,
      "year": 2012
    }
  },
  "victim": {
    "country": "US",
    "employee_count": "Unknown",
    "industry": "6111",
    "notes": "",
    "state": "CA",
    "victim_id": "Mount Diablo Unified School District"
  }
}