{
  "action": {
    "misuse": {
      "variety": [
        "Privilege abuse"
      ],
      "vector": [
        "Physical access"
      ]
    }
  },
  "actor": {
    "internal": {
      "motive": [
        "Grudge"
      ],
      "variety": [
        "Unknown"
      ]
    }
  },
  "asset": {
    "assets": [
      {
        "variety": "M - Documents"
      }
    ]
  },
  "attribute": {
    "confidentiality": {
      "data": [
        {
          "variety": "Internal"
        }
      ],
      "data_disclosure": "Yes",
      "notes": "",
      "state": [
        "Stored"
      ]
    }
  },
  "discovery_method": "Unknown",
  "impact": {
    "overall_rating": "Unknown"
  },
  "incident_id": "403BAD68-8997-436C-AAAD-E142C3CCDC3A",
  "notes": "",
  "plus": {
    "analysis_status": "First pass",
    "analyst": "swidup",
    "asset": {
      "total": "No"
    },
    "attribute": {
      "confidentiality": {
        "credit_monitoring": "U",
        "data_abuse": "Y",
        "data_subject": "Other"
      }
    },
    "created": "2013-08-22T00:47:48Z",
    "f500": "Y",
    "master_id": "403BAD68-8997-436C-AAAD-E142C3CCDC3A",
    "timeline": {
      "notification": {
        "day": 15,
        "month": 8,
        "year": 2013
      }
    }
  },
  "reference": "http://www.informationweek.com/cloud-computing/infrastructure/ibms-cloud-business-ex-employee-divulges/240159982",
  "schema_version": "1.2.1",
  "security_incident": "Confirmed",
  "source_id": "vcdb",
  "summary": "IBM's cloud computing revenues are smaller and less \"cloud-intensive\" than customers and Wall Street analysts might think. That's the claim of a former IBM employee who backed up more than a few of his/her critical assessments of the vendor's cloud prowess with a number of confidential internal documents shared with InformationWeek.  The documents put IBM's 2012 cloud-related revenue at $2.26 billion, a figure the company has declined to disclose publicly. In 2011, IBM did issue a roadmap that set forth the goal of reaching $7 billion in annual cloud revenue by 2015, so the much lower figure raises doubts about whether the company is on track.   ",
  "timeline": {
    "incident": {
      "year": 2013
    }
  },
  "victim": {
    "country": "US",
    "employee_count": "Over 100000",
    "industry": "541512",
    "notes": "",
    "state": "NY",
    "victim_id": "IBM"
  }
}