{
  "action": {
    "physical": {
      "location": [
        "Unknown"
      ],
      "notes": "",
      "variety": [
        "Theft"
      ],
      "vector": [
        "Bypassed controls"
      ]
    }
  },
  "actor": {
    "external": {
      "country": [
        "US"
      ],
      "motive": [
        "Financial"
      ],
      "notes": "",
      "variety": [
        "Unknown"
      ]
    },
    "partner": {
      "country": [
        "US"
      ],
      "industry": "5416",
      "motive": [
        "NA"
      ],
      "notes": ""
    }
  },
  "asset": {
    "assets": [
      {
        "variety": "U - Laptop"
      }
    ],
    "hosting": "External",
    "management": "External",
    "notes": ""
  },
  "attribute": {
    "availability": {
      "variety": [
        "Loss"
      ]
    },
    "confidentiality": {
      "data": [
        {
          "variety": "Medical"
        },
        {
          "variety": "Personal"
        }
      ],
      "data_disclosure": "Potentially",
      "notes": "",
      "state": [
        "Stored unencrypted"
      ]
    }
  },
  "discovery_method": "Unknown",
  "impact": {
    "overall_rating": "Unknown"
  },
  "incident_id": "4070CA64-AA55-468A-AEBD-AF96D7ACBFFE",
  "notes": "",
  "plus": {
    "analysis_status": "First pass",
    "analyst": "swidup",
    "asset": {
      "total": "No"
    },
    "attribute": {
      "confidentiality": {
        "credit_monitoring": "U",
        "data_abuse": "U",
        "data_subject": "Customer"
      }
    },
    "created": "2013-06-26T16:55:06Z",
    "f500": "N",
    "master_id": "4070CA64-AA55-468A-AEBD-AF96D7ACBFFE",
    "timeline": {
      "notification": {
        "day": 29,
        "month": 3,
        "year": 2013
      }
    }
  },
  "reference": "http://www.thenewstribune.com/2013/03/29/2535903/dshs-contractors-laptop-stolen.html, http://dshs.wa.gov/mediareleases/2013/pr13011.shtml",
  "schema_version": "1.2.1",
  "security_incident": "Confirmed",
  "source_id": "vcdb",
  "summary": "A private contractor\u2019s laptop containing confidential information on 652 clients of the state Department of Social and Health Services was stolen from Gig Harbor and later recovered at a pawn shop, the department announced Friday.  Officials said the thieves apparently did not break the security measures and access the files, which includes health information. The affected clients were receiving services from the department\u2019s Economic Services Administration and have been notified of the theft via letter.",
  "timeline": {
    "incident": {
      "day": 4,
      "month": 2,
      "year": 2013
    }
  },
  "victim": {
    "country": "US",
    "employee_count": "Unknown",
    "industry": "92",
    "notes": "",
    "state": "WA",
    "victim_id": "Washington State Department of Health & Social Services"
  }
}