{
  "action": {
    "misuse": {
      "notes": "The employee, who is not being identified by the Air Force, sent the information to a personal email account to finish work at home \u2014 a move that violated base, Air Force and Department of Defense policy. ",
      "variety": [
        "Data mishandling",
        "Email misuse"
      ],
      "vector": [
        "LAN access"
      ]
    }
  },
  "actor": {
    "internal": {
      "motive": [
        "NA"
      ],
      "notes": "",
      "variety": [
        "End-user"
      ]
    }
  },
  "asset": {
    "assets": [
      {
        "variety": "U - Desktop"
      }
    ],
    "notes": ""
  },
  "attribute": {
    "confidentiality": {
      "data": [
        {
          "amount": 525,
          "variety": "Personal"
        }
      ],
      "data_disclosure": "Yes",
      "data_total": 525,
      "notes": "",
      "state": [
        "Transmitted unencrypted"
      ]
    }
  },
  "discovery_method": "Unknown",
  "impact": {
    "overall_rating": "Unknown"
  },
  "incident_id": "40B43F8D-6D91-443F-A615-218794E60EFE",
  "notes": "",
  "plus": {
    "analysis_status": "First pass",
    "analyst": "whbaker",
    "asset": {
      "total": "No"
    },
    "attribute": {
      "confidentiality": {
        "credit_monitoring": "Y",
        "data_abuse": "N",
        "data_subject": "Partner"
      }
    },
    "created": "2013-08-24T04:31:07Z",
    "f500": "U",
    "master_id": "40B43F8D-6D91-443F-A615-218794E60EFE",
    "timeline": {
      "notification": {
        "month": 8,
        "year": 2013
      }
    }
  },
  "reference": "http://www.standard.net/stories/2013/08/23/hill-employee-personal-info-improperly-transmitted#.Uhd6YBJro0g.twitter",
  "schema_version": "1.2.1",
  "security_incident": "Confirmed",
  "source_id": "vcdb",
  "summary": "More than 500 Hill Air Force Base employees had sensitive personal information compromised after another base employee improperly transmitted the information to an unprotected email address.",
  "timeline": {
    "compromise": {
      "unit": "NA"
    },
    "containment": {
      "unit": "Unknown"
    },
    "discovery": {
      "unit": "Unknown"
    },
    "exfiltration": {
      "unit": "NA"
    },
    "incident": {
      "month": 7,
      "year": 2013
    }
  },
  "victim": {
    "country": "US",
    "employee_count": "Unknown",
    "industry": "0000",
    "notes": "",
    "state": "UT",
    "victim_id": "Hill Air Force Base"
  }
}