{
  "action": {
    "misuse": {
      "notes": "CEO emailed patient medical records to over 700 employees and released information to watchgroup that is writing expos\u00e9 on fraudulent Medicare billing.",
      "variety": [
        "Data mishandling"
      ],
      "vector": [
        "Other"
      ]
    }
  },
  "actor": {
    "internal": {
      "motive": [
        "NA"
      ],
      "notes": "",
      "variety": [
        "Executive"
      ]
    }
  },
  "asset": {
    "assets": [
      {
        "variety": "M - Documents"
      }
    ],
    "notes": ""
  },
  "attribute": {
    "confidentiality": {
      "data": [
        {
          "amount": 1,
          "variety": "Medical"
        }
      ],
      "data_disclosure": "Yes",
      "data_total": 1,
      "notes": "",
      "state": [
        "Stored"
      ]
    }
  },
  "discovery_method": "Unknown",
  "impact": {
    "loss": [
      {
        "rating": "Minor",
        "variety": "Brand damage"
      },
      {
        "rating": "Moderate",
        "variety": "Legal and regulatory"
      }
    ],
    "overall_rating": "Unknown"
  },
  "incident_id": "40D0954B-83CF-4337-B98E-EA7F8B1F7628",
  "notes": "Patient information disclosed in late 2011, initial fines imposed in 2012, civil suit still unresolved.",
  "plus": {
    "analysis_status": "First pass",
    "analyst": "Splitler",
    "asset": {
      "total": "No"
    },
    "attribute": {
      "confidentiality": {
        "credit_monitoring": "N",
        "data_abuse": "N",
        "data_subject": ""
      }
    },
    "created": "2013-08-07T14:52:13Z",
    "f500": "N",
    "master_id": "40D0954B-83CF-4337-B98E-EA7F8B1F7628",
    "timeline": {
      "notification": {
        "day": 28,
        "month": 11,
        "year": 2012
      }
    }
  },
  "reference": "http://californiawatch.org/dailyreport/prime-hospital-fined-95000-confidentiality-breach-18706?utm_source=publish2&utm_medium=referral&utm_campaign=sacbee.com  http://www.enquirerherald.com/2013/01/18/2559386/former-patient-claims-confidentiality.html  https://www.documentcloud.org/documents/274983-california-watch-dec-13-response.html",
  "schema_version": "1.2.1",
  "security_incident": "Confirmed",
  "source_id": "vcdb",
  "summary": "Medical center, in response to a billing dispute, disclosed a patient's medical record to employees and to a journalist. Said patient is now suing the medical center.",
  "timeline": {
    "compromise": {
      "unit": "NA"
    },
    "containment": {
      "unit": "NA"
    },
    "discovery": {
      "unit": "NA"
    },
    "exfiltration": {
      "unit": "NA"
    },
    "incident": {
      "day": 13,
      "month": 12,
      "year": 2011
    }
  },
  "victim": {
    "country": "US",
    "employee_count": "1001 to 10000",
    "industry": "622110",
    "notes": "",
    "revenue": {
      "amount": 768000000,
      "iso_currency_code": "USD"
    },
    "state": "CA",
    "victim_id": "Prime Healthcare Services"
  }
}