{
  "action": {
    "misuse": {
      "variety": [
        "Privilege abuse"
      ],
      "vector": [
        "LAN access"
      ]
    }
  },
  "actor": {
    "internal": {
      "motive": [
        "Unknown"
      ],
      "variety": [
        "Unknown"
      ]
    }
  },
  "asset": {
    "assets": [
      {
        "variety": "S - File"
      }
    ]
  },
  "attribute": {
    "confidentiality": {
      "data": [
        {
          "variety": "Unknown"
        }
      ],
      "data_disclosure": "Yes",
      "notes": "",
      "state": [
        "Stored unencrypted"
      ]
    }
  },
  "discovery_method": "Unknown",
  "impact": {
    "overall_rating": "Unknown"
  },
  "incident_id": "41053D59-6830-4162-9C74-31FA7118DD68",
  "notes": "",
  "plus": {
    "analysis_status": "First pass",
    "analyst": "swidup",
    "asset": {
      "total": "No"
    },
    "attribute": {
      "confidentiality": {
        "credit_monitoring": "Y",
        "data_abuse": "U",
        "data_subject": "Partner"
      }
    },
    "created": "2013-02-08T04:23:54Z",
    "f500": "Y",
    "master_id": "41053D59-6830-4162-9C74-31FA7118DD68",
    "timeline": {
      "notification": {
        "day": 9,
        "month": 3,
        "year": 2012
      }
    }
  },
  "reference": "http://doj.nh.gov/consumer/security-breaches/documents/kelly-20120309.pdf ",
  "schema_version": "1.2.1",
  "security_incident": "Confirmed",
  "source_id": "vcdb",
  "summary": "A former employee retained electronic documents on his personal computer containing information on some employees.  Data types are not disclosed.",
  "timeline": {
    "incident": {
      "year": 2011
    }
  },
  "victim": {
    "country": "US",
    "employee_count": "Over 100000",
    "industry": "561320",
    "notes": "",
    "revenue": {
      "amount": 5550000000,
      "iso_currency_code": "USD"
    },
    "state": "MI",
    "victim_id": "Kelly Services"
  }
}