{
  "action": {
    "misuse": {
      "notes": "",
      "variety": [
        "Privilege abuse",
        "Embezzlement"
      ],
      "vector": [
        "Physical access",
        "LAN access"
      ]
    },
    "social": {
      "notes": "",
      "target": [
        "End-user"
      ],
      "variety": [
        "Bribery"
      ],
      "vector": [
        "Unknown"
      ]
    }
  },
  "actor": {
    "external": {
      "country": [
        "Unknown"
      ],
      "motive": [
        "Financial"
      ],
      "notes": "",
      "variety": [
        "Organized crime"
      ]
    },
    "internal": {
      "motive": [
        "Financial"
      ],
      "notes": "",
      "variety": [
        "End-user"
      ]
    }
  },
  "asset": {
    "assets": [
      {
        "variety": "S - Other"
      },
      {
        "variety": "M - Documents"
      },
      {
        "variety": "P - End-user"
      }
    ],
    "notes": ""
  },
  "attribute": {
    "confidentiality": {
      "data": [
        {
          "amount": 100,
          "variety": "Personal"
        }
      ],
      "data_disclosure": "Yes",
      "data_total": 100,
      "notes": "",
      "state": [
        "Stored"
      ]
    },
    "integrity": {
      "notes": "",
      "variety": [
        "Alter behavior"
      ]
    }
  },
  "discovery_method": "Unknown",
  "impact": {
    "overall_rating": "Unknown"
  },
  "incident_id": "411CE5F3-51D8-46CF-A500-EF4B3EFBA0D4",
  "notes": "Incident date and discovery date weren't given; entering 2013 (same as notification date).",
  "plus": {
    "analysis_status": "First pass",
    "analyst": "whbaker",
    "asset": {
      "total": "No"
    },
    "attribute": {
      "confidentiality": {
        "credit_monitoring": "U",
        "data_abuse": "Y",
        "data_subject": ""
      }
    },
    "created": "2013-08-23T20:26:25Z",
    "f500": "U",
    "master_id": "411CE5F3-51D8-46CF-A500-EF4B3EFBA0D4",
    "timeline": {
      "notification": {
        "year": 2013
      }
    }
  },
  "reference": "http://www.justice.gov/opa/pr/2013/August/13-tax-923.html",
  "schema_version": "1.2.1",
  "security_incident": "Confirmed",
  "source_id": "vcdb",
  "summary": "Chequlia Motley of Montgomery, Ala., was sentenced yesterday to serve 36 months in prison for conspiracy and aggravated identity theft,  announced Assistant Attorney General Kathryn Keneally of the Justice Department\u2019s Tax Division and U.S. Attorney for the Middle District of Alabama George L. Beck Jr.  Motley pleaded guilty to those charges in May 2013.  According to Motley\u2019s plea agreement, she was a former state employee who stole identities from state databases and sold them to co-conspirators.  As evidence presented at the sentencing hearing showed, Motley had previously worked for the Alabama State Employees\u2019 Insurance Board and stole the personal information of over 100 state workers and their family members from the databases maintained by the board.  She provided this information to Veronica Temple, Yolanda Moses and Barbara Murry, who used the stolen identities to file false tax returns that fraudulently requested tax refunds from the IRS.  Temple, Moses and Murry were previously convicted and each sentenced in February to 57 months in prison.  ",
  "timeline": {
    "compromise": {
      "unit": "NA"
    },
    "containment": {
      "unit": "Unknown"
    },
    "discovery": {
      "unit": "Unknown"
    },
    "exfiltration": {
      "unit": "Unknown"
    },
    "incident": {
      "year": 2013
    }
  },
  "victim": {
    "country": "US",
    "employee_count": "Unknown",
    "industry": "0000",
    "notes": "",
    "state": "AL",
    "victim_id": "Alabama State Employees\u2019 Insurance Board"
  }
}