{
  "action": {
    "physical": {
      "location": [
        "Unknown"
      ],
      "variety": [
        "Theft"
      ],
      "vector": [
        "Unknown"
      ]
    }
  },
  "actor": {
    "external": {
      "country": [
        "Unknown"
      ],
      "motive": [
        "Unknown"
      ],
      "variety": [
        "Unknown"
      ]
    }
  },
  "asset": {
    "assets": [
      {
        "variety": "U - Laptop"
      }
    ]
  },
  "attribute": {
    "availability": {
      "variety": [
        "Loss"
      ]
    },
    "confidentiality": {
      "data": [
        {
          "amount": 12000,
          "variety": "Medical"
        }
      ],
      "data_disclosure": "Potentially",
      "data_total": 12000
    }
  },
  "discovery_method": "Unknown",
  "impact": {
    "overall_rating": "Unknown"
  },
  "incident_id": "41287D7A-42AA-4A1B-8FB2-AA5CCE8FF4D6",
  "plus": {
    "analysis_status": "First pass",
    "created": "2013-04-12T22:29:56Z",
    "master_id": "41287D7A-42AA-4A1B-8FB2-AA5CCE8FF4D6",
    "timeline": {
      "notification": {}
    }
  },
  "schema_version": "1.2.1",
  "security_incident": "Confirmed",
  "source_id": "vcdb",
  "timeline": {
    "discovery": {
      "unit": "Months",
      "value": 2
    },
    "incident": {
      "day": 19,
      "month": 11,
      "year": 2010
    }
  },
  "victim": {
    "country": "US",
    "employee_count": "101 to 1000",
    "industry": "621610",
    "state": "Ct",
    "victim_id": "VNA of Southeasten CT"
  }
}