{
  "action": {
    "hacking": {
      "cve": "",
      "notes": "Database was corrupted, website offline, making a leap on SQLi. ",
      "variety": [
        "SQLi"
      ],
      "vector": [
        "Web application"
      ]
    }
  },
  "actor": {
    "external": {
      "country": [
        "PK"
      ],
      "motive": [
        "Fun"
      ],
      "notes": "Group related to Anonymous movement OpEDL",
      "variety": [
        "Activist"
      ]
    }
  },
  "asset": {
    "assets": [
      {
        "variety": "S - Database"
      },
      {
        "variety": "S - Web application"
      }
    ],
    "hosting": "External",
    "management": "External",
    "notes": ""
  },
  "attribute": {
    "availability": {
      "duration": {
        "unit": "Hours"
      },
      "notes": "Database table corrupted, made website not function.",
      "variety": [
        "Destruction"
      ]
    },
    "confidentiality": {
      "data": [
        {
          "amount": 40,
          "variety": "Personal"
        }
      ],
      "data_disclosure": "Yes",
      "data_total": 40,
      "notes": "phone numbers, presumably of members",
      "state": [
        "Unknown"
      ]
    },
    "integrity": {
      "notes": "database corrupted, required rebuild",
      "variety": [
        "Modify data",
        "Misappropriation"
      ]
    }
  },
  "discovery_method": "Unknown",
  "impact": {
    "overall_rating": "Unknown"
  },
  "incident_id": "41515784-6985-4F96-951A-89FFF232E225",
  "notes": "",
  "plus": {
    "analysis_status": "First pass",
    "analyst": "jayjacobs",
    "asset": {
      "total": "No"
    },
    "attribute": {
      "confidentiality": {
        "credit_monitoring": "U",
        "data_abuse": "U",
        "data_subject": ""
      }
    },
    "created": "2013-08-22T18:59:50Z",
    "f500": "U",
    "master_id": "41515784-6985-4F96-951A-89FFF232E225",
    "timeline": {
      "notification": {
        "year": 2013
      }
    }
  },
  "reference": "http://www.theregister.co.uk/2013/08/22/edl_website_hack_zhc/ (8/22/2013) http://www.gizmodo.co.uk/2013/08/the-english-defence-league-gets-ko-by-anonymous/ (8/22/2013)",
  "schema_version": "1.2.1",
  "security_incident": "Confirmed",
  "source_id": "vcdb",
  "summary": "ideologic group \"ZCompany Hacking Crew (ZHC)\" defaced (page produced error message) the website of \"English Defence League\", ended up publishing 60 mobile phone numbers (presumably of EDL people). ",
  "timeline": {
    "discovery": {
      "unit": "Hours"
    },
    "incident": {
      "day": 20,
      "month": 8,
      "year": 2013
    }
  },
  "victim": {
    "country": "GB",
    "employee_count": "Unknown",
    "industry": "0000",
    "notes": "The English Defence League (EDL) is a far-right street protest movement which opposes what it considers to be a spread of Islamism, Sharia law and Islamic extremism in the United Kingdom",
    "victim_id": "English Defence League"
  }
}