{
  "action": {
    "hacking": {
      "cve": "",
      "notes": "",
      "variety": [
        "Unknown"
      ],
      "vector": [
        "Unknown"
      ]
    }
  },
  "actor": {
    "external": {
      "country": [
        "UA"
      ],
      "motive": [
        "Financial"
      ],
      "notes": "",
      "variety": [
        "Unknown"
      ]
    }
  },
  "asset": {
    "assets": [
      {
        "variety": "U - Other"
      }
    ],
    "notes": ""
  },
  "attribute": {
    "confidentiality": {
      "data": [
        {
          "variety": "Credentials"
        },
        {
          "variety": "Bank"
        }
      ],
      "data_disclosure": "Yes",
      "notes": "",
      "state": [
        "Unknown"
      ]
    },
    "integrity": {
      "notes": "",
      "variety": [
        "Fraudulent transaction"
      ]
    }
  },
  "discovery_method": "Unknown",
  "impact": {
    "overall_rating": "Unknown"
  },
  "incident_id": "41523C5D-D6C9-42F8-BF7A-5A13730591F2",
  "notes": "",
  "plus": {
    "analysis_status": "First pass",
    "analyst": "swidup",
    "asset": {
      "total": "No"
    },
    "attribute": {
      "confidentiality": {
        "credit_monitoring": "U",
        "data_abuse": "U",
        "data_subject": "Partner"
      }
    },
    "created": "2013-07-11T00:14:29Z",
    "f500": "N",
    "master_id": "41523C5D-D6C9-42F8-BF7A-5A13730591F2",
    "timeline": {
      "notification": {
        "day": 14,
        "month": 9,
        "year": 2010
      }
    }
  },
  "reference": "http://krebsonsecurity.com/wp-content/uploads/2013/04/Oregon-Hay-v.-Community-Bank.pdf",
  "schema_version": "1.2.1",
  "security_incident": "Confirmed",
  "source_id": "vcdb",
  "summary": "Hackers get into company's bank account and make several large wire transfers, draining the account.",
  "timeline": {
    "incident": {
      "day": 1,
      "month": 9,
      "year": 2010
    }
  },
  "victim": {
    "country": "US",
    "employee_count": "11 to 100",
    "industry": "424910",
    "notes": "",
    "state": "OR",
    "victim_id": "Oregon Hay Products"
  }
}