{
  "action": {},
  "actor": {
    "unknown": {}
  },
  "asset": {
    "assets": [
      {
        "variety": "S - Other"
      }
    ]
  },
  "attribute": {
    "confidentiality": {
      "data": [
        {
          "amount": 1744,
          "variety": "Medical"
        }
      ],
      "data_disclosure": "Potentially",
      "data_total": 1744
    }
  },
  "discovery_method": "Unknown",
  "impact": {
    "overall_rating": "Unknown"
  },
  "incident_id": "4174F012-212C-4ADB-AC95-553492E696FC",
  "plus": {
    "analysis_status": "First pass",
    "created": "2013-04-12T22:29:56Z",
    "master_id": "4174F012-212C-4ADB-AC95-553492E696FC",
    "timeline": {
      "notification": {}
    }
  },
  "schema_version": "1.2.1",
  "security_incident": "Confirmed",
  "source_id": "vcdb",
  "timeline": {
    "discovery": {
      "unit": "Months",
      "value": 12
    },
    "incident": {
      "day": 10,
      "month": 12,
      "year": 2010
    }
  },
  "victim": {
    "country": "US",
    "employee_count": "1001 to 10000",
    "industry": "622110",
    "state": "Nj",
    "victim_id": "Newark Beth Israel Medical Center"
  }
}