{
  "action": {
    "hacking": {
      "variety": [
        "Unknown"
      ],
      "vector": [
        "Unknown"
      ]
    }
  },
  "actor": {
    "external": {
      "country": [
        "Unknown"
      ],
      "motive": [
        "Unknown"
      ],
      "variety": [
        "Unknown"
      ]
    }
  },
  "asset": {
    "assets": [
      {
        "variety": "S - Other"
      }
    ]
  },
  "attribute": {
    "confidentiality": {
      "data": [
        {
          "amount": 4100,
          "variety": "Medical"
        }
      ],
      "data_disclosure": "Yes",
      "data_total": 4100
    }
  },
  "discovery_method": "Unknown",
  "impact": {
    "overall_rating": "Unknown"
  },
  "incident_id": "4197F856-A0FC-4913-86A2-F56DA43B96F2",
  "plus": {
    "analysis_status": "First pass",
    "created": "2013-04-12T22:29:56Z",
    "master_id": "4197F856-A0FC-4913-86A2-F56DA43B96F2",
    "timeline": {
      "notification": {}
    }
  },
  "schema_version": "1.2.1",
  "security_incident": "Confirmed",
  "source_id": "vcdb",
  "timeline": {
    "discovery": {
      "unit": "Months",
      "value": 3
    },
    "incident": {
      "day": 17,
      "month": 1,
      "year": 2013
    }
  },
  "victim": {
    "country": "US",
    "employee_count": "1 to 10",
    "industry": "621112",
    "state": "Ma",
    "victim_id": "South Shore Medical Center"
  }
}