{
  "action": {
    "physical": {
      "location": [
        "Unknown"
      ],
      "variety": [
        "Theft"
      ],
      "vector": [
        "Unknown"
      ]
    }
  },
  "actor": {
    "external": {
      "country": [
        "Unknown"
      ],
      "motive": [
        "Financial"
      ],
      "variety": [
        "Unknown"
      ]
    }
  },
  "asset": {
    "assets": [
      {
        "variety": "U - Laptop"
      }
    ]
  },
  "attribute": {
    "availability": {
      "variety": [
        "Loss"
      ]
    },
    "confidentiality": {
      "data": [
        {
          "variety": "Medical"
        },
        {
          "variety": "Personal"
        },
        {
          "variety": "Internal"
        }
      ],
      "data_disclosure": "Potentially",
      "data_total": 824,
      "notes": "The information contained on the laptop contained names, the SSN's last four digits, discharge dates, and medical providers' names.",
      "state": [
        "Stored encrypted"
      ]
    }
  },
  "discovery_method": "Int - reported by user",
  "impact": {
    "loss": [
      {
        "rating": "Unknown",
        "variety": "Legal and regulatory"
      }
    ],
    "overall_rating": "Unknown"
  },
  "incident_id": "41A07FC0-4890-45E2-9158-D49FBBA9B7AA",
  "notes": "",
  "plus": {
    "analysis_status": "First pass",
    "analyst": "abooker",
    "asset": {
      "total": "No"
    },
    "attribute": {
      "confidentiality": {
        "credit_monitoring": "Y",
        "data_abuse": "U",
        "data_subject": "Patient"
      }
    },
    "created": "2013-02-12T16:11:23Z",
    "f500": "N",
    "master_id": "41A07FC0-4890-45E2-9158-D49FBBA9B7AA",
    "timeline": {
      "notification": {
        "year": 2012
      }
    }
  },
  "reference": "http://www.alertboot.com/blog/blogs/endpoint_security/archive/2012/06/05/laptop-encryption-software-stolen-laptop-breaches-va-information-824-affected.aspx; http://chronicle.augusta.com/latest-news/2012-06-01/stolen-laptop-contained-veteran-information-va-says February 12, 2013",
  "schema_version": "1.2.1",
  "security_incident": "Confirmed",
  "source_id": "vcdb",
  "summary": "Physician's personal laptop was stolen that contains patient and medical providers' names. ",
  "timeline": {
    "discovery": {
      "unit": "Months"
    },
    "incident": {
      "day": 30,
      "month": 3,
      "year": 2012
    }
  },
  "victim": {
    "country": "US",
    "employee_count": "101 to 1000",
    "industry": "923140",
    "notes": "",
    "state": "GA",
    "victim_id": "Charlie Norwood VA Medical Center"
  }
}