{
  "action": {
    "physical": {
      "location": [
        "Personal vehicle"
      ],
      "variety": [
        "Theft"
      ],
      "vector": [
        "Unknown"
      ]
    }
  },
  "actor": {
    "external": {
      "country": [
        "Unknown"
      ],
      "motive": [
        "Financial"
      ],
      "variety": [
        "Unknown"
      ]
    }
  },
  "asset": {
    "assets": [
      {
        "variety": "U - Laptop"
      }
    ]
  },
  "attribute": {
    "availability": {
      "variety": [
        "Loss"
      ]
    },
    "confidentiality": {
      "data": [
        {
          "variety": "Payment"
        },
        {
          "variety": "Personal"
        }
      ],
      "data_disclosure": "Potentially",
      "notes": "",
      "state": [
        "Stored unencrypted"
      ]
    }
  },
  "discovery_method": "Unknown",
  "impact": {
    "overall_rating": "Unknown"
  },
  "incident_id": "41D3BB37-FE85-4BD9-99D4-D3D79F80824F",
  "notes": "",
  "plus": {
    "analysis_status": "First pass",
    "analyst": "swidup",
    "asset": {
      "total": "No"
    },
    "attribute": {
      "confidentiality": {
        "credit_monitoring": "Y",
        "data_abuse": "U",
        "data_subject": "Customer"
      }
    },
    "created": "2013-07-03T18:31:29Z",
    "f500": "N",
    "master_id": "41D3BB37-FE85-4BD9-99D4-D3D79F80824F",
    "timeline": {
      "notification": {
        "day": 23,
        "month": 3,
        "year": 2013
      }
    }
  },
  "reference": "http://www.oag.state.md.us/idtheft/Breach%20Notices/itu-227134.pdf",
  "schema_version": "1.2.1",
  "security_incident": "Confirmed",
  "source_id": "vcdb",
  "summary": "Laptop stolen from vehicle exposes SSN, name, DOB, passport, and credit card data.  ",
  "timeline": {
    "incident": {
      "day": 19,
      "month": 2,
      "year": 2013
    }
  },
  "victim": {
    "country": "US",
    "employee_count": "11 to 100",
    "industry": "238210",
    "notes": "",
    "revenue": {
      "amount": 3100000,
      "iso_currency_code": "USD"
    },
    "state": "OH",
    "victim_id": "Eighth Day Sound"
  }
}