{
  "action": {
    "error": {
      "notes": " [through Email]",
      "variety": [
        "Misdelivery"
      ],
      "vector": [
        "Unknown"
      ]
    }
  },
  "actor": {
    "internal": {
      "motive": [
        "NA"
      ],
      "variety": [
        "System admin"
      ]
    }
  },
  "asset": {
    "assets": [
      {
        "variety": "U - Other"
      }
    ]
  },
  "attribute": {
    "confidentiality": {
      "data": [
        {
          "variety": "Medical"
        },
        {
          "variety": "Unknown"
        }
      ],
      "data_disclosure": "Yes",
      "data_total": 1134,
      "notes": "Sensitive health information related to a health care premium plans. ",
      "state": [
        "Unknown"
      ]
    }
  },
  "discovery_method": "Unknown",
  "impact": {
    "overall_rating": "Unknown"
  },
  "incident_id": "41D7B101-214B-4187-ABB4-37D86268B65F",
  "notes": "",
  "plus": {
    "analysis_status": "First pass",
    "analyst": "abooker",
    "asset": {
      "total": "No"
    },
    "attribute": {
      "confidentiality": {
        "credit_monitoring": "U",
        "data_abuse": "U",
        "data_subject": "Patient"
      }
    },
    "created": "2013-03-11T18:07:57Z",
    "f500": "N",
    "master_id": "41D7B101-214B-4187-ABB4-37D86268B65F",
    "timeline": {
      "notification": {
        "day": 17,
        "month": 7,
        "year": 2012
      }
    }
  },
  "reference": "http://www.privacyrights.org/data-breach",
  "schema_version": "1.2.1",
  "security_incident": "Confirmed",
  "source_id": "vcdb",
  "summary": "An email or emails with sensitive health information related to a health care premium plan was mistakenly emailed to or accessed by unauthorized people. ",
  "timeline": {
    "incident": {
      "day": 30,
      "month": 3,
      "year": 2012
    }
  },
  "victim": {
    "country": "US",
    "employee_count": "Unknown",
    "industry": "524114",
    "notes": "",
    "state": "MO",
    "victim_id": "Hogan Services Inc. Health Care Premium Plan"
  }
}