{
  "action": {
    "error": {
      "notes": " [through ]",
      "variety": [
        "Disposal error"
      ],
      "vector": [
        "Unknown"
      ]
    }
  },
  "actor": {
    "internal": {
      "motive": [
        "NA"
      ],
      "variety": [
        "Unknown"
      ]
    }
  },
  "asset": {
    "assets": [
      {
        "variety": "U - Media"
      }
    ]
  },
  "attribute": {
    "confidentiality": {
      "data": [
        {
          "variety": "Personal"
        }
      ],
      "data_disclosure": "Potentially",
      "notes": "",
      "state": [
        "Stored unencrypted"
      ]
    }
  },
  "discovery_method": "Unknown",
  "impact": {
    "overall_rating": "Unknown"
  },
  "incident_id": "41E33387-D782-4AC9-99D3-366CD0C8B100",
  "notes": "",
  "plus": {
    "analysis_status": "First pass",
    "analyst": "swidup",
    "asset": {
      "total": "No"
    },
    "attribute": {
      "confidentiality": {
        "credit_monitoring": "U",
        "data_abuse": "U",
        "data_subject": "Partner"
      }
    },
    "created": "2013-07-02T15:47:21Z",
    "f500": "N",
    "master_id": "41E33387-D782-4AC9-99D3-366CD0C8B100",
    "timeline": {
      "notification": {
        "year": 2008
      }
    }
  },
  "reference": "http://blog.annualcreditreport.co.uk/tagged/data-breach",
  "schema_version": "1.2.1",
  "security_incident": "Confirmed",
  "source_id": "vcdb",
  "summary": "A floppy disk containing the personal details of employees of Devon and Cornwall has been found at recycling centre.  Data breached includes employee names, addresses, telephone numbers and rank.  The floppy disk was in an obsolete computer that had been used by the force and had been sent for recycling.  A spokesperson for Devon and Cornwall Police said, \u201cRecycling old computers was a conscious decision taken by the force as part of an overall cost cutting exercise and hard drives are always wiped clean but it appears that on this occasion the floppy disk has been overlooked.\"",
  "timeline": {
    "incident": {
      "year": 2008
    }
  },
  "victim": {
    "country": "GB",
    "employee_count": "Unknown",
    "industry": "922120",
    "notes": "",
    "victim_id": "Devon/Cornwall Police Department"
  }
}