{
  "action": {
    "hacking": {
      "notes": "",
      "variety": [
        "Unknown"
      ],
      "vector": [
        "Web application"
      ]
    }
  },
  "actor": {
    "external": {
      "country": [
        "Unknown"
      ],
      "motive": [
        "Financial"
      ],
      "variety": [
        "Unknown"
      ]
    }
  },
  "asset": {
    "assets": [
      {
        "variety": "S - Web application"
      }
    ]
  },
  "attribute": {
    "confidentiality": {
      "data": [
        {
          "variety": "Personal"
        }
      ],
      "data_disclosure": "Yes",
      "data_total": 4657,
      "notes": "",
      "state": [
        "Stored"
      ]
    }
  },
  "discovery_method": "Unknown",
  "impact": {
    "overall_rating": "Unknown"
  },
  "incident_id": "422CCDD5-FC53-46BB-819B-2A5F9D6C8A87",
  "notes": "lincoln financial securities Corporation is a subsidiary of Lincoln national Corporation",
  "plus": {
    "analysis_status": "First pass",
    "analyst": "swidup",
    "asset": {
      "total": "No"
    },
    "attribute": {
      "confidentiality": {
        "credit_monitoring": "Y",
        "data_abuse": "U",
        "data_subject": "Customer"
      }
    },
    "created": "2013-02-08T22:55:51Z",
    "f500": "Y",
    "master_id": "422CCDD5-FC53-46BB-819B-2A5F9D6C8A87",
    "timeline": {
      "notification": {
        "day": 20,
        "month": 8,
        "year": 2012
      }
    }
  },
  "reference": "http://doj.nh.gov/consumer/security-breaches/documents/red-boat-advisor-20120820.pdf ",
  "schema_version": "1.2.1",
  "security_incident": "Confirmed",
  "source_id": "vcdb",
  "summary": "it appears Red Boat's server was accessed without authorization between January 2012 and early April 2012. Based upon the facts available, we believe the purpose of the intrusion was to use the virtual server as a jumping off point for attempted intrusions into third-party computer systems.  the virtual server contains the SQL database with TIFF-formatted images of applications for brokerage accounts, life insurance and annuities, and other documents related to the business. The customer data within this images included some or all of the following information: names, addresses, e-mail addresses, Social Security numbers, government issued identification numbers, and financial account information. Records involving approximately 4657 customers were in the database and could've been accessed.",
  "timeline": {
    "incident": {
      "day": 31,
      "month": 1,
      "year": 2012
    }
  },
  "victim": {
    "country": "US",
    "employee_count": "1001 to 10000",
    "industry": "524113",
    "notes": "",
    "revenue": {
      "amount": 11530000000,
      "iso_currency_code": "USD"
    },
    "state": "PA",
    "victim_id": "Lincoln Financial Securities Corporation"
  }
}