{
  "action": {
    "physical": {
      "location": [
        "Victim work area"
      ],
      "notes": "",
      "variety": [
        "Theft"
      ],
      "vector": [
        "Bypassed controls"
      ]
    }
  },
  "actor": {
    "external": {
      "country": [
        "US"
      ],
      "motive": [
        "Unknown"
      ],
      "notes": "",
      "variety": [
        "Unknown"
      ]
    }
  },
  "asset": {
    "assets": [
      {
        "variety": "U - Desktop"
      }
    ],
    "notes": "Computers and electronic devices were taken that contained sensitive information.  "
  },
  "attribute": {
    "availability": {
      "variety": [
        "Loss"
      ]
    },
    "confidentiality": {
      "data": [
        {
          "variety": "Medical"
        },
        {
          "variety": "Payment"
        },
        {
          "variety": "Personal"
        }
      ],
      "data_disclosure": "Potentially",
      "data_total": 3040,
      "notes": "The sensitive information could include: name, address, phone number or email; date of birth; social security number; driver's license or Washington ID number; income or payment information about services received and information about client conditions, treatment and/or service information or diagnosis. ",
      "state": [
        "Unknown"
      ]
    }
  },
  "discovery_method": "Unknown",
  "impact": {
    "overall_rating": "Unknown"
  },
  "incident_id": "42994604-BC7C-4088-A4B5-16F3CC362C43",
  "notes": "There was a break in at the Bremerton Office of the Lutheran Community Services Northwest company.  ",
  "plus": {
    "analysis_status": "First pass",
    "analyst": "abooker",
    "asset": {
      "total": "No"
    },
    "attribute": {
      "confidentiality": {
        "credit_monitoring": "U",
        "data_abuse": "U",
        "data_subject": "Patient"
      }
    },
    "created": "2013-02-13T18:49:54Z",
    "f500": "N",
    "master_id": "42994604-BC7C-4088-A4B5-16F3CC362C43",
    "timeline": {
      "notification": {
        "year": 2012
      }
    }
  },
  "reference": "http://www.phiprivacy.net/?p=9806; http://www.lcsnw.org/bremerton/pdf/BreakInNotice.pdf February 13, 2013",
  "schema_version": "1.2.1",
  "security_incident": "Confirmed",
  "source_id": "vcdb",
  "summary": "Computers and electronic devices were taken during break-in at Lutheran Community Services Northwest.  ",
  "timeline": {
    "discovery": {
      "unit": "Unknown"
    },
    "incident": {
      "year": 2012
    }
  },
  "victim": {
    "country": "US",
    "employee_count": "101 to 1000",
    "industry": "624110",
    "notes": "",
    "revenue": {
      "amount": 27000000,
      "iso_currency_code": "USD"
    },
    "state": "WA",
    "victim_id": "Lutheran Community Services Northwest"
  }
}