{
  "action": {
    "misuse": {
      "variety": [
        "Privilege abuse"
      ],
      "vector": [
        "LAN access"
      ]
    }
  },
  "actor": {
    "internal": {
      "motive": [
        "Financial"
      ],
      "variety": [
        "End-user"
      ]
    }
  },
  "asset": {
    "assets": [
      {
        "variety": "S - Database"
      }
    ]
  },
  "attribute": {
    "confidentiality": {
      "data": [
        {
          "variety": "Payment"
        }
      ],
      "data_disclosure": "Yes"
    }
  },
  "discovery_method": "Unknown",
  "incident_id": "42EE6884-DE89-41C3-A844-9C325089CC0A",
  "plus": {
    "analysis_status": "First pass",
    "created": "2013-09-10T20:13:32Z",
    "master_id": "42EE6884-DE89-41C3-A844-9C325089CC0A",
    "timeline": {
      "notification": {
        "day": 11,
        "month": 6,
        "year": 2013
      }
    }
  },
  "reference": "http://articles.sun-sentinel.com/2013-06-11/news/fl-id-theft-psych-hospital-20130611_1_hospital-worker-patients-identities",
  "schema_version": "1.2.1",
  "security_incident": "Confirmed",
  "source_id": "vcdb",
  "summary": "A dishonest employee and his cousin pleaded not guilty to charges of conspiracy to commit identity theft, conspiracy to disclose individuals' health information, access device fraud, wrongful disclosure of health information, and aggravated identity theft.  The men are accused of stealing the names and Social Security numbers of patients to file fraudulent income tax returns between September of 2012 and April of 2013.",
  "timeline": {
    "incident": {
      "year": 2013
    }
  },
  "victim": {
    "country": "US",
    "employee_count": "Unknown",
    "industry": "622110",
    "secondary": {
      "amount": 1,
      "victim_id": [
        "GEO Care LLC"
      ]
    },
    "state": "FL",
    "victim_id": "South Florida State Hospital"
  }
}