{
  "action": {},
  "actor": {
    "unknown": {}
  },
  "asset": {
    "assets": [
      {
        "variety": "S - Other"
      }
    ]
  },
  "attribute": {
    "confidentiality": {
      "data": [
        {
          "amount": 800,
          "variety": "Medical"
        }
      ],
      "data_disclosure": "Potentially",
      "data_total": 800
    }
  },
  "discovery_method": "Unknown",
  "impact": {
    "overall_rating": "Unknown"
  },
  "incident_id": "43AC915E-AC99-4302-9CF9-3C36198FF92F",
  "plus": {
    "analysis_status": "First pass",
    "created": "2013-04-12T22:29:56Z",
    "master_id": "43AC915E-AC99-4302-9CF9-3C36198FF92F",
    "timeline": {
      "notification": {}
    }
  },
  "schema_version": "1.2.1",
  "security_incident": "Confirmed",
  "source_id": "vcdb",
  "timeline": {
    "discovery": {
      "unit": "Years",
      "value": 2
    },
    "incident": {
      "day": 1,
      "month": 10,
      "year": 2012
    }
  },
  "victim": {
    "country": "US",
    "employee_count": "1 to 10",
    "industry": "622110",
    "state": "Nv",
    "victim_id": "Sierra Plastic Surgery"
  }
}