{
  "action": {
    "hacking": {
      "cve": "",
      "notes": "",
      "variety": [
        "Unknown"
      ],
      "vector": [
        "Web application"
      ]
    }
  },
  "actor": {
    "external": {
      "country": [
        "Unknown"
      ],
      "motive": [
        "Financial"
      ],
      "notes": "",
      "variety": [
        "Unknown"
      ]
    }
  },
  "asset": {
    "assets": [
      {
        "variety": "S - Web application"
      }
    ],
    "hosting": "External",
    "management": "External",
    "notes": ""
  },
  "attribute": {
    "confidentiality": {
      "data": [
        {
          "variety": "Payment"
        },
        {
          "variety": "Personal"
        }
      ],
      "data_disclosure": "Yes",
      "notes": "",
      "state": [
        "Stored"
      ]
    }
  },
  "discovery_method": "Other",
  "impact": {
    "overall_rating": "Unknown"
  },
  "incident_id": "43B9EC0C-B789-4F1B-84EA-BD83E8A3B74A",
  "notes": "",
  "plus": {
    "analysis_status": "First pass",
    "analyst": "swidup",
    "asset": {
      "total": "No"
    },
    "attribute": {
      "confidentiality": {
        "credit_monitoring": "Y",
        "data_abuse": "Y",
        "data_subject": "Customer"
      }
    },
    "created": "2013-02-08T18:04:35Z",
    "f500": "N",
    "master_id": "43B9EC0C-B789-4F1B-84EA-BD83E8A3B74A",
    "timeline": {
      "notification": {
        "day": 23,
        "month": 3,
        "year": 2012
      }
    }
  },
  "reference": "http://doj.nh.gov/consumer/security-breaches/documents/orvis-20120323.pdf ",
  "schema_version": "1.2.1",
  "security_incident": "Confirmed",
  "source_id": "vcdb",
  "summary": "Partner who hosted website and provided auction software that accepts registration and bids for merchandise may have been accessed by an unauthorized person.  Partner indicated that although they had not conducted a forensic investigation, they believed that its computer network may have been compromised.  They had received reports from other companies hosted by it saying that their bidders had fraudulent charges on the credit cards they used to register for those auctions.  At risk are bidder's name, address, phone, email, CCN and expiration date.",
  "timeline": {
    "incident": {
      "year": 2012
    }
  },
  "victim": {
    "country": "US",
    "employee_count": "1001 to 10000",
    "industry": "451110",
    "notes": "",
    "revenue": {
      "amount": 328730000,
      "iso_currency_code": "USD"
    },
    "state": "VT",
    "victim_id": "The Orvis Company, Inc."
  }
}