{
  "action": {
    "misuse": {
      "variety": [
        "Privilege abuse"
      ],
      "vector": [
        "LAN access"
      ]
    }
  },
  "actor": {
    "internal": {
      "motive": [
        "Financial"
      ],
      "variety": [
        "Finance"
      ]
    }
  },
  "asset": {
    "assets": [
      {
        "variety": "S - Other"
      }
    ]
  },
  "attribute": {
    "confidentiality": {
      "data": [
        {
          "variety": "Personal"
        }
      ],
      "data_disclosure": "Yes",
      "notes": "",
      "state": [
        "Unknown"
      ]
    }
  },
  "discovery_method": "Unknown",
  "impact": {
    "loss": [
      {
        "rating": "Unknown",
        "variety": "Asset and fraud"
      },
      {
        "rating": "Unknown",
        "variety": "Brand damage"
      },
      {
        "rating": "Unknown",
        "variety": "Business disruption"
      },
      {
        "rating": "Unknown",
        "variety": "Operating costs"
      },
      {
        "rating": "Unknown",
        "variety": "Legal and regulatory"
      },
      {
        "rating": "Unknown",
        "variety": "Competitive advantage"
      },
      {
        "rating": "Unknown",
        "variety": "Response and recovery"
      }
    ],
    "overall_rating": "Unknown"
  },
  "incident_id": "43BCD096-E27F-48AA-A3E2-83FB710236D6",
  "notes": "",
  "plus": {
    "analysis_status": "First pass",
    "analyst": "blackfist",
    "asset": {
      "total": "No"
    },
    "attribute": {
      "confidentiality": {
        "credit_monitoring": "U",
        "data_abuse": "Y",
        "data_subject": "Patient"
      }
    },
    "created": "2013-08-19T15:08:17Z",
    "f500": "U",
    "master_id": "43BCD096-E27F-48AA-A3E2-83FB710236D6",
    "timeline": {
      "notification": {
        "day": 13,
        "month": 7,
        "year": 2013
      }
    }
  },
  "reference": "http://www.tampabay.com/news/courts/criminal/haley-tampa-general-hospital-employees-accused-of-selling-patient-ids/2129886 (20130819) http://healthitsecurity.com/2013/07/08/tampa-general-hospital-deals-with-patient-identity-fraud/ (20130819)",
  "schema_version": "1.2.1",
  "security_incident": "Confirmed",
  "source_id": "vcdb",
  "summary": "Employee accesses patient billing data for tax fraud purposes.",
  "timeline": {
    "compromise": {
      "unit": "Unknown"
    },
    "containment": {
      "unit": "Unknown"
    },
    "discovery": {
      "unit": "Months"
    },
    "exfiltration": {
      "unit": "Unknown"
    },
    "incident": {
      "month": 3,
      "year": 2012
    }
  },
  "victim": {
    "country": "US",
    "employee_count": "Unknown",
    "industry": "622110",
    "notes": "",
    "state": "FL",
    "victim_id": "Tampa General Hospital"
  }
}