{
  "action": {
    "physical": {
      "location": [
        "Personal vehicle"
      ],
      "variety": [
        "Theft"
      ],
      "vector": [
        "Unknown"
      ]
    }
  },
  "actor": {
    "external": {
      "country": [
        "Unknown"
      ],
      "motive": [
        "Financial"
      ],
      "variety": [
        "Unknown"
      ]
    }
  },
  "asset": {
    "assets": [
      {
        "variety": "U - Laptop"
      }
    ]
  },
  "attribute": {
    "availability": {
      "variety": [
        "Loss"
      ]
    },
    "confidentiality": {
      "data": [
        {
          "variety": "Personal"
        },
        {
          "variety": "Medical"
        }
      ],
      "data_disclosure": "Yes",
      "data_total": 318
    }
  },
  "discovery_method": "Unknown",
  "incident_id": "4420BB21-8ACD-4BC4-9FAD-BF124B5F6409",
  "plus": {
    "analysis_status": "First pass",
    "created": "2013-09-10T20:13:32Z",
    "master_id": "4420BB21-8ACD-4BC4-9FAD-BF124B5F6409",
    "timeline": {
      "notification": {
        "day": 28,
        "month": 3,
        "year": 2013
      }
    }
  },
  "reference": "http://www.privacyrights.org/node/55616",
  "schema_version": "1.2.1",
  "security_incident": "Confirmed",
  "source_id": "vcdb",
  "summary": "A paper file was stolen from the car of a dental assistant who was treating residents at the MedStar Good Samaritan Nursing Center.  The file contained names, dates of birth, medical and dental evaluation information, medical and dental providers' names and license numbers, and the Social Security numbers of three residents.",
  "timeline": {
    "incident": {
      "year": 2013
    }
  },
  "victim": {
    "country": "US",
    "employee_count": "10001 to 25000",
    "industry": "623110",
    "secondary": {
      "amount": 1,
      "victim_id": [
        "Mid America Health, Inc. (MAH)"
      ]
    },
    "state": "MD",
    "victim_id": "MedStar Good Samaritan Nursing Center"
  }
}