{
  "action": {
    "physical": {
      "location": [
        "Unknown"
      ],
      "variety": [
        "Theft"
      ],
      "vector": [
        "Unknown"
      ]
    }
  },
  "actor": {
    "external": {
      "country": [
        "Unknown"
      ],
      "motive": [
        "Unknown"
      ],
      "variety": [
        "Unknown"
      ]
    }
  },
  "asset": {
    "assets": [
      {
        "variety": "M - Flash drive"
      }
    ]
  },
  "attribute": {
    "availability": {
      "variety": [
        "Loss"
      ]
    },
    "confidentiality": {
      "data": [
        {
          "amount": 8795,
          "variety": "Medical"
        }
      ],
      "data_disclosure": "Potentially",
      "data_total": 8795
    }
  },
  "discovery_method": "Unknown",
  "impact": {
    "overall_rating": "Unknown"
  },
  "incident_id": "4420894A-25CD-417D-8A5C-83691326BFC3",
  "plus": {
    "analysis_status": "First pass",
    "created": "2013-04-12T22:29:56Z",
    "master_id": "4420894A-25CD-417D-8A5C-83691326BFC3"
  },
  "schema_version": "1.2.1",
  "security_incident": "Confirmed",
  "source_id": "vcdb",
  "timeline": {
    "discovery": {
      "unit": "Unknown"
    },
    "incident": {
      "day": 24,
      "month": 6,
      "year": 2011
    }
  },
  "victim": {
    "country": "US",
    "employee_count": "1001 to 10000",
    "industry": "622110",
    "secondary": {
      "amount": 6,
      "victim_id": [
        "Community Medical Center ",
        "Kimball Medical Center   ",
        "Monmouth Medical Center   ",
        "Newark Beth Israel Medical Center  ",
        "Saint Barnabas Medical Center  ",
        "Cook County Health & Hospitals System"
      ]
    },
    "state": "Nj",
    "victim_id": "Clara Maass Medical Center  "
  }
}