{
  "action": {
    "hacking": {
      "notes": "",
      "variety": [
        "Unknown"
      ],
      "vector": [
        "Unknown"
      ]
    }
  },
  "actor": {
    "external": {
      "country": [
        "Unknown"
      ],
      "motive": [
        "Ideology"
      ],
      "variety": [
        "Activist"
      ]
    }
  },
  "asset": {
    "assets": [
      {
        "variety": "S - Database"
      }
    ]
  },
  "attribute": {
    "confidentiality": {
      "data": [
        {
          "amount": 9000,
          "variety": "Credentials"
        },
        {
          "variety": "Personal"
        }
      ],
      "data_disclosure": "Yes",
      "data_total": 9000,
      "notes": "Information that was leaked contained usernames, email address and passwords.  ",
      "state": [
        "Stored unencrypted"
      ]
    }
  },
  "discovery_method": "Ext - actor disclosure",
  "impact": {
    "overall_rating": "Unknown"
  },
  "incident_id": "44377EFD-99D0-45A4-863B-492F93CB6CAC",
  "notes": "",
  "plus": {
    "analysis_status": "First pass",
    "analyst": "abooker",
    "asset": {
      "total": "No"
    },
    "attribute": {
      "confidentiality": {
        "credit_monitoring": "U",
        "data_abuse": "Y",
        "data_subject": "Customer"
      }
    },
    "created": "2013-02-18T14:55:47Z",
    "f500": "N",
    "master_id": "44377EFD-99D0-45A4-863B-492F93CB6CAC",
    "timeline": {
      "notification": {
        "day": 9,
        "month": 6,
        "year": 2012
      }
    }
  },
  "reference": "http://www.cyberwarnews.info/2012/06/09/9000-accounts-leaked-from-mercotour-com-by-nrtnz/",
  "schema_version": "1.2.1",
  "security_incident": "Confirmed",
  "source_id": "vcdb",
  "summary": "Accounts were leaked by a hacker named @nrtnz. ",
  "timeline": {
    "incident": {
      "year": 2012
    }
  },
  "victim": {
    "country": "AR",
    "employee_count": "Unknown",
    "industry": "72",
    "notes": "The country of operation is Argentina and the city is Buenos Aires.  ",
    "victim_id": "Mercotour.com"
  }
}