{
  "action": {
    "error": {
      "notes": "Public vehicle",
      "variety": [
        "Loss"
      ],
      "vector": [
        "Carelessness"
      ]
    }
  },
  "actor": {
    "internal": {
      "motive": [
        "NA"
      ],
      "variety": [
        "Other"
      ]
    }
  },
  "asset": {
    "assets": [
      {
        "variety": "M - Documents"
      }
    ]
  },
  "attribute": {
    "availability": {
      "variety": [
        "Loss"
      ]
    },
    "confidentiality": {
      "data": [
        {
          "variety": "Unknown"
        }
      ],
      "data_disclosure": "Potentially",
      "notes": "It is not known how many people are affected or the exact nature of the information, but it is believed that some of it relates to cancer patients.  ",
      "state": [
        "Unknown"
      ]
    }
  },
  "discovery_method": "Int - reported by user",
  "impact": {
    "overall_rating": "Unknown"
  },
  "incident_id": "44645C08-C310-4B19-BDD4-BF6B529775BA",
  "notes": "",
  "plus": {
    "analysis_status": "First pass",
    "analyst": "abooker",
    "asset": {
      "total": "No"
    },
    "attribute": {
      "confidentiality": {
        "credit_monitoring": "U",
        "data_abuse": "U",
        "data_subject": "Patient"
      }
    },
    "created": "2013-02-21T14:25:24Z",
    "f500": "N",
    "master_id": "44645C08-C310-4B19-BDD4-BF6B529775BA",
    "timeline": {
      "notification": {
        "day": 4,
        "month": 2,
        "year": 2012
      }
    }
  },
  "reference": "http://www.newsandstar.co.uk/news/cumbrian-patients-data-left-on-train-1.921755?referrerPath= ",
  "schema_version": "1.2.1",
  "security_incident": "Confirmed",
  "source_id": "vcdb",
  "summary": "Patient information from North Cumbria's hospitals were lost on a train. ",
  "timeline": {
    "incident": {
      "year": 2012
    }
  },
  "victim": {
    "country": "GB",
    "employee_count": "1001 to 10000",
    "industry": "622110",
    "notes": "",
    "revenue": {
      "amount": 16000000,
      "iso_currency_code": "USD"
    },
    "victim_id": "North Cumbria University Hospitals NHS Trust"
  }
}