{
  "action": {
    "hacking": {
      "notes": "",
      "variety": [
        "Unknown"
      ],
      "vector": [
        "Unknown"
      ]
    }
  },
  "actor": {
    "external": {
      "country": [
        "Unknown"
      ],
      "motive": [
        "Unknown"
      ],
      "variety": [
        "Unknown"
      ]
    }
  },
  "asset": {
    "assets": [
      {
        "variety": "S - Database"
      }
    ]
  },
  "attribute": {
    "confidentiality": {
      "data": [
        {
          "variety": "Credentials"
        }
      ],
      "data_disclosure": "Yes",
      "notes": "",
      "state": [
        "Unknown"
      ]
    }
  },
  "discovery_method": "Unknown",
  "impact": {
    "overall_rating": "Unknown"
  },
  "incident_id": "4570A114-D2A9-4F50-8634-BD89469468F1",
  "notes": "",
  "plus": {
    "analysis_status": "First pass",
    "analyst": "swidup",
    "asset": {
      "total": "No"
    },
    "attribute": {
      "confidentiality": {
        "credit_monitoring": "U",
        "data_abuse": "U",
        "data_subject": "Customer"
      }
    },
    "created": "2013-08-23T16:03:54Z",
    "f500": "U",
    "master_id": "4570A114-D2A9-4F50-8634-BD89469468F1",
    "timeline": {
      "notification": {
        "day": 2,
        "month": 7,
        "year": 2013
      }
    }
  },
  "reference": "http://www.hotforsecurity.com/blog/ubisoft-breached-sensitive-account-data-leaked-6538.html, http://www.networkworld.com/news/2013/041013-ubisoft-takes-download-service-offline-268566.html, http://www.v3.co.uk/v3-uk/news/2279013/ubisoft-warns-customers-following-account-hack ",
  "schema_version": "1.2.1",
  "security_incident": "Confirmed",
  "source_id": "vcdb",
  "summary": "Game publisher Ubisoft was breached and unauthorized parties accessed customers\u2019 usernames, e-mail addresses and hashed passwords. Ubisoft urges all account owners to change their passwords at once.  The French firm emailed its customers, informing them that \u201ccredentials were stolen and used to illegally access our online network\u201d giving unauthorized people access to users\u2019 accounts. No further details on the attack were given.  Currently all compromised systems are closed off and the company is working to restore them.  According to the email, no financial information was reached since Ubisoft has a payment processing company handle money-related data. \u201cPlease note that no personal payment information is stored with Ubisoft, meaning your debit/credit card information was safe from this intrusion\u201d the e-mail reads.  \u201cOut of an abundance of caution, we also recommend that you change your password on any other Web site or service where you use the same or a similar password.\u201d",
  "timeline": {
    "incident": {
      "year": 2013
    }
  },
  "victim": {
    "country": "FR",
    "employee_count": "Unknown",
    "industry": "0000",
    "notes": "",
    "victim_id": "UBISOFT Entertainment (France)"
  }
}