{
  "action": {
    "error": {
      "variety": [
        "Disposal error"
      ],
      "vector": [
        "Carelessness"
      ]
    }
  },
  "actor": {
    "internal": {
      "motive": [
        "NA"
      ],
      "variety": [
        "Unknown"
      ]
    }
  },
  "asset": {
    "assets": [
      {
        "variety": "M - Documents"
      }
    ]
  },
  "attribute": {
    "confidentiality": {
      "data": [
        {
          "variety": "Personal"
        }
      ],
      "data_disclosure": "Yes",
      "data_total": 1093
    }
  },
  "discovery_method": "Unknown",
  "incident_id": "45ADAE86-407F-4322-AC50-BBCC7ADC2A4A",
  "plus": {
    "analysis_status": "First pass",
    "created": "2013-09-10T20:13:32Z",
    "master_id": "45ADAE86-407F-4322-AC50-BBCC7ADC2A4A",
    "timeline": {
      "notification": {
        "day": 14,
        "month": 6,
        "year": 2013
      }
    }
  },
  "reference": "https://www.privacyrights.org/node/57002",
  "schema_version": "1.2.1",
  "security_incident": "Confirmed",
  "source_id": "vcdb",
  "summary": "Optical shop consultation reports were placed in a publicly accessible recycling bin over a period of three months rather than properly disposed.  The documents contained names, Social Security numbers, addresses, dates of birth, and prescriptions.  The issue was discovered on April 17 and most likely started in January of 2013.",
  "timeline": {
    "incident": {
      "day": 31,
      "month": 1,
      "year": 2013
    }
  },
  "victim": {
    "country": "US",
    "employee_count": "Unknown",
    "industry": "621498",
    "state": "NC",
    "victim_id": "Fayetteville Veterans Affairs Medical Center"
  }
}