{
  "action": {
    "physical": {
      "location": [
        "Personal residence"
      ],
      "variety": [
        "Theft"
      ],
      "vector": [
        "Unknown"
      ]
    }
  },
  "actor": {
    "external": {
      "country": [
        "Unknown"
      ],
      "motive": [
        "Financial"
      ],
      "variety": [
        "Unknown"
      ]
    }
  },
  "asset": {
    "assets": [
      {
        "variety": "U - Laptop"
      }
    ]
  },
  "attribute": {
    "availability": {
      "variety": [
        "Loss"
      ]
    },
    "confidentiality": {
      "data": [
        {
          "variety": "Personal"
        }
      ],
      "data_disclosure": "Potentially",
      "notes": "",
      "state": [
        "Stored"
      ]
    }
  },
  "discovery_method": "Int - reported by user",
  "impact": {
    "overall_rating": "Unknown"
  },
  "incident_id": "460E91C3-2DE6-4043-B4F2-7AA028523687",
  "notes": "",
  "plus": {
    "analysis_status": "First pass",
    "analyst": "swidup",
    "asset": {
      "total": "No"
    },
    "attribute": {
      "confidentiality": {
        "credit_monitoring": "Y",
        "data_abuse": "U",
        "data_subject": "Student"
      }
    },
    "created": "2013-02-05T22:53:18Z",
    "f500": "N",
    "master_id": "460E91C3-2DE6-4043-B4F2-7AA028523687",
    "timeline": {
      "notification": {
        "day": 4,
        "month": 10,
        "year": 2012
      }
    }
  },
  "reference": "http://oag.ca.gov/system/files/Sample%20Notification_0.pdf? ",
  "schema_version": "1.2.1",
  "security_incident": "Confirmed",
  "source_id": "vcdb",
  "summary": "Laptop stolen from an employee's home contained student names and SSNs.",
  "timeline": {
    "incident": {
      "day": 14,
      "month": 9,
      "year": 2012
    }
  },
  "victim": {
    "country": "US",
    "employee_count": "11 to 100",
    "industry": "541720",
    "notes": "",
    "revenue": {
      "amount": 880000000,
      "iso_currency_code": "USD"
    },
    "state": "CA",
    "victim_id": "Monterey Institute of International Studies"
  }
}