{
  "action": {
    "error": {
      "notes": " [through Email]",
      "variety": [
        "Misdelivery"
      ],
      "vector": [
        "Unknown"
      ]
    }
  },
  "actor": {
    "internal": {
      "motive": [
        "NA"
      ],
      "variety": [
        "End-user"
      ]
    }
  },
  "asset": {
    "assets": [
      {
        "variety": "S - File"
      }
    ]
  },
  "attribute": {
    "confidentiality": {
      "data": [
        {
          "variety": "Personal"
        }
      ],
      "data_disclosure": "Yes",
      "notes": "",
      "state": [
        "Transmitted unencrypted"
      ]
    }
  },
  "discovery_method": "Int - reported by user",
  "impact": {
    "overall_rating": "Unknown"
  },
  "incident_id": "4624984D-73BF-4B2A-82A6-3160208D019E",
  "notes": "",
  "plus": {
    "analysis_status": "First pass",
    "analyst": "swidup",
    "asset": {
      "total": "No"
    },
    "attribute": {
      "confidentiality": {
        "credit_monitoring": "Y",
        "data_abuse": "U",
        "data_subject": "Customer"
      }
    },
    "created": "2013-02-06T22:13:57Z",
    "f500": "N",
    "master_id": "4624984D-73BF-4B2A-82A6-3160208D019E",
    "timeline": {
      "notification": {
        "day": 23,
        "month": 8,
        "year": 2012
      }
    }
  },
  "reference": "http://doj.nh.gov/consumer/security-breaches/documents/bill-melinda-gates-20120823.pdf ",
  "schema_version": "1.2.1",
  "security_incident": "Confirmed",
  "source_id": "vcdb",
  "summary": "An employee accidentally attached the wrong version of a spreadsheet to an email sent to a number of foundation vendors.  The spreadsheet contained information about vendors of the foundation.  The spreadsheet contained name, address, phone, SSN and information about payment history.",
  "timeline": {
    "incident": {
      "day": 26,
      "month": 7,
      "year": 2012
    }
  },
  "victim": {
    "country": "US",
    "employee_count": "101 to 1000",
    "industry": "813211",
    "notes": "",
    "revenue": {
      "amount": 3280000000,
      "iso_currency_code": "USD"
    },
    "state": "WA",
    "victim_id": "Bill & Melinda Gates Foundation"
  }
}