{
  "action": {
    "error": {
      "notes": "Victim work area",
      "variety": [
        "Loss"
      ],
      "vector": [
        "Carelessness"
      ]
    }
  },
  "actor": {
    "internal": {
      "motive": [
        "NA"
      ],
      "variety": [
        "Human resources"
      ]
    }
  },
  "asset": {
    "assets": [
      {
        "variety": "M - Disk media"
      }
    ]
  },
  "attribute": {
    "availability": {
      "variety": [
        "Loss"
      ]
    },
    "confidentiality": {
      "data": [
        {
          "amount": 582,
          "variety": "Personal"
        }
      ],
      "data_disclosure": "Potentially",
      "data_total": 582,
      "notes": "",
      "state": [
        "Stored"
      ]
    }
  },
  "discovery_method": "Other",
  "impact": {
    "loss": [
      {
        "rating": "Minor",
        "variety": "Response and recovery"
      }
    ],
    "overall_rating": "Unknown"
  },
  "incident_id": "466C5449-B126-441E-BC76-A0B2AF985C67",
  "notes": "",
  "plus": {
    "analysis_status": "First pass",
    "analyst": "Splitler",
    "asset": {
      "total": "No"
    },
    "attribute": {
      "confidentiality": {
        "credit_monitoring": "Y",
        "data_abuse": "N",
        "data_subject": "Partner"
      }
    },
    "created": "2013-02-19T02:01:06Z",
    "f500": "N",
    "master_id": "466C5449-B126-441E-BC76-A0B2AF985C67",
    "timeline": {
      "notification": {
        "day": 26,
        "month": 4,
        "year": 2012
      }
    }
  },
  "reference": "http://doj.nh.gov/consumer/security-breaches/documents/claires-20120426.pdf https://www.google.com/url?sa=t&rct=j&q=&esrc=s&source=web&cd=1&cad=rja&ved=0CDsQFjAA&url=http%3A%2F%2Fwww.oag.state.md.us%2Fidtheft%2FBreach%2520Notices%2FITU%2520215616.pdf&ei=hdkiUerTFOvV0gHl8oGACg&usg=AFQjCNEONyI4lZslv76iJLasImpScUQhmA&bvm=bv.42553238,d.dmQ",
  "schema_version": "1.2.1",
  "security_incident": "Confirmed",
  "source_id": "vcdb",
  "summary": "Lost CD at retail HQ location contained W-2 information on employees. New Hampshire and Maryland disclosures available as OSINT via their respective attorney general sites. 150 notifications in NH, 432 in MD",
  "timeline": {
    "compromise": {
      "unit": "NA"
    },
    "containment": {
      "unit": "Unknown"
    },
    "discovery": {
      "unit": "Unknown"
    },
    "exfiltration": {
      "unit": "NA"
    },
    "incident": {
      "month": 4,
      "year": 2012
    }
  },
  "victim": {
    "country": "US",
    "employee_count": "10001 to 25000",
    "industry": "448",
    "notes": "",
    "revenue": {
      "amount": 1400000000,
      "iso_currency_code": "USD"
    },
    "state": "IL",
    "victim_id": "Claire's Stores"
  }
}