{
  "action": {
    "error": {
      "notes": " [through ]",
      "variety": [
        "Disposal error"
      ],
      "vector": [
        "Unknown"
      ]
    }
  },
  "actor": {
    "internal": {
      "motive": [
        "NA"
      ],
      "variety": [
        "Unknown"
      ]
    }
  },
  "asset": {
    "assets": [
      {
        "variety": "M - Documents"
      }
    ]
  },
  "attribute": {
    "confidentiality": {
      "data": [
        {
          "variety": "Bank"
        },
        {
          "variety": "Personal"
        }
      ],
      "data_disclosure": "Yes",
      "notes": "",
      "state": [
        "Stored unencrypted"
      ]
    }
  },
  "discovery_method": "Unknown",
  "impact": {
    "overall_rating": "Unknown"
  },
  "incident_id": "46F14811-A578-4889-8B7D-7BBAA89E8903",
  "notes": "",
  "plus": {
    "analysis_status": "First pass",
    "analyst": "swidup",
    "asset": {
      "total": "No"
    },
    "attribute": {
      "confidentiality": {
        "credit_monitoring": "U",
        "data_abuse": "U",
        "data_subject": "Customer"
      }
    },
    "created": "2013-07-01T23:13:57Z",
    "f500": "N",
    "master_id": "46F14811-A578-4889-8B7D-7BBAA89E8903",
    "timeline": {
      "notification": {
        "year": 2008
      }
    }
  },
  "reference": "http://blog.annualcreditreport.co.uk/tagged/data-loss",
  "schema_version": "1.2.1",
  "security_incident": "Confirmed",
  "source_id": "vcdb",
  "summary": "The personal information of almost 1,000 Haringey Council residents has been found dumped in an abandoned council building.  The data lost included names, dates of birth, addresses, bank details and some housing tenancy data of housing benefit claimants. The files were overlooked and left in a cupboard when the former Haringey Council housing benefits office was vacated in 2005.  A spokesman for Haringey Council said, \u201cThe council is going through all the files and will be writing to the people whose records have been found, to allay fears regarding their personal information and giving advice about what action the individuals should take if they have concerns regarding any misuse of their personal information.\"",
  "timeline": {
    "incident": {
      "year": 2008
    }
  },
  "victim": {
    "country": "GB",
    "employee_count": "Unknown",
    "industry": "92",
    "notes": "",
    "victim_id": "Haringey Council"
  }
}