{
  "action": {
    "physical": {
      "location": [
        "Partner vehicle"
      ],
      "variety": [
        "Theft"
      ],
      "vector": [
        "Unknown"
      ]
    }
  },
  "actor": {
    "external": {
      "country": [
        "Unknown"
      ],
      "motive": [
        "Financial"
      ],
      "variety": [
        "Unknown"
      ]
    }
  },
  "asset": {
    "assets": [
      {
        "variety": "M - Documents"
      }
    ]
  },
  "attribute": {
    "availability": {
      "variety": [
        "Loss"
      ]
    },
    "confidentiality": {
      "data": [
        {
          "variety": "Personal"
        }
      ],
      "data_disclosure": "Yes",
      "data_total": 600,
      "notes": "The records included names, dates of birth, addresses and license numbers. The types of paperwork stolen do not include the social security numbers of Massachusetts residents",
      "state": [
        "Stored unencrypted"
      ]
    }
  },
  "discovery_method": "Int - reported by user",
  "impact": {
    "overall_rating": "Unknown"
  },
  "incident_id": "474D2C9C-CD7C-49EE-8684-5017A25DED49",
  "notes": "",
  "plus": {
    "analysis_status": "First pass",
    "analyst": "abooker",
    "asset": {
      "total": "No"
    },
    "attribute": {
      "confidentiality": {
        "credit_monitoring": "N",
        "data_abuse": "U",
        "data_subject": "Customer"
      }
    },
    "created": "2013-02-17T01:51:12Z",
    "f500": "N",
    "master_id": "474D2C9C-CD7C-49EE-8684-5017A25DED49",
    "timeline": {
      "notification": {
        "day": 9,
        "month": 4,
        "year": 2012
      }
    }
  },
  "reference": "http://www.massdataprivacylaw.com/data-breach/ ",
  "schema_version": "1.2.1",
  "security_incident": "Confirmed",
  "source_id": "vcdb",
  "summary": "Two masked men, operating a stolen jeep, pulled up next to a courier's white van that was parked outside a Massachusetts Registry of Motor Vehicles location, jumped out of the jeep and stole five bags from the courier's van.",
  "timeline": {
    "incident": {
      "day": 5,
      "month": 4,
      "year": 2012
    }
  },
  "victim": {
    "country": "US",
    "employee_count": "Unknown",
    "industry": "926120",
    "notes": "",
    "state": "MA",
    "victim_id": "Massachusetts Registry of Motor Vehicles"
  }
}