{
  "action": {
    "error": {
      "notes": " [through ]",
      "variety": [
        "Disposal error"
      ],
      "vector": [
        "Unknown"
      ]
    }
  },
  "actor": {
    "internal": {
      "motive": [
        "Other"
      ],
      "variety": [
        "Other"
      ]
    }
  },
  "asset": {
    "assets": [
      {
        "variety": "M - Documents"
      }
    ]
  },
  "attribute": {
    "confidentiality": {
      "data": [
        {
          "variety": "Bank"
        },
        {
          "variety": "Personal"
        }
      ],
      "data_disclosure": "Yes",
      "notes": "Old gym memberships, with credit card information, Social Security numbers, addresses and other info.",
      "state": [
        "Stored unencrypted"
      ]
    }
  },
  "discovery_method": "Ext - unrelated party",
  "impact": {
    "overall_rating": "Unknown"
  },
  "incident_id": "47836BA4-9960-46C0-BF3F-C052F25DDF84",
  "notes": "",
  "plus": {
    "analysis_status": "First pass",
    "analyst": "abooker",
    "asset": {
      "total": "No"
    },
    "attribute": {
      "confidentiality": {
        "credit_monitoring": "U",
        "data_abuse": "U",
        "data_subject": "Customer"
      }
    },
    "created": "2013-03-15T19:19:20Z",
    "f500": "U",
    "master_id": "47836BA4-9960-46C0-BF3F-C052F25DDF84",
    "timeline": {
      "notification": {
        "day": 12,
        "month": 5,
        "year": 2012
      }
    }
  },
  "reference": "http://www.databreaches.net/?p=24221; http://www.kpho.com/story/18362022/passerby-finds-hundreds-of-documents-with-personal-info-in-dumpster ",
  "schema_version": "1.2.1",
  "security_incident": "Confirmed",
  "source_id": "vcdb",
  "summary": "A passerby found paperwork pertaining personal information for customer's for Fitness 1.  Fitness 1 sold their location, contracts and memberships to LA Fitness in 2000.  ",
  "timeline": {
    "incident": {
      "year": 2012
    }
  },
  "victim": {
    "country": "US",
    "employee_count": "1001 to 10000",
    "industry": "713940",
    "notes": "",
    "revenue": {
      "amount": 63000000,
      "iso_currency_code": "USD"
    },
    "state": "CA",
    "victim_id": "LA Fitness"
  }
}