{
  "action": {
    "hacking": {
      "notes": "",
      "variety": [
        "Use of backdoor or C2"
      ],
      "vector": [
        "3rd party desktop"
      ]
    }
  },
  "actor": {
    "external": {
      "country": [
        "Unknown"
      ],
      "motive": [
        "Unknown"
      ],
      "variety": [
        "Force majeure"
      ]
    }
  },
  "asset": {
    "assets": [
      {
        "variety": "S - Database"
      }
    ]
  },
  "attribute": {
    "confidentiality": {
      "data": [
        {
          "variety": "Bank"
        },
        {
          "variety": "Personal"
        }
      ],
      "data_disclosure": "Potentially",
      "notes": "Information taken from the website included payment card numbers added to your Namesco account, name on card, card start (if entered) and card expiration date.",
      "state": [
        "Stored"
      ]
    }
  },
  "discovery_method": "Ext - customer",
  "impact": {
    "overall_rating": "Unknown"
  },
  "incident_id": "479B903A-60C8-4775-B40C-4FEB6BEC7FC1",
  "notes": "We provide professional online solutions for individuals, businesses, developers and resellers. Whether you're a total beginner or you have years of experience, our products and services are designed with you in mind.",
  "plus": {
    "analysis_status": "First pass",
    "analyst": "abooker",
    "asset": {
      "total": "No"
    },
    "attribute": {
      "confidentiality": {
        "credit_monitoring": "U",
        "data_abuse": "U",
        "data_subject": "Customer"
      }
    },
    "created": "2013-02-19T15:53:15Z",
    "f500": "N",
    "master_id": "479B903A-60C8-4775-B40C-4FEB6BEC7FC1",
    "timeline": {
      "notification": {
        "day": 13,
        "month": 1,
        "year": 2012
      }
    }
  },
  "reference": "http://www.theregister.co.uk/2012/01/13/namesco_phish_like_security_warning/; http://www.theregister.co.uk/2012/01/13/namesco_phish_like_security_warning/page2.html ",
  "schema_version": "1.2.1",
  "security_incident": "Confirmed",
  "source_id": "vcdb",
  "summary": "Namesco reports a warning after credit card info leak through a third party hack.  ",
  "timeline": {
    "incident": {
      "year": 2012
    }
  },
  "victim": {
    "country": "IE",
    "employee_count": "1 to 10",
    "industry": "511210",
    "notes": "Their name has changed to names.co.uk",
    "revenue": {
      "amount": 260000000,
      "iso_currency_code": "USD"
    },
    "victim_id": "Namesco Limited"
  }
}