{
  "action": {
    "hacking": {
      "notes": "",
      "variety": [
        "Unknown"
      ],
      "vector": [
        "Unknown"
      ]
    }
  },
  "actor": {
    "external": {
      "country": [
        "Unknown"
      ],
      "motive": [
        "Financial"
      ],
      "variety": [
        "Unknown"
      ]
    }
  },
  "asset": {
    "assets": [
      {
        "variety": "Unknown"
      }
    ]
  },
  "attribute": {
    "confidentiality": {
      "data": [
        {
          "variety": "Unknown"
        }
      ],
      "data_disclosure": "Potentially",
      "notes": "",
      "state": [
        "Unknown"
      ]
    }
  },
  "discovery_method": "Unknown",
  "impact": {
    "overall_rating": "Unknown"
  },
  "incident_id": "47B12092-D159-46ED-90C6-A8E0631B774E",
  "notes": "",
  "plus": {
    "analysis_status": "First pass",
    "analyst": "swidup",
    "asset": {
      "total": "No"
    },
    "attribute": {
      "confidentiality": {
        "credit_monitoring": "U",
        "data_abuse": "U",
        "data_subject": "Customer"
      }
    },
    "created": "2013-08-22T21:15:19Z",
    "f500": "U",
    "master_id": "47B12092-D159-46ED-90C6-A8E0631B774E",
    "timeline": {
      "notification": {
        "day": 7,
        "month": 6,
        "year": 2013
      }
    }
  },
  "reference": "http://www.raleys.com/www/feature/media.jsp?featureid=3165605, http://www.raleys.com/www/feature/media.jsp?featureid=3015764, http://www.darkreading.com/attacks-breaches/raleys-family-of-fine-stores-targeted-in/240156182, http://www.mercurynews.com/breaking-news/ci_23408877/raleys-warns-customers-cyber-attack-possible-security-breach",
  "schema_version": "1.2.1",
  "security_incident": "Confirmed",
  "source_id": "vcdb",
  "summary": "The Raley's supermarket chain warned customers Thursday that part of the company's computer network may have been targeted in a cyber attack.  The company stated in a news release that it could not confirm if any unauthorized access had been made to payment card data, but that an internal investigation remains ongoing. However, the company said it did not believe that debit PINs could have been accessed.",
  "timeline": {
    "incident": {
      "year": 2013
    }
  },
  "victim": {
    "country": "US",
    "employee_count": "Unknown",
    "industry": "0000",
    "notes": "",
    "state": "CA",
    "victim_id": "Raley's Supermarkets"
  }
}