{
  "action": {
    "physical": {
      "location": [
        "Victim work area"
      ],
      "variety": [
        "Theft"
      ],
      "vector": [
        "Unknown"
      ]
    }
  },
  "actor": {
    "external": {
      "country": [
        "Unknown"
      ],
      "motive": [
        "Financial"
      ],
      "variety": [
        "Unknown"
      ]
    }
  },
  "asset": {
    "assets": [
      {
        "variety": "U - Laptop"
      }
    ]
  },
  "attribute": {
    "availability": {
      "variety": [
        "Loss"
      ]
    },
    "confidentiality": {
      "data": [
        {
          "amount": 7405,
          "variety": "Medical"
        }
      ],
      "data_disclosure": "Potentially",
      "data_total": 7405,
      "notes": "",
      "state": [
        "Stored unencrypted"
      ]
    }
  },
  "discovery_method": "Unknown",
  "impact": {
    "overall_rating": "Unknown"
  },
  "incident_id": "47F2F904-BA6C-4825-B7C7-8B295F55D215",
  "notes": "",
  "plus": {
    "analysis_status": "First pass",
    "analyst": "swidup",
    "asset": {
      "total": "No"
    },
    "attribute": {
      "confidentiality": {
        "credit_monitoring": "Y",
        "data_abuse": "U",
        "data_subject": "Patient"
      }
    },
    "created": "2013-06-28T01:04:46Z",
    "f500": "N",
    "master_id": "47F2F904-BA6C-4825-B7C7-8B295F55D215",
    "timeline": {
      "notification": {
        "day": 8,
        "month": 4,
        "year": 2013
      }
    }
  },
  "reference": "http://www.scmagazine.com/laptop-stolen-from-sc-medical-center-contains-data-on-7k-veterans/article/287907/",
  "schema_version": "1.2.1",
  "security_incident": "Confirmed",
  "source_id": "vcdb",
  "summary": "A Department of Veterans Affairs (VA) laptop containing the sensitive data of several thousand patients was stolen in South Carolina. ",
  "timeline": {
    "incident": {
      "month": 4,
      "year": 2013
    }
  },
  "victim": {
    "country": "US",
    "employee_count": "Unknown",
    "industry": "622110",
    "notes": "",
    "state": "SC",
    "victim_id": "William Jennings Bryan Dorn VA Hospital"
  }
}