{
  "action": {
    "hacking": {
      "notes": "",
      "variety": [
        "Unknown"
      ],
      "vector": [
        "Web application"
      ]
    }
  },
  "actor": {
    "external": {
      "country": [
        "Unknown"
      ],
      "motive": [
        "Financial"
      ],
      "variety": [
        "Unknown"
      ]
    }
  },
  "asset": {
    "assets": [
      {
        "variety": "S - Web application"
      }
    ]
  },
  "attribute": {
    "confidentiality": {
      "data": [
        {
          "variety": "Payment"
        },
        {
          "variety": "Personal"
        }
      ],
      "data_disclosure": "Yes",
      "notes": "",
      "state": [
        "Stored encrypted"
      ]
    }
  },
  "discovery_method": "Int - log review",
  "impact": {
    "overall_rating": "Unknown"
  },
  "incident_id": "480D23BD-57EB-4442-B9DF-4628B0552AA0",
  "notes": "",
  "plus": {
    "analysis_status": "First pass",
    "analyst": "swidup",
    "asset": {
      "total": "No"
    },
    "attribute": {
      "confidentiality": {
        "credit_monitoring": "N",
        "data_abuse": "U",
        "data_subject": "Customer"
      }
    },
    "created": "2013-02-11T17:40:14Z",
    "f500": "N",
    "master_id": "480D23BD-57EB-4442-B9DF-4628B0552AA0",
    "timeline": {
      "notification": {
        "day": 4,
        "month": 1,
        "year": 2012
      }
    }
  },
  "reference": "http://www.atg.state.vt.us/assets/files/Akliz%20Notice.pdf, http://www.oag.state.md.us/idtheft/Breach%20Notices/ITU215459.pdf",
  "schema_version": "1.2.1",
  "security_incident": "Confirmed",
  "source_id": "vcdb",
  "summary": "We believe that one of our internal servers compromised on December 27, 2011. We discovered this incident during a routine examination our server logs and C with any time to our customers associate incident. It appears that an attacker was able to gain access to the internal servers that host our billing system. That system contains information you provided when you created an account with us, such as your name, phone number, e-mail address, username and password. If you paid online with a credit card, your credit card is stored in the systems well. The billing system uses is popular and sophisticated. Sensitive information, such as credit card information and account passwords, was stored in an encrypted form. However, the incident involved an attempt by the attacker to access the keys used to decrypt the data. So we cannot be certain that the data is encrypted.",
  "timeline": {
    "incident": {
      "day": 27,
      "month": 12,
      "year": 2011
    }
  },
  "victim": {
    "country": "US",
    "employee_count": "1 to 10",
    "industry": "561990",
    "notes": "",
    "revenue": {
      "amount": 200000,
      "iso_currency_code": "USD"
    },
    "state": "MA",
    "victim_id": "Akliz, Inc."
  }
}