{
  "action": {
    "misuse": {
      "notes": "Inferring use of hand held skimmer as the report states she cloned the payment card and used in card-present fraud.",
      "variety": [
        "Privilege abuse",
        "Embezzlement",
        "Unapproved hardware"
      ],
      "vector": [
        "Physical access"
      ]
    }
  },
  "actor": {
    "internal": {
      "motive": [
        "Financial"
      ],
      "notes": "",
      "variety": [
        "Cashier"
      ]
    }
  },
  "asset": {
    "assets": [
      {
        "variety": "M - Payment card"
      }
    ],
    "notes": ""
  },
  "attribute": {
    "confidentiality": {
      "data": [
        {
          "amount": 3,
          "variety": "Payment"
        }
      ],
      "data_disclosure": "Yes",
      "data_total": 3,
      "notes": "",
      "state": [
        "Unknown"
      ]
    }
  },
  "discovery_method": "Unknown",
  "impact": {
    "overall_rating": "Unknown"
  },
  "incident_id": "4848314F-7E84-4405-8F51-D47D896C7FA1",
  "notes": "",
  "plus": {
    "analysis_status": "First pass",
    "analyst": "Splitler",
    "asset": {
      "total": "No"
    },
    "attribute": {
      "confidentiality": {
        "credit_monitoring": "U",
        "data_abuse": "Y",
        "data_subject": ""
      }
    },
    "created": "2013-08-07T18:36:56Z",
    "f500": "N",
    "master_id": "4848314F-7E84-4405-8F51-D47D896C7FA1",
    "timeline": {
      "notification": {
        "day": 10,
        "month": 6,
        "year": 2013
      }
    }
  },
  "reference": "http://westport.patch.com/groups/police-and-fire/p/woman-charged-with-identity-theft-in-westport",
  "schema_version": "1.2.1",
  "security_incident": "Confirmed",
  "source_id": "vcdb",
  "summary": "Food server collected credit card information from customers and created counterfeit cards used to initiate fraudulent transactions. ",
  "timeline": {
    "compromise": {
      "unit": "Seconds"
    },
    "containment": {
      "unit": "Unknown"
    },
    "discovery": {
      "unit": "Unknown"
    },
    "exfiltration": {
      "unit": "Seconds"
    },
    "incident": {
      "year": 2008
    }
  },
  "victim": {
    "country": "US",
    "employee_count": "11 to 100",
    "industry": "722",
    "notes": "Name of restaurant not disclosed.",
    "state": "CT",
    "victim_id": ""
  }
}