{
  "action": {
    "physical": {
      "location": [
        "Partner facility"
      ],
      "notes": "",
      "variety": [
        "Theft"
      ],
      "vector": [
        "Bypassed controls"
      ]
    }
  },
  "actor": {
    "external": {
      "country": [
        "US"
      ],
      "motive": [
        "Financial"
      ],
      "notes": "",
      "variety": [
        "Unknown"
      ]
    }
  },
  "asset": {
    "assets": [
      {
        "variety": "U - Laptop"
      }
    ],
    "hosting": "External",
    "management": "External",
    "notes": ""
  },
  "attribute": {
    "availability": {
      "variety": [
        "Loss"
      ]
    },
    "confidentiality": {
      "data": [
        {
          "variety": "Personal"
        }
      ],
      "data_disclosure": "Potentially",
      "notes": "",
      "state": [
        "Stored unencrypted"
      ]
    }
  },
  "discovery_method": "Int - reported by user",
  "impact": {
    "overall_rating": "Unknown"
  },
  "incident_id": "48AFB7A4-19C3-4037-82BE-FB79F9EFE879",
  "notes": "",
  "plus": {
    "analysis_status": "First pass",
    "analyst": "swidup",
    "asset": {
      "total": "No"
    },
    "attribute": {
      "confidentiality": {
        "credit_monitoring": "Y",
        "data_abuse": "U",
        "data_subject": "Partner"
      }
    },
    "created": "2013-02-06T03:56:13Z",
    "f500": "N",
    "master_id": "48AFB7A4-19C3-4037-82BE-FB79F9EFE879",
    "timeline": {
      "notification": {
        "day": 26,
        "month": 7,
        "year": 2012
      }
    }
  },
  "reference": "http://oag.ca.gov/system/files/Experian%20Final%20Proof%20-%20Base%20Version_0.pdf?, http://doj.nh.gov/consumer/security-breaches/documents/petco-20120726.pdf ",
  "schema_version": "1.2.1",
  "security_incident": "Confirmed",
  "source_id": "vcdb",
  "summary": "On Tuesday, July 3, 2012, the outside auditor of Petco's 401(d) plan informed us that five laptop computers had been stolen from their offices during the weekend of May 18-20, 2012. We are seeking an explanation from the outside auditor\u2019s office for the lapse of time in informing Petco of this incident. In the meantime. we are writing to you because the outside auditor also informed us that the stolen laptops may have contained certain personal information, including name and Social Security number, of all associates who were issued a Petco paycheck in 2010 as well as associates who had a 401(k) account and received a distribution, or had a fee deducted from their account, in 2011.",
  "timeline": {
    "incident": {
      "day": 18,
      "month": 5,
      "year": 2012
    }
  },
  "victim": {
    "country": "US",
    "employee_count": "10001 to 25000",
    "industry": "453910",
    "notes": "",
    "revenue": {
      "amount": 2800000000,
      "iso_currency_code": "USD"
    },
    "state": "CA",
    "victim_id": "Petco Animal Supplies"
  }
}