{
  "action": {
    "hacking": {
      "cve": "",
      "notes": "",
      "variety": [
        "Unknown"
      ],
      "vector": [
        "Other"
      ]
    }
  },
  "actor": {
    "external": {
      "country": [
        "US"
      ],
      "motive": [
        "Financial"
      ],
      "notes": "",
      "variety": [
        "Former employee"
      ]
    }
  },
  "asset": {
    "assets": [
      {
        "variety": "S - Mail"
      }
    ],
    "notes": ""
  },
  "attribute": {
    "confidentiality": {
      "data": [
        {
          "variety": "Internal"
        }
      ],
      "data_disclosure": "Yes",
      "notes": "",
      "state": [
        "Stored"
      ]
    }
  },
  "discovery_method": "Unknown",
  "impact": {
    "overall_rating": "Unknown"
  },
  "incident_id": "48D6884D-5008-437C-B304-C089890A903A",
  "notes": "",
  "plus": {
    "analysis_status": "First pass",
    "analyst": "swidup",
    "asset": {
      "total": "No"
    },
    "attribute": {
      "confidentiality": {
        "credit_monitoring": "U",
        "data_abuse": "Y",
        "data_subject": "Other"
      }
    },
    "created": "2013-07-02T16:34:58Z",
    "f500": "N",
    "master_id": "48D6884D-5008-437C-B304-C089890A903A",
    "timeline": {
      "notification": {
        "day": 4,
        "month": 3,
        "year": 2013
      }
    }
  },
  "reference": "http://news.softpedia.com/news/61-Year-Old-From-Texas-Convicted-For-Hacking-into-Former-Employer-s-Network-334276.shtml",
  "schema_version": "1.2.1",
  "security_incident": "Confirmed",
  "source_id": "vcdb",
  "summary": "Michael Musacchio, a 61-year-old man from Plano, Texas, was convicted by a federal jury for conspiring to hack into the computer networks of his former employer.  According to the US Department of Justice, between 2002 and 2004, Musacchio was the president of a third-party logistics company called Exel Transportation Services.  In 2004, the man left the firm and founded a competing company, Total Transportation Services.  Between 2004 and 2006, Musacchio and two other Exel employees that joined him at Total hacked into the email accounts of their former employer in an effort to obtain proprietary business information which they used for their own benefit.  Musacchio, found guilty of one felony count of conspiracy to make unauthorized access to a protected computer and two substantive felony counts of hacking, will be sentenced on June 14.  His accomplices, Joseph Roy Brown and John Michael Kelly, who have already pleaded guilty to the charges brought against them, will also be sentenced in the upcoming period.",
  "timeline": {
    "incident": {
      "year": 2006
    }
  },
  "victim": {
    "country": "US",
    "employee_count": "1 to 10",
    "industry": "488510",
    "notes": "",
    "revenue": {
      "amount": 270000,
      "iso_currency_code": "USD"
    },
    "state": "GA",
    "victim_id": "Exel Transportation Services"
  }
}