{
  "action": {
    "hacking": {
      "notes": "",
      "variety": [
        "Unknown"
      ],
      "vector": [
        "Web application"
      ]
    }
  },
  "actor": {
    "external": {
      "country": [
        "Unknown"
      ],
      "motive": [
        "Financial"
      ],
      "variety": [
        "Unknown"
      ]
    }
  },
  "asset": {
    "assets": [
      {
        "variety": "S - Web application"
      }
    ]
  },
  "attribute": {
    "confidentiality": {
      "data": [
        {
          "variety": "Payment"
        },
        {
          "variety": "Personal"
        }
      ],
      "data_disclosure": "Yes",
      "notes": "",
      "state": [
        "Stored unencrypted"
      ]
    }
  },
  "discovery_method": "Unknown",
  "impact": {
    "overall_rating": "Unknown"
  },
  "incident_id": "496B958F-15F3-4C4E-A0A1-87D2F879C71C",
  "notes": "",
  "plus": {
    "analysis_status": "First pass",
    "analyst": "swidup",
    "asset": {
      "total": "No"
    },
    "attribute": {
      "confidentiality": {
        "credit_monitoring": "U",
        "data_abuse": "Y",
        "data_subject": "Customer"
      }
    },
    "created": "2013-02-12T05:33:06Z",
    "f500": "N",
    "master_id": "496B958F-15F3-4C4E-A0A1-87D2F879C71C",
    "timeline": {
      "notification": {
        "day": 25,
        "month": 1,
        "year": 2012
      }
    }
  },
  "reference": "http://blog.al.com/breaking/2012/01/tide_fans_ordering_from_bamast.html",
  "schema_version": "1.2.1",
  "security_incident": "Confirmed",
  "source_id": "vcdb",
  "summary": "University of Alabama fans who bought items from Bamastuff.com between Aug. 1, 2009, and Jan. 16, 2012, are being alerted to contact their banks for possible illegal and unauthorized use of their credit cards.  Bamastuff.com has sent out email notifications informing customers about a breach in its database, which was discovered this week by the company's IT director, David H. Jones.  In his email, Jones says information including customers' names, email addresses, billing and shipping addresses, telephone numbers, credit card information and/or a cryptographically scrambled passwords (not the actual password) could have been stolen.",
  "timeline": {
    "incident": {
      "year": 2012
    }
  },
  "victim": {
    "country": "US",
    "employee_count": "11 to 100",
    "industry": "451211",
    "notes": "",
    "revenue": {
      "amount": 280000,
      "iso_currency_code": "USD"
    },
    "state": "AL",
    "victim_id": "Bamastuff.com"
  }
}