{
  "action": {
    "hacking": {
      "notes": "",
      "variety": [
        "Unknown"
      ],
      "vector": [
        "Web application"
      ]
    }
  },
  "actor": {
    "external": {
      "country": [
        "Unknown"
      ],
      "motive": [
        "Ideology"
      ],
      "variety": [
        "Activist"
      ]
    }
  },
  "asset": {
    "assets": [
      {
        "variety": "S - Database"
      }
    ]
  },
  "attribute": {
    "confidentiality": {
      "data": [
        {
          "amount": 322,
          "variety": "Credentials"
        },
        {
          "amount": 322,
          "variety": "Personal"
        }
      ],
      "data_disclosure": "Yes",
      "data_total": 322,
      "notes": "",
      "state": [
        "Stored unencrypted"
      ]
    }
  },
  "discovery_method": "Ext - actor disclosure",
  "impact": {
    "loss": [
      {
        "rating": "Unknown",
        "variety": "Asset and fraud"
      },
      {
        "rating": "Unknown",
        "variety": "Brand damage"
      },
      {
        "rating": "Unknown",
        "variety": "Business disruption"
      },
      {
        "rating": "Unknown",
        "variety": "Operating costs"
      },
      {
        "rating": "Unknown",
        "variety": "Legal and regulatory"
      },
      {
        "rating": "Unknown",
        "variety": "Competitive advantage"
      },
      {
        "rating": "Unknown",
        "variety": "Response and recovery"
      }
    ],
    "overall_rating": "Unknown"
  },
  "incident_id": "49A807C5-9600-45C0-B3EF-354DD9CA920E",
  "notes": "",
  "plus": {
    "analysis_status": "First pass",
    "analyst": "blackfist",
    "asset": {
      "total": "No"
    },
    "attribute": {
      "confidentiality": {
        "credit_monitoring": "N",
        "data_abuse": "Y",
        "data_subject": "Customer"
      }
    },
    "created": "2013-02-15T17:53:00Z",
    "f500": "N",
    "master_id": "49A807C5-9600-45C0-B3EF-354DD9CA920E",
    "timeline": {
      "notification": {
        "day": 25,
        "month": 3,
        "year": 2012
      }
    }
  },
  "reference": "http://pastebin.com/kCAbE5BQ (20130215)",
  "schema_version": "1.2.1",
  "security_incident": "Confirmed",
  "source_id": "vcdb",
  "summary": "website hacked, database contents posted to Internet",
  "timeline": {
    "compromise": {
      "unit": "Unknown"
    },
    "containment": {
      "unit": "Unknown"
    },
    "discovery": {
      "unit": "Unknown"
    },
    "exfiltration": {
      "unit": "Unknown"
    },
    "incident": {
      "year": 2012
    }
  },
  "victim": {
    "country": "SD",
    "employee_count": "Unknown",
    "industry": "51913",
    "notes": "",
    "victim_id": "almshaheer.com"
  }
}