{
  "action": {},
  "actor": {
    "internal": {
      "motive": [
        "Financial"
      ],
      "variety": [
        "Unknown"
      ]
    }
  },
  "asset": {
    "assets": [
      {
        "variety": "S - Database"
      }
    ]
  },
  "attribute": {
    "confidentiality": {
      "data": [
        {
          "variety": "Personal"
        },
        {
          "variety": "Medical"
        }
      ],
      "data_disclosure": "Yes",
      "data_total": 9000
    }
  },
  "discovery_method": "Unknown",
  "incident_id": "4A0E2D60-5CD7-4E88-B364-19351B7538D2",
  "plus": {
    "analysis_status": "First pass",
    "created": "2013-09-10T20:13:32Z",
    "master_id": "4A0E2D60-5CD7-4E88-B364-19351B7538D2",
    "timeline": {
      "notification": {
        "day": 21,
        "month": 6,
        "year": 2013
      }
    }
  },
  "reference": "http://www.healthdatamanagement.com/news/breach-notification-hipaa-privacy-security-46299-1.html, http://healthitsecurity.com/2013/06/21/north-lincoln-community-health-reports-data-breach/",
  "schema_version": "1.2.1",
  "security_incident": "Confirmed",
  "source_id": "vcdb",
  "summary": "Sight and Sun learned of a patient privacy breach on May 17.  Patient names, Social Security numbers, addresses, medical record numbers, and other personal information may have been exposed.  An employee accessed and copied patients' electronic medical records without legitimate purpose.UDPATE (06/26/2013): A total of 9,000 patients were affected.  It appears that the records were accessed to target patients for other medical service offerings.",
  "timeline": {
    "incident": {
      "day": 17,
      "month": 5,
      "year": 2013
    }
  },
  "victim": {
    "country": "US",
    "employee_count": "Unknown",
    "industry": "621",
    "state": "FL",
    "victim_id": "Gulf Breeze Family Eyecare (Sight and Sun Eyeworks Gulf Breeze)"
  }
}