{
  "action": {
    "error": {
      "variety": [
        "Disposal error"
      ],
      "vector": [
        "Unknown"
      ]
    }
  },
  "actor": {
    "internal": {
      "motive": [
        "NA"
      ],
      "variety": [
        "Unknown"
      ]
    }
  },
  "asset": {
    "assets": [
      {
        "variety": "M - Documents"
      }
    ]
  },
  "attribute": {
    "confidentiality": {
      "data": [
        {
          "amount": 6372,
          "variety": "Payment"
        },
        {
          "amount": 6372,
          "variety": "Medical"
        }
      ],
      "data_disclosure": "Potentially",
      "data_total": 6372
    }
  },
  "discovery_method": "Unknown",
  "impact": {
    "overall_rating": "Unknown"
  },
  "incident_id": "4A35D1FF-E685-4ED9-852F-83D53FB099D0",
  "plus": {
    "analysis_status": "First pass",
    "created": "2013-04-12T22:29:56Z",
    "master_id": "4A35D1FF-E685-4ED9-852F-83D53FB099D0",
    "timeline": {
      "notification": {}
    }
  },
  "schema_version": "1.2.1",
  "security_incident": "Confirmed",
  "source_id": "vcdb",
  "timeline": {
    "discovery": {
      "unit": "Months",
      "value": 4
    },
    "incident": {
      "day": 29,
      "month": 7,
      "year": 2010
    }
  },
  "victim": {
    "country": "US",
    "employee_count": "25001 to 50000",
    "industry": "524114",
    "state": "Ct",
    "victim_id": "Aetna"
  }
}