{
  "action": {
    "error": {
      "notes": " [through ]",
      "variety": [
        "Publishing error"
      ],
      "vector": [
        "Unknown"
      ]
    }
  },
  "actor": {
    "internal": {
      "motive": [
        "NA"
      ],
      "variety": [
        "Developer"
      ]
    }
  },
  "asset": {
    "assets": [
      {
        "variety": "S - Web application"
      }
    ]
  },
  "attribute": {
    "confidentiality": {
      "data": [
        {
          "variety": "Personal"
        }
      ],
      "data_disclosure": "Yes",
      "notes": "",
      "state": [
        "Transmitted unencrypted"
      ]
    }
  },
  "discovery_method": "Unknown",
  "impact": {
    "overall_rating": "Unknown"
  },
  "incident_id": "4A5D8DD7-F411-4580-A9FF-023CFA93AFD4",
  "notes": "",
  "plus": {
    "analysis_status": "First pass",
    "analyst": "swidup",
    "asset": {
      "total": "No"
    },
    "attribute": {
      "confidentiality": {
        "credit_monitoring": "U",
        "data_abuse": "U",
        "data_subject": "Customer"
      }
    },
    "created": "2013-08-25T21:59:04Z",
    "f500": "U",
    "master_id": "4A5D8DD7-F411-4580-A9FF-023CFA93AFD4",
    "timeline": {
      "notification": {
        "day": 24,
        "month": 7,
        "year": 2013
      }
    }
  },
  "reference": "http://qz.com/107739/tinders-privacy-breach-lasted-much-longer-than-the-company-claimed/",
  "schema_version": "1.2.1",
  "security_incident": "Confirmed",
  "source_id": "vcdb",
  "summary": "Mobile dating app Tinder appears to have exposed the physical location of its users for much longer than a \u201cfew hours,\u201d as the company\u2019s chief executive claimed. New evidence suggests the privacy breach dated back at least two weeks. +  Quartz reported yesterday that the data files sent from Tinder\u2019s servers to its apps had been revealing sensitive information about users, including their last known location and Facebook ID. Reaction to the piece centered on the fact that Tinder hasn\u2019t disclosed the issue to its users. CEO Sean Rad said one reason they haven\u2019t is that the breach didn\u2019t last very long: \u201dAn engineer basically found a hole that was there for like an hour,\u201d he said in an interview yesterday. +  But that wasn\u2019t the first time the issue reared its head. Interviews with several people who have worked with Tinder\u2019s API, which is how the company\u2019s servers communicate with its apps, extend the timeline of the privacy breach considerably. Exactly when the issue began and at what points it remained a problem are still unclear. The company won\u2019t provide details on the timing. +  Rad hasn\u2019t returned emails and phone calls seeking comment today. Justine Sacco, a spokeswoman for IAC, which owns Tinder, acknowledged the earlier breach but said it was fixed quickly, which isn\u2019t supported by Quartz\u2019s reporting. In a statement today, Sacco said: +      On two different occasions, we became aware that our API was returning information that it should not have been. In both occasions, we promptly addressed and fixed the glitch. With respect to location data, we do not store the current location of a Tinder user but rather a vague/inaccurate point in space. We are extremely committed to upholding the highest standards of privacy and will continue to take all necessary steps to ensure our users\u2019 data is protected from internal and external sources.     +  Tinder informed on July 8  Mike Soares, an engineer in San Francisco, says he discovered the issue on July 8 and immediately informed the company in an email to help@gotinder.com. The subject line was, \u201cPrivacy Hole With Your App,\u201d and it detailed how Tinder\u2019s API was returning more information than necessary, including the location and Facebook data. +  Tinder needs to record each user\u2019s last known location in order to suggest other people within a certain distance. But no one is supposed to see a user\u2019s exact location, a privacy violation that could be considered especially egregious because Tinder is used to find people to hook up with. An introductory screen when first signing up for Tinder assures, \u201cYour location will never be shown to other users.\u201d ",
  "timeline": {
    "incident": {
      "year": 2013
    }
  },
  "victim": {
    "country": "US",
    "employee_count": "Unknown",
    "industry": "0000",
    "notes": "",
    "state": "NY",
    "victim_id": "Tinder"
  }
}